,CL=F,GC=F,HG=F,XLI,XLU,^GSPC,DGS2,DGS5,DGS10,T10Y2Y,T10YIE
2015-01-01,,,,,,,,,,,
2015-01-02,52.689998626708984,1186.0,2.8385000228881836,46.09798049926758,16.40650749206543,2058.199951171875,0.66,1.61,2.12,1.46,1.71
2015-01-05,50.040000915527344,1203.9000244140625,2.7929999828338623,45.02119445800781,16.205921173095703,2020.5799560546875,0.68,1.57,2.04,1.36,1.64
2015-01-06,47.93000030517578,1219.300048828125,2.803999900817871,44.46648406982422,16.216299057006836,2002.6099853515625,0.65,1.5,1.97,1.32,1.56
2015-01-07,48.650001525878906,1210.5999755859375,2.7960000038146973,44.80094528198242,16.375385284423828,2025.9000244140625,0.62,1.47,1.96,1.34,1.57
2015-01-08,48.790000915527344,1208.4000244140625,2.806999921798706,45.698265075683594,16.489503860473633,2062.139892578125,0.62,1.5,2.03,1.41,1.62
2015-01-09,48.36000061035156,1216.0,2.7904999256134033,45.20882034301758,16.38575553894043,2044.81005859375,0.59,1.45,1.98,1.39,1.62
2015-01-12,46.06999969482422,1232.699951171875,2.763000011444092,44.898841857910156,16.34770965576172,2028.260009765625,0.56,1.39,1.92,1.36,1.57
2015-01-13,45.88999938964844,1234.300048828125,2.678999900817871,44.80909729003906,16.392671585083008,2023.030029296875,0.54,1.37,1.91,1.37,1.54
2015-01-14,48.47999954223633,1234.4000244140625,2.552999973297119,44.564369201660156,16.534469604492188,2011.27001953125,0.51,1.33,1.86,1.35,1.57
2015-01-15,46.25,1264.699951171875,2.6110000610351562,44.35226821899414,16.665884017944336,1992.6700439453125,0.44,1.22,1.77,1.33,1.58
2015-01-16,48.689998626708984,1276.9000244140625,2.6540000438690186,44.64595031738281,16.814594268798828,2019.4200439453125,0.49,1.29,1.83,1.34,1.6
2015-01-19,48.689998626708984,1276.9000244140625,2.6540000438690186,44.64595031738281,16.814594268798828,2019.4200439453125,0.49,1.29,1.83,1.34,1.6
2015-01-20,46.38999938964844,1294.199951171875,2.615499973297119,44.964088439941406,16.85610008239746,2022.550048828125,0.53,1.31,1.82,1.29,1.59
2015-01-21,47.779998779296875,1293.699951171875,2.615000009536743,45.331180572509766,17.01864242553711,2032.1199951171875,0.53,1.35,1.87,1.34,1.61
2015-01-22,46.310001373291016,1300.699951171875,2.6005001068115234,46.057186126708984,16.946012496948242,2063.14990234375,0.53,1.39,1.9,1.37,1.61
2015-01-23,45.59000015258789,1292.5999755859375,2.5374999046325684,45.673805236816406,16.99443244934082,2051.820068359375,0.52,1.33,1.81,1.29,1.6
2015-01-26,45.150001525878906,1279.4000244140625,2.573499917984009,45.73090362548828,16.98405647277832,2057.090087890625,0.54,1.36,1.83,1.29,1.61
2015-01-27,46.22999954223633,1291.699951171875,2.5134999752044678,45.12724304199219,17.008270263671875,2029.550048828125,0.54,1.34,1.83,1.29,1.66
2015-01-28,44.45000076293945,1285.9000244140625,2.5215001106262207,44.73569107055664,16.863008499145508,2002.1600341796875,0.5,1.25,1.73,1.23,1.61
2015-01-29,44.529998779296875,1254.5999755859375,2.4704999923706055,45.24960708618164,17.087812423706055,2021.25,0.51,1.28,1.77,1.26,1.62
2015-01-30,48.2400016784668,1278.5,2.5280001163482666,44.51543045043945,16.71084976196289,1994.989990234375,0.47,1.18,1.68,1.21,1.65
2015-02-02,49.56999969482422,1276.199951171875,2.510999917984009,45.17619705200195,16.783464431762695,2020.8499755859375,0.49,1.19,1.68,1.19,1.65
2015-02-03,53.04999923706055,1259.699951171875,2.5999999046325684,45.91035079956055,16.845718383789062,2050.030029296875,0.52,1.28,1.79,1.27,1.7
2015-02-04,48.45000076293945,1263.800048828125,2.611999988555908,45.55958938598633,16.64167594909668,2041.510009765625,0.52,1.29,1.81,1.29,1.71
2015-02-05,50.47999954223633,1262.0,2.611999988555908,45.95116424560547,16.793846130371094,2062.52001953125,0.52,1.3,1.83,1.31,1.7
2015-02-06,51.689998626708984,1233.9000244140625,2.6029999256134033,45.84511184692383,16.102170944213867,2055.469970703125,0.65,1.48,1.95,1.3,1.71
2015-02-09,52.86000061035156,1240.800048828125,2.5989999771118164,45.722747802734375,15.96037769317627,2046.739990234375,0.65,1.49,1.96,1.31,1.71
2015-02-10,50.02000045776367,1231.5999755859375,2.5625,45.97562026977539,16.28892707824707,2068.590087890625,0.67,1.52,2.01,1.34,1.7
2015-02-11,48.84000015258789,1219.0,2.552500009536743,45.99192810058594,15.93616771697998,2068.530029296875,0.67,1.53,2.0,1.33,1.68
2015-02-12,51.209999084472656,1220.0999755859375,2.6089999675750732,46.424285888671875,15.863541603088379,2088.47998046875,0.61,1.5,1.99,1.38,1.66
2015-02-13,52.779998779296875,1226.5,2.6135001182556152,46.6363639831543,15.621458053588867,2096.989990234375,0.66,1.53,2.02,1.36,1.68
2015-02-16,52.779998779296875,1226.5,2.6135001182556152,46.6363639831543,15.621458053588867,2096.989990234375,0.66,1.53,2.02,1.36,1.68
2015-02-17,53.529998779296875,1208.0999755859375,2.5945000648498535,46.70164489746094,15.607625961303711,2100.340087890625,0.7,1.62,2.14,1.44,1.71
2015-02-18,52.13999938964844,1199.699951171875,2.6394999027252197,46.962677001953125,15.977672576904297,2099.679931640625,0.62,1.52,2.07,1.45,1.71
2015-02-19,51.15999984741211,1207.0999755859375,2.6414999961853027,47.04425811767578,15.797839164733887,2097.449951171875,0.67,1.58,2.11,1.44,1.74
2015-02-20,50.34000015258789,1204.4000244140625,2.6105000972747803,47.4439582824707,15.801290512084961,2110.300048828125,0.67,1.61,2.13,1.46,1.75
2015-02-23,49.45000076293945,1200.300048828125,2.6394999027252197,47.24004364013672,15.908503532409668,2109.659912109375,0.64,1.56,2.06,1.42,1.72
2015-02-24,49.279998779296875,1196.9000244140625,2.7114999294281006,47.42766571044922,16.02608299255371,2115.47998046875,0.6,1.47,1.99,1.39,1.72
2015-02-25,50.9900016784668,1201.0,2.7074999809265137,47.329769134521484,15.763251304626465,2113.860107421875,0.61,1.47,1.96,1.35,1.72
2015-02-26,48.16999816894531,1209.5999755859375,2.7139999866485596,47.117679595947266,15.659494400024414,2110.739990234375,0.66,1.54,2.03,1.37,1.79
2015-02-27,49.7599983215332,1212.5999755859375,2.7160000801086426,46.89740753173828,15.642204284667969,2104.5,0.63,1.5,2.0,1.37,1.83
2015-03-02,49.59000015258789,1207.699951171875,2.7109999656677246,47.329769134521484,15.341328620910645,2117.389892578125,0.66,1.57,2.08,1.42,1.83
2015-03-03,50.52000045776367,1204.0,2.6735000610351562,47.02793502807617,15.434707641601562,2107.780029296875,0.68,1.61,2.12,1.44,1.86
2015-03-04,51.529998779296875,1200.5999755859375,2.677000045776367,46.660858154296875,15.348241806030273,2098.530029296875,0.66,1.6,2.12,1.46,1.87
2015-03-05,50.7599983215332,1195.9000244140625,2.671999931335449,46.69348907470703,15.469285011291504,2101.0400390625,0.65,1.57,2.11,1.46,1.84
2015-03-06,49.61000061035156,1164.0999755859375,2.628999948501587,46.057186126708984,15.005867958068848,2071.260009765625,0.73,1.7,2.24,1.51,1.83
2015-03-09,50.0,1166.4000244140625,2.687000036239624,46.489559173583984,15.03353214263916,2079.429931640625,0.7,1.66,2.2,1.5,1.76
2015-03-10,48.290000915527344,1160.0999755859375,2.634999990463257,45.63300323486328,15.005867958068848,2044.1600341796875,0.7,1.62,2.14,1.44,1.73
2015-03-11,48.16999816894531,1150.699951171875,2.622499942779541,45.58406066894531,14.909037590026855,2040.239990234375,0.7,1.6,2.11,1.41,1.72
2015-03-12,47.04999923706055,1152.0999755859375,2.674499988555908,46.17139434814453,15.192621231079102,2065.949951171875,0.67,1.59,2.1,1.43,1.71
2015-03-13,44.84000015258789,1152.5999755859375,2.678499937057495,45.747215270996094,15.036995887756348,2053.39990234375,0.68,1.6,2.13,1.45,1.69
2015-03-16,43.880001068115234,1153.300048828125,2.677500009536743,46.50586700439453,15.29636287689209,2081.18994140625,0.66,1.57,2.1,1.44,1.65
2015-03-17,43.459999084472656,1148.300048828125,2.6414999961853027,46.3182373046875,15.272163391113281,2074.280029296875,0.7,1.56,2.06,1.36,1.64
2015-03-18,44.65999984741211,1151.4000244140625,2.5869998931884766,46.86480712890625,15.68370532989502,2099.5,0.57,1.41,1.93,1.36,1.7
2015-03-19,43.959999084472656,1169.0999755859375,2.674499988555908,46.546661376953125,15.538455963134766,2089.27001953125,0.63,1.48,1.98,1.35,1.79
2015-03-20,45.720001220703125,1184.800048828125,2.7750000953674316,46.80970001220703,15.678232192993164,2108.10009765625,0.6,1.42,1.93,1.33,1.76
2015-03-23,47.45000076293945,1188.0,2.808000087738037,46.416351318359375,15.688685417175293,2104.419921875,0.6,1.41,1.92,1.32,1.75
2015-03-24,47.5099983215332,1191.699951171875,2.815000057220459,46.26063537597656,15.514408111572266,2091.5,0.58,1.37,1.88,1.3,1.77
2015-03-25,49.209999084472656,1197.300048828125,2.805000066757202,45.473915100097656,15.333152770996094,2061.050048828125,0.59,1.41,1.93,1.34,1.81
2015-03-26,51.43000030517578,1205.0999755859375,2.821500062942505,45.35099411010742,15.204184532165527,2056.14990234375,0.61,1.47,2.01,1.4,1.8
2015-03-27,48.869998931884766,1199.800048828125,2.7750000953674316,45.523094177246094,15.294808387756348,2061.02001953125,0.58,1.42,1.95,1.37,1.76
2015-03-30,48.68000030517578,1184.800048828125,2.7874999046325684,46.16230773925781,15.483031272888184,2086.239990234375,0.58,1.41,1.96,1.38,1.73
2015-03-31,47.599998474121094,1183.0999755859375,2.746999979019165,45.703392028808594,15.486520767211914,2067.889892578125,0.56,1.37,1.94,1.38,1.76
2015-04-01,50.09000015258789,1208.0999755859375,2.756500005722046,45.400169372558594,15.500462532043457,2059.68994140625,0.55,1.32,1.87,1.32,1.8
2015-04-02,49.13999938964844,1200.9000244140625,2.747999906539917,45.42475128173828,15.52834415435791,2066.9599609375,0.55,1.35,1.92,1.37,1.81
2015-04-03,49.13999938964844,1200.9000244140625,2.747999906539917,45.42475128173828,15.52834415435791,2066.9599609375,0.49,1.26,1.85,1.36,1.83
2015-04-06,52.13999938964844,1218.5999755859375,2.7320001125335693,45.76894760131836,15.744451522827148,2080.6201171875,0.51,1.31,1.92,1.41,1.85
2015-04-07,53.97999954223633,1210.5999755859375,2.7769999504089355,45.662410736083984,15.56320571899414,2076.330078125,0.52,1.32,1.89,1.37,1.85
2015-04-08,50.41999816894531,1203.0999755859375,2.748500108718872,45.818111419677734,15.51789379119873,2081.89990234375,0.54,1.35,1.92,1.38,1.84
2015-04-09,50.790000915527344,1193.5999755859375,2.744999885559082,46.039390563964844,15.451666831970215,2091.179931640625,0.56,1.4,1.97,1.41,1.84
2015-04-10,51.63999938964844,1204.5999755859375,2.750499963760376,46.686798095703125,15.56668758392334,2102.06005859375,0.57,1.41,1.96,1.39,1.82
2015-04-13,51.90999984741211,1199.300048828125,2.736999988555908,46.2442626953125,15.413322448730469,2092.429931640625,0.54,1.38,1.94,1.4,1.8
2015-04-14,53.290000915527344,1192.800048828125,2.7195000648498535,46.30160903930664,15.490010261535645,2095.840087890625,0.53,1.34,1.9,1.37,1.8
2015-04-15,56.38999938964844,1201.5,2.7295000553131104,46.38356018066406,15.52834415435791,2106.6298828125,0.51,1.33,1.91,1.4,1.84
2015-04-16,56.709999084472656,1198.0,2.7855000495910645,46.28522872924805,15.427265167236328,2104.989990234375,0.5,1.31,1.9,1.4,1.85
2015-04-17,55.7400016784668,1202.9000244140625,2.7834999561309814,45.72795486450195,15.371495246887207,2081.179931640625,0.51,1.31,1.87,1.36,1.89
2015-04-20,56.380001068115234,1193.5,2.7355000972747803,46.26063537597656,15.60154914855957,2100.39990234375,0.55,1.33,1.9,1.35,1.89
2015-04-21,55.2599983215332,1202.9000244140625,2.7049999237060547,46.20327377319336,15.462118148803711,2097.2900390625,0.55,1.35,1.92,1.37,1.86
2015-04-22,56.15999984741211,1186.9000244140625,2.6695001125335693,46.399959564208984,15.493484497070312,2107.9599609375,0.57,1.41,1.99,1.42,1.87
2015-04-23,57.7400016784668,1194.4000244140625,2.697999954223633,46.35078048706055,15.580629348754883,2112.929931640625,0.55,1.37,1.96,1.41,1.89
2015-04-24,57.150001525878906,1175.199951171875,2.752000093460083,46.15410232543945,15.737483024597168,2117.68994140625,0.54,1.34,1.93,1.39,1.89
2015-04-27,56.9900016784668,1203.300048828125,2.7739999294281006,46.13771438598633,15.549262046813965,2108.919921875,0.54,1.36,1.94,1.4,1.91
2015-04-28,57.060001373291016,1214.0,2.7799999713897705,46.21967315673828,15.660799980163574,2114.760009765625,0.56,1.39,2.0,1.44,1.89
2015-04-29,58.58000183105469,1209.800048828125,2.7950000762939453,45.99020004272461,15.594574928283691,2106.85009765625,0.56,1.43,2.06,1.5,1.92
2015-04-30,59.630001068115234,1182.4000244140625,2.8864998817443848,45.58865737915039,15.413322448730469,2085.510009765625,0.58,1.43,2.05,1.47,1.94
2015-05-01,59.150001525878906,1174.5,2.93149995803833,46.16230773925781,15.500462532043457,2108.2900390625,0.6,1.5,2.12,1.52,1.94
2015-05-04,58.93000030517578,1186.800048828125,2.9240000247955322,46.23606491088867,15.615484237670898,2114.489990234375,0.6,1.51,2.16,1.56,1.92
2015-05-05,60.400001525878906,1193.199951171875,2.940000057220459,45.61323165893555,15.26693058013916,2089.4599609375,0.62,1.54,2.19,1.57,1.94
2015-05-06,60.93000030517578,1190.300048828125,2.932499885559082,45.58865737915039,15.183273315429688,2080.14990234375,0.65,1.58,2.25,1.6,1.91
2015-05-07,58.939998626708984,1182.4000244140625,2.9260001182556152,45.8262939453125,15.239039421081543,2088.0,0.63,1.55,2.18,1.55,1.88
2015-05-08,59.38999938964844,1189.0999755859375,2.930999994277954,46.367183685302734,15.347088813781738,2116.10009765625,0.59,1.5,2.16,1.57,1.88
2015-05-11,59.25,1183.199951171875,2.9175000190734863,46.326210021972656,15.24252986907959,2105.330078125,0.62,1.59,2.28,1.66,1.88
2015-05-12,60.75,1192.5999755859375,2.950500011444092,46.277042388916016,15.225101470947266,2099.1201171875,0.61,1.58,2.28,1.67,1.88
2015-05-13,60.5,1218.4000244140625,2.950000047683716,46.37537384033203,15.07522201538086,2098.47998046875,0.59,1.57,2.27,1.68,1.86
2015-05-14,59.880001068115234,1225.4000244140625,2.946000099182129,46.84248733520508,15.249499320983887,2121.10009765625,0.56,1.51,2.23,1.67,1.87
2015-05-15,59.689998626708984,1225.5,2.9489998817443848,46.801513671875,15.448177337646484,2122.72998046875,0.55,1.46,2.14,1.59,1.83
2015-05-18,59.43000030517578,1227.800048828125,2.930000066757202,46.89166259765625,15.507434844970703,2129.199951171875,0.58,1.54,2.23,1.65,1.86
2015-05-19,57.2599983215332,1206.9000244140625,2.8615000247955322,46.76052474975586,15.542289733886719,2127.830078125,0.63,1.6,2.27,1.64,1.85
2015-05-20,58.97999954223633,1208.9000244140625,2.8515000343322754,46.58843231201172,15.56668758392334,2125.85009765625,0.6,1.57,2.26,1.66,1.88
2015-05-21,60.720001220703125,1204.4000244140625,2.871000051498413,46.84248733520508,15.559720039367676,2130.820068359375,0.6,1.53,2.19,1.59,1.84
2015-05-22,59.720001220703125,1204.300048828125,2.8334999084472656,46.629417419433594,15.535313606262207,2126.06005859375,0.64,1.57,2.21,1.57,1.87
2015-05-25,59.720001220703125,1204.300048828125,2.8334999084472656,46.629417419433594,15.535313606262207,2126.06005859375,0.64,1.57,2.21,1.57,1.87
2015-05-26,58.029998779296875,1187.199951171875,2.8534998893737793,46.1213264465332,15.437722206115723,2104.199951171875,0.64,1.54,2.14,1.5,1.82
2015-05-27,57.5099983215332,1185.9000244140625,2.815999984741211,46.416351318359375,15.500462532043457,2123.47998046875,0.64,1.53,2.14,1.5,1.8
2015-05-28,57.68000030517578,1188.0999755859375,2.7929999828338623,46.195091247558594,15.535313606262207,2120.7900390625,0.62,1.51,2.13,1.51,1.8
2015-05-29,60.29999923706055,1189.4000244140625,2.759500026702881,45.736167907714844,15.510919570922852,2107.389892578125,0.61,1.49,2.12,1.51,1.8
2015-06-01,60.20000076293945,1188.300048828125,2.740999937057495,45.94104766845703,15.531834602355957,2111.72998046875,0.64,1.55,2.19,1.55,1.8
2015-06-02,61.2599983215332,1194.0999755859375,2.757999897003174,46.031185150146484,15.326189041137695,2109.60009765625,0.64,1.61,2.27,1.63,1.83
2015-06-03,59.63999938964844,1184.699951171875,2.750499963760376,46.26063537597656,15.099623680114746,2114.070068359375,0.69,1.69,2.38,1.69,1.83
2015-06-04,58.0,1174.9000244140625,2.7155001163482666,45.744361877441406,15.078706741333008,2095.840087890625,0.66,1.65,2.31,1.65,1.81
2015-06-05,59.130001068115234,1167.800048828125,2.7219998836517334,45.777137756347656,14.890484809875488,2092.830078125,0.73,1.75,2.41,1.68,1.86
2015-06-08,58.13999938964844,1173.199951171875,2.7160000801086426,45.4411506652832,14.80334186553955,2079.280029296875,0.7,1.72,2.39,1.69,1.85
2015-06-09,60.13999938964844,1177.300048828125,2.740499973297119,45.43294906616211,14.76848316192627,2080.14990234375,0.72,1.74,2.42,1.7,1.86
2015-06-10,61.43000030517578,1186.0999755859375,2.7715001106262207,45.88367462158203,14.841681480407715,2105.199951171875,0.75,1.8,2.5,1.75,1.87
2015-06-11,60.77000045776367,1179.9000244140625,2.693000078201294,46.14591598510742,14.960195541381836,2108.860107421875,0.73,1.74,2.39,1.66,1.83
2015-06-12,59.959999084472656,1178.800048828125,2.69950008392334,45.8754768371582,14.827743530273438,2094.110107421875,0.74,1.75,2.39,1.65,1.84
2015-06-15,59.52000045776367,1185.300048828125,2.6589999198913574,45.49030685424805,14.80334186553955,2084.429931640625,0.72,1.71,2.36,1.64,1.85
2015-06-16,59.970001220703125,1180.5,2.626499891281128,45.53129959106445,14.873055458068848,2096.2900390625,0.71,1.68,2.32,1.61,1.88
2015-06-17,59.91999816894531,1176.4000244140625,2.622999906539917,45.654205322265625,14.998540878295898,2100.43994140625,0.67,1.63,2.32,1.65,1.9
2015-06-18,60.45000076293945,1201.5,2.628499984741211,46.113136291503906,15.197213172912598,2121.239990234375,0.66,1.65,2.35,1.69,1.89
2015-06-19,59.61000061035156,1201.5,2.5920000076293945,45.889129638671875,15.05054759979248,2109.989990234375,0.65,1.59,2.26,1.61,1.86
2015-06-22,59.68000030517578,1183.699951171875,2.5880000591278076,46.169132232666016,15.029440879821777,2122.85009765625,0.68,1.68,2.37,1.69,1.9
2015-06-23,61.0099983215332,1176.199951171875,2.634000062942505,46.053836822509766,14.825438499450684,2124.199951171875,0.7,1.71,2.42,1.72,1.92
2015-06-24,60.27000045776367,1172.5999755859375,2.6465001106262207,45.62557601928711,14.70936393737793,2108.580078125,0.68,1.69,2.38,1.7,1.9
2015-06-25,59.70000076293945,1171.5,2.6454999446868896,45.27143859863281,14.610884666442871,2102.31005859375,0.68,1.7,2.4,1.72,1.91
2015-06-26,59.630001068115234,1172.9000244140625,2.6449999809265137,45.353797912597656,14.698812484741211,2101.489990234375,0.72,1.75,2.49,1.77,1.92
2015-06-29,58.33000183105469,1178.5,2.6384999752044678,44.49729537963867,14.621438026428223,2057.639892578125,0.64,1.62,2.33,1.69,1.87
2015-06-30,59.470001220703125,1171.5,2.623500108718872,44.521995544433594,14.582742691040039,2063.110107421875,0.64,1.63,2.35,1.71,1.87
2015-07-01,56.959999084472656,1169.0,2.635499954223633,44.744361877441406,14.670672416687012,2077.419921875,0.69,1.7,2.43,1.74,1.89
2015-07-02,56.93000030517578,1163.0,2.634500026702881,44.66202163696289,14.85357666015625,2076.780029296875,0.64,1.64,2.4,1.76,1.91
2015-07-03,56.93000030517578,1163.0,2.634500026702881,44.66202163696289,14.85357666015625,2076.780029296875,0.64,1.64,2.4,1.76,1.91
2015-07-06,52.529998779296875,1172.9000244140625,2.5429999828338623,44.48906326293945,14.913368225097656,2068.760009765625,0.6,1.56,2.3,1.7,1.87
2015-07-07,52.33000183105469,1152.4000244140625,2.4509999752044678,44.85141372680664,15.28268814086914,2081.340087890625,0.58,1.55,2.27,1.69,1.87
2015-07-08,51.650001525878906,1163.300048828125,2.503999948501587,44.04433059692383,15.20178508758545,2046.6800537109375,0.55,1.5,2.22,1.67,1.83
2015-07-09,52.779998779296875,1159.0,2.558000087738037,44.15140914916992,15.032959938049316,2051.31005859375,0.6,1.58,2.32,1.72,1.85
2015-07-10,52.7400016784668,1157.699951171875,2.5455000400543213,44.61259841918945,15.113852500915527,2076.6201171875,0.65,1.68,2.42,1.77,1.87
2015-07-13,52.20000076293945,1155.199951171875,2.555500030517578,45.106746673583984,15.120888710021973,2099.60009765625,0.69,1.71,2.44,1.75,1.86
2015-07-14,53.040000915527344,1153.300048828125,2.5445001125335693,45.23026657104492,15.099785804748535,2108.949951171875,0.66,1.67,2.41,1.75,1.85
2015-07-15,51.40999984741211,1147.199951171875,2.5304999351501465,45.04084014892578,15.173648834228516,2107.39990234375,0.64,1.63,2.36,1.72,1.84
2015-07-16,50.90999984741211,1143.800048828125,2.5315001010894775,45.24673843383789,15.398758888244629,2124.2900390625,0.67,1.66,2.36,1.69,1.84
2015-07-17,50.88999938964844,1131.800048828125,2.504499912261963,45.23026657104492,15.247514724731445,2126.639892578125,0.68,1.67,2.34,1.66,1.83
2015-07-20,50.150001525878906,1106.699951171875,2.4839999675750732,45.23851776123047,15.170132637023926,2128.280029296875,0.71,1.72,2.38,1.67,1.82
2015-07-21,50.36000061035156,1103.4000244140625,2.4774999618530273,44.752601623535156,15.032959938049316,2119.2099609375,0.71,1.69,2.35,1.64,1.82
2015-07-22,49.189998626708984,1091.4000244140625,2.43149995803833,44.5549430847168,15.099785804748535,2114.14990234375,0.75,1.69,2.33,1.58,1.8
2015-07-23,48.45000076293945,1094.0,2.385499954223633,44.14316940307617,14.874677658081055,2102.14990234375,0.71,1.65,2.28,1.57,1.79
2015-07-24,48.13999938964844,1085.5999755859375,2.381500005722046,43.56666946411133,14.888751029968262,2079.64990234375,0.7,1.64,2.27,1.57,1.76
2015-07-27,47.38999938964844,1096.5,2.3505001068115234,43.35253143310547,15.07868480682373,2067.639892578125,0.68,1.58,2.23,1.55,1.73
2015-07-28,47.97999954223633,1096.300048828125,2.4030001163482666,44.19257354736328,15.149023056030273,2093.25,0.69,1.61,2.26,1.57,1.75
2015-07-29,48.790000915527344,1092.699951171875,2.4079999923706055,44.73612594604492,15.205303192138672,2108.570068359375,0.7,1.62,2.29,1.59,1.77
2015-07-30,48.52000045776367,1088.4000244140625,2.381500005722046,44.694950103759766,15.31786060333252,2108.6298828125,0.72,1.62,2.28,1.56,1.77
2015-07-31,47.119998931884766,1094.9000244140625,2.367500066757202,44.65378189086914,15.472618103027344,2103.840087890625,0.67,1.54,2.2,1.53,1.74
2015-08-03,45.16999816894531,1089.4000244140625,2.3475000858306885,44.439640045166016,15.553520202636719,2098.0400390625,0.68,1.52,2.16,1.48,1.7
2015-08-04,45.7400016784668,1090.699951171875,2.365000009536743,44.414939880371094,15.303784370422363,2093.320068359375,0.74,1.6,2.23,1.49,1.71
2015-08-05,45.150001525878906,1085.699951171875,2.3529999256134033,44.66202163696289,15.342477798461914,2099.840087890625,0.73,1.65,2.28,1.55,1.7
2015-08-06,44.65999984741211,1090.199951171875,2.3480000495910645,44.43141174316406,15.423370361328125,2083.56005859375,0.71,1.62,2.23,1.52,1.67
2015-08-07,43.869998931884766,1094.0999755859375,2.3415000438690186,44.21728515625,15.613310813903809,2077.570068359375,0.73,1.59,2.18,1.45,1.66
2015-08-10,44.959999084472656,1104.199951171875,2.4075000286102295,45.08203125,15.55000114440918,2104.179931640625,0.73,1.62,2.24,1.51,1.69
2015-08-11,43.08000183105469,1107.5999755859375,2.3410000801086426,44.53024673461914,15.627378463745117,2084.070068359375,0.68,1.53,2.15,1.47,1.66
2015-08-12,43.29999923706055,1123.199951171875,2.3605000972747803,44.538475036621094,15.905252456665039,2086.050048828125,0.67,1.52,2.14,1.47,1.62
2015-08-13,42.22999954223633,1115.699951171875,2.365499973297119,44.50554275512695,15.90876293182373,2083.389892578125,0.72,1.58,2.19,1.47,1.62
2015-08-14,42.5,1112.9000244140625,2.364000082015991,44.78554153442383,16.02836036682129,2091.5400390625,0.73,1.61,2.2,1.47,1.62
2015-08-17,41.869998931884766,1118.5999755859375,2.3324999809265137,45.007911682128906,16.10573387145996,2102.43994140625,0.72,1.58,2.16,1.44,1.58
2015-08-18,42.619998931884766,1117.0999755859375,2.296999931335449,44.9255485534668,16.067045211791992,2096.919921875,0.74,1.6,2.2,1.46,1.58
2015-08-19,40.79999923706055,1128.0999755859375,2.2829999923706055,44.50554275512695,16.13387107849121,2079.610107421875,0.67,1.5,2.12,1.45,1.57
2015-08-20,41.13999938964844,1153.0,2.322999954223633,43.5831413269043,16.038904190063477,2035.72998046875,0.69,1.5,2.09,1.4,1.56
2015-08-21,40.45000076293945,1159.5999755859375,2.306999921798706,42.38072967529297,15.845457077026367,1970.8900146484375,0.64,1.44,2.05,1.41,1.53
2015-08-24,38.2400016784668,1153.4000244140625,2.2690000534057617,40.87360763549805,15.251029968261719,1893.2099609375,0.59,1.39,2.01,1.42,1.49
2015-08-25,39.310001373291016,1138.199951171875,2.322999954223633,40.338294982910156,14.783225059509277,1867.6099853515625,0.67,1.48,2.12,1.45,1.53
2015-08-26,38.599998474121094,1124.5999755859375,2.250999927520752,41.59834289550781,15.047025680541992,1940.510009765625,0.67,1.49,2.18,1.51,1.53
2015-08-27,42.560001373291016,1122.4000244140625,2.3340001106262207,42.60308837890625,15.222892761230469,1987.6600341796875,0.68,1.49,2.18,1.5,1.58
2015-08-28,45.220001220703125,1133.0999755859375,2.3464999198913574,42.61956787109375,15.177164077758789,1988.8699951171875,0.72,1.52,2.19,1.47,1.61
2015-08-31,49.20000076293945,1131.5999755859375,2.3380000591278076,42.24072265625,14.93447208404541,1972.1800537109375,0.74,1.54,2.21,1.47,1.63
2015-09-01,45.40999984741211,1138.699951171875,2.302500009536743,41.12068176269531,14.529988288879395,1913.8499755859375,0.7,1.49,2.17,1.47,1.57
2015-09-02,46.25,1132.5,2.3329999446868896,42.03483200073242,14.540536880493164,1948.8599853515625,0.72,1.52,2.2,1.48,1.56
2015-09-03,46.75,1123.699951171875,2.390000104904175,42.059532165527344,14.607366561889648,1951.1300048828125,0.71,1.49,2.18,1.47,1.54
2015-09-04,46.04999923706055,1120.5999755859375,2.319499969482422,41.47480773925781,14.406871795654297,1921.219970703125,0.71,1.47,2.13,1.42,1.51
2015-09-07,46.04999923706055,1120.5999755859375,2.319499969482422,41.47480773925781,14.406871795654297,1921.219970703125,0.71,1.47,2.13,1.42,1.51
2015-09-08,45.939998626708984,1120.4000244140625,2.438499927520752,42.61956787109375,14.71288776397705,1969.4100341796875,0.74,1.53,2.2,1.46,1.53
2015-09-09,44.150001525878906,1102.199951171875,2.442500114440918,42.16660690307617,14.529988288879395,1942.0400390625,0.75,1.53,2.21,1.46,1.56
2015-09-10,45.91999816894531,1109.5,2.4544999599456787,42.19129943847656,14.505362510681152,1952.2900390625,0.75,1.55,2.23,1.48,1.59
2015-09-11,44.630001068115234,1103.5,2.4619998931884766,42.42190170288086,14.614402770996094,1961.050048828125,0.71,1.52,2.2,1.49,1.59
2015-09-14,44.0,1107.699951171875,2.4140000343322754,42.207786560058594,14.649572372436523,1953.030029296875,0.73,1.51,2.18,1.45,1.56
2015-09-15,44.59000015258789,1102.800048828125,2.436000108718872,42.940757751464844,14.72695541381836,1978.0899658203125,0.82,1.61,2.28,1.46,1.56
2015-09-16,47.150001525878906,1119.199951171875,2.4614999294281006,43.25371551513672,14.874677658081055,1995.31005859375,0.82,1.62,2.3,1.48,1.57
2015-09-17,46.900001525878906,1117.300048828125,2.4614999294281006,43.06429672241211,15.07868480682373,1990.199951171875,0.7,1.5,2.21,1.51,1.58
2015-09-18,44.68000030517578,1138.0999755859375,2.3970000743865967,42.11290740966797,14.993824005126953,1958.030029296875,0.69,1.45,2.13,1.44,1.55
2015-09-21,46.68000030517578,1133.0999755859375,2.3984999656677246,42.31990432739258,15.054186820983887,1966.969970703125,0.72,1.51,2.2,1.48,1.54
2015-09-22,45.83000183105469,1125.0,2.306999921798706,41.70716857910156,14.866009712219238,1942.739990234375,0.69,1.44,2.14,1.45,1.51
2015-09-23,44.47999954223633,1131.5999755859375,2.305500030517578,41.4173583984375,14.905062675476074,1938.760009765625,0.7,1.47,2.16,1.46,1.52
2015-09-24,44.90999984741211,1153.800048828125,2.312000036239624,41.16067886352539,15.025781631469727,1932.239990234375,0.67,1.44,2.13,1.46,1.49
2015-09-25,45.70000076293945,1146.0,2.2915000915527344,41.24348068237305,15.17135238647461,1931.3399658203125,0.7,1.48,2.17,1.47,1.46
2015-09-28,44.43000030517578,1132.0,2.25600004196167,40.432037353515625,15.096785545349121,1881.77001953125,0.67,1.42,2.1,1.43,1.39
2015-09-29,45.22999954223633,1127.0999755859375,2.253499984741211,40.69698715209961,15.10033893585205,1884.0899658203125,0.64,1.37,2.05,1.41,1.39
2015-09-30,45.09000015258789,1115.5,2.3454999923706055,41.30972671508789,15.370179176330566,1920.030029296875,0.64,1.37,2.06,1.42,1.41
2015-10-01,44.7400016784668,1114.199951171875,2.307499885559082,41.21864318847656,15.189104080200195,1923.8199462890625,0.64,1.37,2.05,1.41,1.46
2015-10-02,45.540000915527344,1137.0999755859375,2.3294999599456787,41.74029541015625,15.391484260559082,1951.3599853515625,0.58,1.29,1.99,1.41,1.48
2015-10-05,46.2599983215332,1138.0999755859375,2.359999895095825,42.92436981201172,15.590310096740723,1987.050048828125,0.61,1.35,2.07,1.46,1.51
2015-10-06,48.529998779296875,1146.800048828125,2.3589999675750732,42.88295364379883,15.483798027038574,1979.9200439453125,0.61,1.34,2.05,1.44,1.52
2015-10-07,47.810001373291016,1149.0,2.371500015258789,43.44599533081055,15.430538177490234,1995.8299560546875,0.65,1.37,2.08,1.43,1.55
2015-10-08,49.43000030517578,1144.699951171875,2.3469998836517334,44.05045700073242,15.622265815734863,2013.4300537109375,0.65,1.4,2.12,1.47,1.58
2015-10-09,49.630001068115234,1156.300048828125,2.4170000553131104,44.19949722290039,15.547706604003906,2014.8900146484375,0.65,1.41,2.12,1.47,1.54
2015-10-12,47.099998474121094,1164.9000244140625,2.4195001125335693,44.20778274536133,15.686176300048828,2017.4599609375,0.65,1.41,2.12,1.47,1.54
2015-10-13,46.65999984741211,1165.800048828125,2.3914999961853027,43.73580551147461,15.650673866271973,2003.68994140625,0.64,1.36,2.06,1.42,1.52
2015-10-14,46.63999938964844,1180.0999755859375,2.4200000762939453,43.26383972167969,15.647117614746094,1994.239990234375,0.57,1.29,1.99,1.42,1.49
2015-10-15,46.380001068115234,1187.9000244140625,2.4260001182556152,43.73580551147461,15.877909660339355,2023.8599853515625,0.61,1.34,2.04,1.43,1.5
2015-10-16,47.2599983215332,1183.5999755859375,2.4070000648498535,43.512245178222656,15.89920711517334,2033.1099853515625,0.61,1.36,2.04,1.43,1.48
2015-10-19,45.88999938964844,1173.300048828125,2.371500015258789,43.57020568847656,15.909857749938965,2033.6600341796875,0.61,1.35,2.04,1.43,1.45
2015-10-20,45.54999923706055,1178.0,2.369499921798706,43.86001968383789,15.963116645812988,2030.77001953125,0.66,1.4,2.08,1.42,1.48
2015-10-21,45.20000076293945,1167.5999755859375,2.364000082015991,43.86829376220703,15.931164741516113,2018.93994140625,0.64,1.37,2.04,1.4,1.45
2015-10-22,45.380001068115234,1166.5999755859375,2.384500026702881,45.09376525878906,16.11578369140625,2052.510009765625,0.61,1.36,2.04,1.43,1.47
2015-10-23,44.599998474121094,1163.300048828125,2.3499999046325684,45.25935745239258,15.831744194030762,2075.14990234375,0.66,1.43,2.09,1.43,1.51
2015-10-26,43.97999954223633,1167.0,2.3564999103546143,45.160003662109375,15.774941444396973,2071.179931640625,0.66,1.41,2.07,1.41,1.48
2015-10-27,43.20000076293945,1166.800048828125,2.3580000400543213,44.663177490234375,15.718131065368652,2065.889892578125,0.65,1.38,2.05,1.4,1.48
2015-10-28,45.939998626708984,1177.0999755859375,2.3545000553131104,45.01923370361328,15.551258087158203,2090.35009765625,0.73,1.47,2.1,1.37,1.47
2015-10-29,46.060001373291016,1147.199951171875,2.315500020980835,44.9943962097168,15.46249008178711,2089.409912109375,0.75,1.53,2.19,1.44,1.52
2015-10-30,46.59000015258789,1141.5,2.313499927520752,44.936431884765625,15.533502578735352,2079.360107421875,0.75,1.52,2.16,1.41,1.53
2015-11-02,46.13999938964844,1135.800048828125,2.315500020980835,45.458091735839844,15.551258087158203,2104.050048828125,0.77,1.57,2.2,1.43,1.55
2015-11-03,47.900001525878906,1114.199951171875,2.3269999027252197,45.49120330810547,15.597415924072266,2109.7900390625,0.8,1.59,2.23,1.43,1.58
2015-11-04,46.31999969482422,1106.5,2.319499969482422,45.367000579833984,15.679072380065918,2102.31005859375,0.84,1.64,2.25,1.41,1.57
2015-11-05,45.20000076293945,1104.4000244140625,2.253499984741211,45.42497253417969,15.544157028198242,2099.929931640625,0.85,1.65,2.26,1.41,1.55
2015-11-06,44.290000915527344,1087.5999755859375,2.241499900817871,45.42497253417969,15.000922203063965,2099.199951171875,0.9,1.73,2.34,1.44,1.59
2015-11-09,43.869998931884766,1087.9000244140625,2.2300000190734863,45.07719421386719,15.039979934692383,2078.580078125,0.89,1.75,2.36,1.47,1.6
2015-11-10,44.209999084472656,1088.199951171875,2.2165000438690186,45.06892395019531,15.174901962280273,2081.719970703125,0.87,1.72,2.32,1.45,1.55
2015-11-11,42.93000030517578,1084.699951171875,2.2165000438690186,45.12687301635742,15.306264877319336,2075.0,0.87,1.72,2.32,1.45,1.55
2015-11-12,41.75,1080.800048828125,2.1730000972747803,44.51414489746094,15.160703659057617,2045.969970703125,0.89,1.73,2.32,1.43,1.54
2015-11-13,40.7400016784668,1080.800048828125,2.1700000762939453,44.3154182434082,15.10389518737793,2023.0400390625,0.86,1.67,2.28,1.42,1.52
2015-11-16,41.7400016784668,1083.699951171875,2.118000030517578,44.88675308227539,15.359527587890625,2053.18994140625,0.88,1.66,2.27,1.39,1.51
2015-11-17,40.66999816894531,1068.699951171875,2.1054999828338623,44.795677185058594,15.082586288452148,2050.43994140625,0.86,1.66,2.25,1.39,1.53
2015-11-18,40.75,1068.800048828125,2.078000068664551,45.41668701171875,15.17845344543457,2083.580078125,0.9,1.69,2.27,1.37,1.56
2015-11-19,40.540000915527344,1078.0,2.0764999389648438,45.61540603637695,15.341773986816406,2081.239990234375,0.91,1.68,2.24,1.33,1.56
2015-11-20,40.38999938964844,1076.4000244140625,2.053999900817871,45.84724807739258,15.405682563781738,2089.169921875,0.93,1.7,2.26,1.33,1.6
2015-11-23,41.75,1066.800048828125,2.0195000171661377,45.61540603637695,15.263668060302734,2086.590087890625,0.94,1.7,2.25,1.31,1.61
2015-11-24,42.869998931884766,1074.300048828125,2.053499937057495,45.5408821105957,15.242361068725586,2089.139892578125,0.93,1.66,2.24,1.31,1.62
2015-11-25,43.040000915527344,1070.5,2.0445001125335693,45.5408821105957,15.150045394897461,2088.8701171875,0.93,1.66,2.23,1.3,1.61
2015-11-26,43.040000915527344,1070.5,2.0445001125335693,45.5408821105957,15.150045394897461,2088.8701171875,0.93,1.66,2.23,1.3,1.61
2015-11-27,41.709999084472656,1056.199951171875,2.05049991607666,45.62369918823242,15.17845344543457,2090.110107421875,0.92,1.64,2.22,1.3,1.6
2015-11-30,41.650001525878906,1065.800048828125,2.0445001125335693,45.32560348510742,15.203309059143066,2080.409912109375,0.94,1.65,2.21,1.27,1.59
2015-12-01,41.849998474121094,1063.800048828125,2.066499948501587,45.5408821105957,15.324028015136719,2102.6298828125,0.91,1.59,2.15,1.24,1.57
2015-12-02,39.939998626708984,1054.199951171875,2.0290000438690186,45.07719421386719,14.983173370361328,2079.510009765625,0.94,1.63,2.18,1.24,1.56
2015-12-03,41.08000183105469,1061.699951171875,2.055999994277954,44.51414489746094,14.869552612304688,2049.6201171875,0.96,1.74,2.33,1.37,1.61
2015-12-04,39.970001220703125,1084.5,2.0739998817443848,45.17656326293945,15.079034805297852,2091.68994140625,0.96,1.71,2.28,1.32,1.6
2015-12-07,37.650001525878906,1076.4000244140625,2.0445001125335693,44.95298767089844,15.146499633789062,2077.070068359375,0.94,1.67,2.23,1.29,1.56
2015-12-08,37.5099983215332,1076.300048828125,2.0480000972747803,44.23261260986328,15.125194549560547,2063.590087890625,0.94,1.68,2.24,1.3,1.56
2015-12-09,37.15999984741211,1077.5999755859375,2.059999942779541,44.10013198852539,15.128744125366211,2047.6199951171875,0.93,1.64,2.22,1.29,1.53
2015-12-10,36.7599983215332,1073.0999755859375,2.065000057220459,44.307132720947266,14.880209922790527,2052.22998046875,0.95,1.68,2.24,1.29,1.51
2015-12-11,35.619998931884766,1076.9000244140625,2.1080000400543213,43.561927795410156,14.837602615356445,2012.3699951171875,0.88,1.56,2.13,1.25,1.46
2015-12-14,36.310001373291016,1064.699951171875,2.1040000915527344,43.7192497253418,14.9121675491333,2021.93994140625,0.97,1.66,2.23,1.26,1.45
2015-12-15,37.349998474121094,1062.9000244140625,2.0510001182556152,43.72753143310547,15.029333114624023,2043.4100341796875,0.98,1.71,2.28,1.3,1.48
2015-12-16,35.52000045776367,1078.0,2.061000108718872,44.505859375,15.409232139587402,2073.070068359375,1.02,1.75,2.3,1.28,1.46
2015-12-17,34.95000076293945,1050.800048828125,2.0344998836517334,43.76893615722656,15.441190719604492,2041.8900146484375,1.0,1.73,2.24,1.24,1.47
2015-12-18,34.72999954223633,1066.199951171875,2.1029999256134033,43.101661682128906,15.24927043914795,2005.550048828125,0.97,1.67,2.19,1.22,1.46
2015-12-21,34.7400016784668,1081.9000244140625,2.128999948501587,43.43488311767578,15.238513946533203,2021.1500244140625,0.96,1.67,2.2,1.24,1.45
2015-12-22,36.13999938964844,1074.800048828125,2.0969998836517334,44.03466796875,15.367656707763672,2038.969970703125,0.99,1.71,2.24,1.25,1.46
2015-12-23,37.5,1069.4000244140625,2.1115000247955322,44.55115509033203,15.604411125183105,2064.2900390625,1.01,1.74,2.27,1.26,1.51
2015-12-24,38.099998474121094,1077.199951171875,2.1115000247955322,44.53450012207031,15.593646049499512,2060.989990234375,1.03,1.73,2.25,1.22,1.52
2015-12-25,38.099998474121094,1077.199951171875,2.1115000247955322,44.53450012207031,15.593646049499512,2060.989990234375,1.03,1.73,2.25,1.22,1.52
2015-12-28,36.810001373291016,1070.5,2.066499948501587,44.43454360961914,15.622344970703125,2056.5,1.05,1.73,2.24,1.19,1.5
2015-12-29,37.869998931884766,1077.5,2.125,44.85938262939453,15.708436965942383,2078.360107421875,1.09,1.81,2.32,1.23,1.53
2015-12-30,36.599998474121094,1060.0999755859375,2.13700008392334,44.484519958496094,15.694089889526367,2063.360107421875,1.08,1.8,2.31,1.23,1.54
2015-12-31,37.040000915527344,1060.300048828125,2.125499963760376,44.159637451171875,15.525487899780273,2043.93994140625,1.06,1.76,2.27,1.21,1.54
2016-01-01,37.040000915527344,1060.300048828125,2.125499963760376,44.159637451171875,15.525487899780273,2043.93994140625,1.06,1.76,2.27,1.21,1.54
2016-01-04,36.7599983215332,1075.0999755859375,2.070499897003174,43.56816482543945,15.493203163146973,2012.6600341796875,1.02,1.73,2.24,1.22,1.55
2016-01-05,35.970001220703125,1078.4000244140625,2.0885000228881836,43.68479919433594,15.604411125183105,2016.7099609375,1.04,1.73,2.25,1.21,1.56
2016-01-06,33.970001220703125,1091.9000244140625,2.0804998874664307,43.01002883911133,15.575703620910645,1990.260009765625,0.99,1.65,2.18,1.19,1.53
2016-01-07,33.27000045776367,1107.699951171875,2.015500068664551,41.84375762939453,15.471678733825684,1943.0899658203125,0.96,1.61,2.16,1.2,1.5
2016-01-08,33.15999984741211,1097.800048828125,2.0164999961853027,41.41893005371094,15.464502334594727,1922.030029296875,0.94,1.57,2.13,1.19,1.48
2016-01-11,31.40999984741211,1096.5,1.9674999713897705,41.443912506103516,15.547012329101562,1923.6700439453125,0.94,1.58,2.17,1.23,1.45
2016-01-12,30.440000534057617,1085.5999755859375,1.9529999494552612,41.777130126953125,15.486031532287598,1938.6800537109375,0.93,1.55,2.12,1.19,1.43
2016-01-13,30.479999542236328,1087.5,1.9505000114440918,40.769142150878906,15.478857040405273,1890.280029296875,0.91,1.51,2.08,1.17,1.43
2016-01-14,31.200000762939453,1073.9000244140625,1.9709999561309814,41.252296447753906,15.712028503417969,1921.8399658203125,0.9,1.52,2.1,1.2,1.43
2016-01-15,29.420000076293945,1091.5,1.9394999742507935,40.527549743652344,15.572118759155273,1880.3299560546875,0.85,1.46,2.03,1.18,1.36
2016-01-18,29.420000076293945,1091.5,1.9394999742507935,40.527549743652344,15.572118759155273,1880.3299560546875,0.85,1.46,2.03,1.18,1.36
2016-01-19,28.459999084472656,1089.9000244140625,1.9735000133514404,40.51923751831055,15.805295944213867,1881.3299560546875,0.88,1.49,2.06,1.18,1.38
2016-01-20,26.549999237060547,1107.0999755859375,1.9559999704360962,39.994407653808594,15.450161933898926,1859.3299560546875,0.85,1.44,2.01,1.16,1.32
2016-01-21,29.530000686645508,1099.0999755859375,1.9930000305175781,40.16935348510742,15.435809135437012,1868.989990234375,0.84,1.44,2.02,1.18,1.28
2016-01-22,32.189998626708984,1097.199951171875,1.9984999895095825,40.51923751831055,15.712028503417969,1906.9000244140625,0.88,1.49,2.07,1.19,1.35
2016-01-25,30.34000015258789,1106.199951171875,1.9954999685287476,40.019405364990234,15.57929801940918,1877.0799560546875,0.88,1.47,2.03,1.15,1.34
2016-01-26,31.450000762939453,1121.699951171875,2.0339999198913574,40.77748489379883,15.686918258666992,1903.6300048828125,0.85,1.45,2.01,1.16,1.36
2016-01-27,32.29999923706055,1116.0999755859375,2.062999963760376,40.319297790527344,15.722790718078613,1882.949951171875,0.84,1.43,2.02,1.18,1.4
2016-01-28,33.220001220703125,1115.5999755859375,2.0490000247955322,40.552547454833984,15.97388744354248,1893.3599853515625,0.83,1.4,2.0,1.17,1.42
2016-01-29,33.619998931884766,1116.4000244140625,2.063999891281128,41.64383316040039,16.293149948120117,1940.239990234375,0.76,1.33,1.94,1.18,1.41
2016-02-01,31.6200008392334,1127.9000244140625,2.051500082015991,41.54386901855469,16.447404861450195,1939.3800048828125,0.81,1.38,1.97,1.16,1.4
2016-02-02,29.8799991607666,1127.300048828125,2.052000045776367,40.71083450317383,16.51915168762207,1903.030029296875,0.75,1.28,1.87,1.12,1.36
2016-02-03,32.279998779296875,1141.300048828125,2.0920000076293945,41.368927001953125,16.723621368408203,1912.530029296875,0.72,1.27,1.88,1.16,1.38
2016-02-04,31.719999313354492,1157.5999755859375,2.128000020980835,42.085350036621094,16.651878356933594,1915.449951171875,0.7,1.25,1.87,1.17,1.36
2016-02-05,30.889999389648438,1157.800048828125,2.1005001068115234,41.685482025146484,16.705684661865234,1880.050048828125,0.74,1.25,1.86,1.12,1.33
2016-02-08,29.690000534057617,1197.9000244140625,2.0885000228881836,41.33560562133789,16.648284912109375,1853.43994140625,0.66,1.16,1.75,1.09,1.23
2016-02-09,27.940000534057617,1198.699951171875,2.0385000705718994,41.58552169799805,16.705684661865234,1852.2099609375,0.69,1.15,1.74,1.05,1.21
2016-02-10,27.450000762939453,1194.699951171875,2.0250000953674316,41.368927001953125,16.6877498626709,1851.8599853515625,0.71,1.15,1.71,1.0,1.21
2016-02-11,26.209999084472656,1247.9000244140625,2.003999948501587,40.56087875366211,16.393596649169922,1829.0799560546875,0.64,1.11,1.63,0.99,1.18
2016-02-12,29.440000534057617,1239.0999755859375,2.0269999504089355,41.37726593017578,16.343379974365234,1864.780029296875,0.71,1.2,1.74,1.03,1.25
2016-02-15,29.440000534057617,1239.0999755859375,2.0269999504089355,41.37726593017578,16.343379974365234,1864.780029296875,0.71,1.2,1.74,1.03,1.25
2016-02-16,29.040000915527344,1207.9000244140625,2.0490000247955322,42.210304260253906,16.447404861450195,1895.5799560546875,0.74,1.23,1.78,1.04,1.25
2016-02-17,30.65999984741211,1211.0999755859375,2.0739998817443848,42.86007308959961,16.415117263793945,1926.8199462890625,0.74,1.26,1.81,1.07,1.28
2016-02-18,30.770000457763672,1226.0999755859375,2.071500062942505,42.83509063720703,16.68416404724121,1917.8299560546875,0.71,1.21,1.75,1.04,1.24
2016-02-19,29.639999389648438,1230.4000244140625,2.075500011444092,42.75178146362305,16.572954177856445,1917.780029296875,0.76,1.24,1.76,1.0,1.26
2016-02-22,31.479999542236328,1209.5,2.11299991607666,43.47652816772461,16.766672134399414,1945.5,0.78,1.25,1.77,0.99,1.31
2016-02-23,31.8700008392334,1222.300048828125,2.1045000553131104,43.043357849121094,16.78101348876953,1921.27001953125,0.76,1.23,1.74,0.98,1.32
2016-02-24,32.150001525878906,1238.699951171875,2.0950000286102295,43.068336486816406,16.85993194580078,1929.800048828125,0.75,1.21,1.75,1.0,1.36
2016-02-25,33.06999969482422,1238.199951171875,2.065000057220459,43.63481140136719,17.032121658325195,1951.699951171875,0.72,1.16,1.71,0.99,1.39
2016-02-26,32.779998779296875,1219.800048828125,2.118000030517578,43.693119049072266,16.562196731567383,1948.050048828125,0.8,1.23,1.76,0.96,1.41
2016-02-29,33.75,1233.9000244140625,2.128499984741211,43.41822052001953,16.608835220336914,1932.22998046875,0.78,1.22,1.74,0.96,1.42
2016-03-01,34.400001525878906,1230.300048828125,2.1414999961853027,44.267921447753906,16.526329040527344,1978.3499755859375,0.85,1.31,1.83,0.98,1.48
2016-03-02,34.65999984741211,1241.0999755859375,2.177500009536743,44.301246643066406,16.61241340637207,1986.449951171875,0.85,1.34,1.84,0.99,1.51
2016-03-03,34.56999969482422,1257.4000244140625,2.2044999599456787,44.6178092956543,16.712862014770508,1993.4000244140625,0.85,1.33,1.83,0.98,1.53
2016-03-04,35.91999816894531,1269.9000244140625,2.2709999084472656,44.80107879638672,16.899389266967773,1999.989990234375,0.88,1.38,1.88,1.0,1.51
2016-03-07,37.900001525878906,1263.199951171875,2.2804999351501465,44.934349060058594,16.99266815185547,2001.760009765625,0.91,1.42,1.91,1.0,1.48
2016-03-08,36.5,1262.0999755859375,2.2184998989105225,44.301246643066406,17.161258697509766,1979.260009765625,0.88,1.34,1.83,0.95,1.46
2016-03-09,38.290000915527344,1256.5999755859375,2.2300000190734863,44.44284439086914,17.240184783935547,1989.260009765625,0.9,1.39,1.9,1.0,1.51
2016-03-10,37.84000015258789,1272.0,2.2174999713897705,44.376224517822266,17.25452995300293,1989.5699462890625,0.93,1.45,1.93,1.0,1.48
2016-03-11,38.5,1258.699951171875,2.2385001182556152,45.01767349243164,17.272462844848633,2022.18994140625,0.97,1.49,1.98,1.01,1.54
2016-03-14,37.18000030517578,1244.4000244140625,2.236999988555908,45.05931854248047,17.293989181518555,2019.6400146484375,0.97,1.49,1.97,1.0,1.52
2016-03-15,36.34000015258789,1230.4000244140625,2.2309999465942383,45.034332275390625,17.326271057128906,2015.9300537109375,0.98,1.5,1.97,0.99,1.5
2016-03-16,38.459999084472656,1229.300048828125,2.2314999103546143,45.19260025024414,17.59172821044922,2027.219970703125,0.87,1.41,1.94,1.07,1.58
2016-03-17,40.20000076293945,1264.5,2.2890000343322754,46.183929443359375,17.68859100341797,2040.5899658203125,0.87,1.39,1.91,1.04,1.57
2016-03-18,39.439998626708984,1253.800048828125,2.2795000076293945,46.579986572265625,17.575817108154297,2049.580078125,0.84,1.34,1.88,1.04,1.61
2016-03-21,39.90999984741211,1243.800048828125,2.2894999980926514,46.85627746582031,17.557756423950195,2051.60009765625,0.87,1.38,1.92,1.05,1.64
2016-03-22,41.45000076293945,1248.199951171875,2.2844998836517334,46.58834457397461,17.49992561340332,2049.800048828125,0.91,1.42,1.94,1.03,1.63
2016-03-23,39.790000915527344,1223.699951171875,2.2304999828338623,46.28691482543945,17.63003921508789,2036.7099609375,0.87,1.37,1.88,1.01,1.58
2016-03-24,39.459999084472656,1221.4000244140625,2.2244999408721924,46.15292739868164,17.67701530456543,2035.93994140625,0.89,1.39,1.91,1.02,1.57
2016-03-25,39.459999084472656,1221.4000244140625,2.2244999408721924,46.15292739868164,17.67701530456543,2035.93994140625,0.89,1.39,1.91,1.02,1.57
2016-03-28,39.38999938964844,1219.9000244140625,2.241499900817871,46.169673919677734,17.61195945739746,2037.050048828125,0.89,1.37,1.89,1.0,1.56
2016-03-29,38.279998779296875,1235.5999755859375,2.2084999084472656,46.47113800048828,17.8721866607666,2055.010009765625,0.78,1.29,1.81,1.03,1.61
2016-03-30,38.31999969482422,1226.9000244140625,2.187000036239624,46.554847717285156,17.828815460205078,2063.949951171875,0.76,1.26,1.83,1.07,1.65
2016-03-31,38.34000015258789,1234.199951171875,2.18149995803833,46.44601058959961,17.933626174926758,2059.739990234375,0.73,1.21,1.78,1.05,1.62
2016-04-01,36.790000915527344,1222.199951171875,2.1610000133514404,46.6636962890625,18.002296447753906,2072.780029296875,0.76,1.24,1.79,1.03,1.62
2016-04-04,35.70000076293945,1218.0,2.138000011444092,46.13618850708008,17.92639923095703,2066.1298828125,0.75,1.22,1.78,1.03,1.64
2016-04-05,35.88999938964844,1228.4000244140625,2.134999990463257,45.851497650146484,17.59027099609375,2045.1700439453125,0.72,1.17,1.73,1.01,1.59
2016-04-06,37.75,1222.5,2.140500068664551,46.07758331298828,17.56859588623047,2066.659912109375,0.73,1.2,1.76,1.03,1.59
2016-04-07,37.2599983215332,1236.199951171875,2.07450008392334,45.63380813598633,17.56136703491211,2041.9100341796875,0.7,1.14,1.7,1.0,1.58
2016-04-08,39.720001220703125,1242.5,2.0864999294281006,45.80963897705078,17.655330657958984,2047.5999755859375,0.7,1.16,1.72,1.02,1.58
2016-04-11,40.36000061035156,1256.699951171875,2.0885000228881836,45.82638931274414,17.579437255859375,2041.989990234375,0.7,1.16,1.73,1.03,1.56
2016-04-12,42.16999816894531,1259.4000244140625,2.1449999809265137,46.09433364868164,17.702320098876953,2061.719970703125,0.74,1.22,1.79,1.05,1.57
2016-04-13,41.7599983215332,1246.800048828125,2.1675000190734863,46.78092956542969,17.593894958496094,2082.419921875,0.75,1.22,1.77,1.02,1.56
2016-04-14,41.5,1225.0,2.1710000038146973,46.864662170410156,17.57220458984375,2082.780029296875,0.77,1.26,1.8,1.03,1.56
2016-04-15,40.36000061035156,1233.0999755859375,2.1519999504089355,46.931644439697266,17.6697940826416,2080.72998046875,0.74,1.22,1.76,1.02,1.56
2016-04-18,39.779998779296875,1233.5999755859375,2.1640000343322754,46.97351837158203,17.738462448120117,2094.340087890625,0.75,1.24,1.78,1.03,1.57
2016-04-19,41.08000183105469,1253.0,2.2230000495910645,47.308448791503906,17.76736831665039,2100.800048828125,0.77,1.26,1.79,1.02,1.6
2016-04-20,42.630001068115234,1253.199951171875,2.242000102996826,47.23308181762695,17.322832107543945,2102.39990234375,0.8,1.32,1.85,1.05,1.62
2016-04-21,43.18000030517578,1249.0,2.252000093460083,47.1158561706543,16.961408615112305,2091.47998046875,0.82,1.35,1.88,1.06,1.64
2016-04-22,43.72999954223633,1228.699951171875,2.2690000534057617,47.23308181762695,17.113208770751953,2091.580078125,0.84,1.37,1.89,1.05,1.64
2016-04-25,42.63999938964844,1238.9000244140625,2.258500099182129,47.00700759887695,17.14573097229004,2087.7900390625,0.85,1.38,1.91,1.06,1.65
2016-04-26,44.040000915527344,1242.199951171875,2.248500108718872,47.425662994384766,17.171030044555664,2091.699951171875,0.86,1.4,1.94,1.08,1.67
2016-04-27,45.33000183105469,1249.199951171875,2.2204999923706055,47.76059341430664,17.420412063598633,2095.14990234375,0.83,1.33,1.87,1.04,1.68
2016-04-28,46.029998779296875,1265.5,2.2244999408721924,47.30006408691406,17.39511489868164,2075.81005859375,0.78,1.28,1.84,1.06,1.72
2016-04-29,45.91999816894531,1289.199951171875,2.2790000438690186,47.02374267578125,17.49992561340332,2065.300048828125,0.77,1.28,1.83,1.06,1.71
2016-05-02,44.779998779296875,1294.699951171875,2.2614998817443848,47.266578674316406,17.64088249206543,2081.429931640625,0.8,1.32,1.88,1.08,1.68
2016-05-03,43.650001525878906,1290.699951171875,2.2144999504089355,46.88140869140625,17.626420974731445,2063.3701171875,0.75,1.25,1.81,1.06,1.64
2016-05-04,43.779998779296875,1273.300048828125,2.183000087738037,46.303672790527344,17.83243179321289,2051.1201171875,0.75,1.23,1.79,1.04,1.63
2016-05-05,44.31999969482422,1271.4000244140625,2.1510000228881836,46.27854537963867,17.763761520385742,2050.6298828125,0.72,1.2,1.76,1.04,1.63
2016-05-06,44.65999984741211,1292.9000244140625,2.1510000228881836,46.58834457397461,17.64810562133789,2057.139892578125,0.74,1.23,1.79,1.05,1.61
2016-05-09,43.439998626708984,1265.5999755859375,2.1040000915527344,46.37901306152344,17.74930191040039,2058.68994140625,0.72,1.2,1.77,1.05,1.59
2016-05-10,44.65999984741211,1263.9000244140625,2.0899999141693115,47.174461364746094,17.76736831665039,2084.389892578125,0.72,1.2,1.77,1.05,1.62
2016-05-11,46.22999954223633,1274.5999755859375,2.1010000705718994,46.78092956542969,17.83243179321289,2064.4599609375,0.74,1.2,1.73,0.99,1.59
2016-05-12,46.70000076293945,1270.300048828125,2.072999954223633,46.680442810058594,17.93724250793457,2064.110107421875,0.76,1.24,1.75,0.99,1.6
2016-05-13,46.209999084472656,1271.9000244140625,2.075000047683716,46.09433364868164,17.850500106811523,2046.6099853515625,0.76,1.22,1.71,0.95,1.58
2016-05-16,47.720001220703125,1273.4000244140625,2.0910000801086426,46.6636962890625,17.8721866607666,2066.659912109375,0.79,1.26,1.75,0.96,1.6
2016-05-17,48.310001373291016,1276.199951171875,2.0920000076293945,46.4376220703125,17.56859588623047,2047.2099609375,0.82,1.29,1.76,0.94,1.61
2016-05-18,48.189998626708984,1273.699951171875,2.0815000534057617,46.27854537963867,17.239700317382812,2047.6300048828125,0.9,1.41,1.87,0.97,1.61
2016-05-19,48.15999984741211,1254.199951171875,2.062999963760376,45.843135833740234,17.41318130493164,2040.0400390625,0.89,1.38,1.85,0.96,1.56
2016-05-20,47.75,1252.4000244140625,2.058500051498413,46.07758331298828,17.45293617248535,2052.320068359375,0.89,1.38,1.85,0.96,1.56
2016-05-23,48.08000183105469,1251.0999755859375,2.057499885559082,45.99385452270508,17.297529220581055,2048.0400390625,0.91,1.38,1.84,0.93,1.54
2016-05-24,48.619998931884766,1228.9000244140625,2.069499969482422,46.47113800048828,17.471012115478516,2076.06005859375,0.92,1.41,1.86,0.94,1.55
2016-05-25,49.560001373291016,1223.5,2.1050000190734863,46.789306640625,17.420412063598633,2090.5400390625,0.92,1.4,1.87,0.95,1.58
2016-05-26,49.47999954223633,1220.0999755859375,2.1064999103546143,46.65534973144531,17.619190216064453,2090.10009765625,0.87,1.35,1.83,0.96,1.58
2016-05-27,49.33000183105469,1213.800048828125,2.114000082015991,46.8311653137207,17.64810562133789,2099.06005859375,0.9,1.39,1.85,0.95,1.58
2016-05-30,49.33000183105469,1213.800048828125,2.114000082015991,46.8311653137207,17.64810562133789,2099.06005859375,0.9,1.39,1.85,0.95,1.58
2016-05-31,49.099998474121094,1214.800048828125,2.0975000858306885,46.82279586791992,17.763761520385742,2096.949951171875,0.87,1.37,1.84,0.97,1.54
2016-06-01,49.0099983215332,1211.9000244140625,2.072499990463257,46.864662170410156,17.810741424560547,2099.330078125,0.91,1.39,1.85,0.94,1.54
2016-06-02,49.16999816894531,1209.800048828125,2.069499969482422,46.923274993896484,17.81797218322754,2105.260009765625,0.89,1.36,1.81,0.92,1.54
2016-06-03,48.619998931884766,1240.0999755859375,2.111999988555908,46.88140869140625,18.099876403808594,2099.1298828125,0.78,1.23,1.71,0.93,1.52
2016-06-06,49.689998626708984,1244.5999755859375,2.117000102996826,47.32518768310547,18.07457160949707,2109.409912109375,0.8,1.25,1.73,0.93,1.54
2016-06-07,50.36000061035156,1244.4000244140625,2.0510001182556152,47.55126190185547,18.06012535095215,2112.1298828125,0.78,1.23,1.72,0.94,1.57
2016-06-08,51.22999954223633,1259.800048828125,2.0625,47.852699279785156,18.168546676635742,2119.1201171875,0.78,1.23,1.71,0.93,1.59
2016-06-09,50.560001373291016,1270.199951171875,2.0399999618530273,47.84431838989258,18.323963165283203,2115.47998046875,0.77,1.22,1.68,0.91,1.56
2016-06-10,49.06999969482422,1273.4000244140625,2.0315001010894775,47.28331756591797,18.276975631713867,2096.070068359375,0.73,1.17,1.64,0.91,1.52
2016-06-13,48.880001068115234,1284.4000244140625,2.057499885559082,46.77256393432617,18.255290985107422,2079.06005859375,0.73,1.14,1.62,0.89,1.47
2016-06-14,48.4900016784668,1285.5999755859375,2.0445001125335693,46.78092956542969,18.352872848510742,2075.320068359375,0.74,1.15,1.62,0.88,1.45
2016-06-15,48.0099983215332,1285.800048828125,2.0934998989105225,46.79767608642578,18.237220764160156,2071.5,0.69,1.1,1.6,0.91,1.47
2016-06-16,46.209999084472656,1296.0999755859375,2.049999952316284,46.88140869140625,18.352872848510742,2077.989990234375,0.7,1.1,1.57,0.87,1.42
2016-06-17,47.97999954223633,1292.5,2.052500009536743,46.92097854614258,18.419193267822266,2071.219970703125,0.7,1.13,1.62,0.92,1.42
2016-06-20,49.369998931884766,1290.0,2.0934998989105225,47.350379943847656,18.349958419799805,2083.25,0.74,1.17,1.67,0.93,1.43
2016-06-21,48.849998474121094,1270.5,2.116499900817871,47.316688537597656,18.375463485717773,2088.89990234375,0.76,1.22,1.71,0.95,1.43
2016-06-22,49.130001068115234,1268.0,2.135499954223633,47.18198776245117,18.288007736206055,2085.449951171875,0.75,1.2,1.69,0.94,1.44
2016-06-23,50.11000061035156,1261.199951171875,2.1635000705718994,47.729225158691406,18.33902931213379,2113.320068359375,0.78,1.25,1.74,0.96,1.5
2016-06-24,47.63999938964844,1320.0,2.111999988555908,45.78437423706055,18.368175506591797,2037.4100341796875,0.64,1.08,1.57,0.93,1.42
2016-06-27,46.33000183105469,1322.5,2.126499891281128,44.70669174194336,18.594087600708008,2000.5400390625,0.61,1.0,1.46,0.85,1.34
2016-06-28,47.849998474121094,1315.300048828125,2.1700000762939453,45.464420318603516,18.663326263427734,2036.0899658203125,0.61,1.0,1.46,0.85,1.37
2016-06-29,49.880001068115234,1323.9000244140625,2.183500051498413,46.272682189941406,18.714332580566406,2070.77001953125,0.62,1.03,1.5,0.88,1.4
2016-06-30,48.33000183105469,1318.4000244140625,2.194499969482422,47.15672302246094,19.118791580200195,2098.860107421875,0.58,1.01,1.49,0.91,1.4
2016-07-01,48.9900016784668,1336.699951171875,2.2149999141693115,47.30826950073242,19.122432708740234,2102.949951171875,0.59,1.0,1.46,0.87,1.43
2016-07-04,48.9900016784668,1336.699951171875,2.2149999141693115,47.30826950073242,19.122432708740234,2102.949951171875,0.59,1.0,1.46,0.87,1.43
2016-07-05,46.599998474121094,1356.4000244140625,2.18149995803833,46.878883361816406,19.264543533325195,2088.550048828125,0.56,0.94,1.37,0.81,1.4
2016-07-06,47.43000030517578,1364.9000244140625,2.1514999866485596,47.1146240234375,19.304622650146484,2099.72998046875,0.58,0.95,1.38,0.8,1.43
2016-07-07,45.13999938964844,1360.0999755859375,2.122499942779541,47.24091339111328,18.947534561157227,2097.89990234375,0.58,0.97,1.4,0.82,1.43
2016-07-08,45.40999984741211,1356.5999755859375,2.118499994277954,48.18388366699219,19.144296646118164,2129.89990234375,0.61,0.95,1.37,0.76,1.43
2016-07-11,44.7599983215332,1355.0,2.1470000743865967,48.48698425292969,19.129722595214844,2137.159912109375,0.66,1.03,1.43,0.77,1.42
2016-07-12,46.79999923706055,1334.0999755859375,2.2109999656677246,48.93319320678711,18.867368698120117,2152.139892578125,0.69,1.1,1.53,0.84,1.46
2016-07-13,44.75,1342.4000244140625,2.23799991607666,49.05106735229492,19.01675796508789,2152.429931640625,0.68,1.07,1.48,0.8,1.45
2016-07-14,45.68000030517578,1331.300048828125,2.240999937057495,49.42152786254883,18.892881393432617,2163.75,0.68,1.1,1.53,0.85,1.45
2016-07-15,45.95000076293945,1326.5,2.2304999828338623,49.4130973815918,18.947534561157227,2161.739990234375,0.71,1.15,1.6,0.89,1.49
2016-07-18,45.2400016784668,1328.4000244140625,2.2339999675750732,49.37100601196289,19.002197265625,2166.889892578125,0.68,1.14,1.59,0.91,1.49
2016-07-19,44.650001525878906,1331.5,2.2614998817443848,49.39625549316406,18.969392776489258,2163.780029296875,0.7,1.12,1.56,0.86,1.44
2016-07-20,44.939998626708984,1318.800048828125,2.252000093460083,49.4888801574707,18.860082626342773,2173.02001953125,0.73,1.15,1.59,0.86,1.46
2016-07-21,44.75,1330.5,2.25600004196167,48.98371505737305,18.973037719726562,2165.169921875,0.7,1.11,1.57,0.87,1.52
2016-07-22,44.189998626708984,1323.0999755859375,2.2339999675750732,49.07632827758789,19.224454879760742,2175.030029296875,0.71,1.13,1.57,0.86,1.51
2016-07-25,43.130001068115234,1319.300048828125,2.2160000801086426,48.815330505371094,19.191667556762695,2168.47998046875,0.72,1.15,1.58,0.86,1.5
2016-07-26,42.91999816894531,1320.699951171875,2.2249999046325684,49.2194709777832,19.024049758911133,2169.179931640625,0.75,1.15,1.57,0.82,1.5
2016-07-27,41.91999816894531,1326.5999755859375,2.184999942779541,49.025814056396484,18.80542755126953,2166.580078125,0.73,1.1,1.52,0.79,1.49
2016-07-28,41.13999938964844,1332.300048828125,2.2060000896453857,49.00898361206055,18.87830924987793,2170.06005859375,0.72,1.09,1.52,0.8,1.52
2016-07-29,41.599998474121094,1349.0,2.2204999923706055,48.86585998535156,18.991256713867188,2173.60009765625,0.67,1.03,1.46,0.79,1.49
2016-08-01,40.060001373291016,1351.4000244140625,2.196500062942505,48.806907653808594,19.002197265625,2170.840087890625,0.67,1.06,1.51,0.84,1.46
2016-08-02,39.5099983215332,1364.4000244140625,2.2065000534057617,48.35226058959961,18.87830924987793,2157.030029296875,0.67,1.07,1.55,0.88,1.44
2016-08-03,40.83000183105469,1356.0999755859375,2.196000099182129,48.5880126953125,18.765338897705078,2163.7900390625,0.67,1.07,1.55,0.88,1.46
2016-08-04,41.93000030517578,1358.800048828125,2.1740000247955322,48.6048469543457,18.754411697387695,2164.25,0.64,1.03,1.51,0.87,1.47
2016-08-05,41.79999923706055,1336.4000244140625,2.1530001163482666,49.093177795410156,18.484777450561523,2182.8701171875,0.72,1.13,1.59,0.87,1.5
2016-08-08,43.02000045776367,1333.4000244140625,2.1640000343322754,49.16051483154297,18.477487564086914,2180.889892578125,0.74,1.15,1.59,0.85,1.51
2016-08-09,42.77000045776367,1339.0,2.1494998931884766,49.1436882019043,18.473848342895508,2181.739990234375,0.71,1.11,1.55,0.84,1.49
2016-08-10,41.709999084472656,1344.300048828125,2.1705000400543213,49.118431091308594,18.477487564086914,2175.489990234375,0.69,1.07,1.5,0.81,1.44
2016-08-11,43.4900016784668,1342.5,2.190000057220459,49.43837356567383,18.521217346191406,2185.7900390625,0.76,1.16,1.57,0.81,1.47
2016-08-12,44.4900016784668,1335.800048828125,2.140500068664551,49.30364990234375,18.546722412109375,2184.050048828125,0.71,1.1,1.51,0.8,1.44
2016-08-15,45.7400016784668,1340.300048828125,2.1514999866485596,49.63200378417969,18.26251220703125,2190.14990234375,0.72,1.14,1.55,0.83,1.45
2016-08-16,46.58000183105469,1350.5,2.171999931335449,49.4130973815918,18.047523498535156,2178.14990234375,0.76,1.16,1.57,0.81,1.44
2016-08-17,46.790000915527344,1342.699951171875,2.1519999504089355,49.55624008178711,18.317161560058594,2182.219970703125,0.74,1.15,1.56,0.82,1.47
2016-08-18,48.220001220703125,1351.199951171875,2.1670000553131104,49.707794189453125,18.543075561523438,2187.02001953125,0.71,1.12,1.53,0.82,1.47
2016-08-19,48.52000045776367,1340.4000244140625,2.1665000915527344,49.690948486328125,18.317161560058594,2183.8701171875,0.76,1.17,1.58,0.82,1.48
2016-08-22,47.04999923706055,1337.699951171875,2.140000104904175,49.648860931396484,18.364532470703125,2182.639892578125,0.76,1.15,1.55,0.79,1.47
2016-08-23,48.099998474121094,1340.5999755859375,2.115000009536743,49.690948486328125,18.284372329711914,2186.89990234375,0.74,1.15,1.55,0.81,1.48
2016-08-24,46.77000045776367,1324.4000244140625,2.0759999752044678,49.539390563964844,18.277088165283203,2175.43994140625,0.76,1.13,1.56,0.8,1.48
2016-08-25,47.33000183105469,1320.0999755859375,2.075500011444092,49.530975341796875,18.288007736206055,2172.469970703125,0.78,1.16,1.58,0.8,1.49
2016-08-26,47.63999938964844,1321.5,2.075000047683716,49.387840270996094,17.909067153930664,2169.0400390625,0.84,1.23,1.62,0.78,1.47
2016-08-29,46.97999954223633,1322.9000244140625,2.072499990463257,49.741451263427734,18.054813385009766,2180.3798828125,0.81,1.18,1.57,0.76,1.46
2016-08-30,46.349998474121094,1311.699951171875,2.069000005722046,49.606746673583984,17.865341186523438,2176.1201171875,0.8,1.18,1.57,0.77,1.46
2016-08-31,44.70000076293945,1306.9000244140625,2.069499969482422,49.328914642333984,17.938213348388672,2170.949951171875,0.8,1.19,1.58,0.78,1.47
2016-09-01,43.15999984741211,1312.199951171875,2.06850004196167,49.37100601196289,17.847122192382812,2170.860107421875,0.78,1.18,1.57,0.79,1.45
2016-09-02,44.439998626708984,1322.0999755859375,2.071500062942505,49.61517333984375,18.083965301513672,2179.97998046875,0.8,1.2,1.6,0.8,1.47
2016-09-05,44.439998626708984,1322.0999755859375,2.071500062942505,49.61517333984375,18.083965301513672,2179.97998046875,0.8,1.2,1.6,0.8,1.47
2016-09-06,44.83000183105469,1349.4000244140625,2.0840001106262207,49.4720458984375,18.280729293823242,2186.47998046875,0.74,1.13,1.55,0.81,1.49
2016-09-07,45.5,1344.300048828125,2.0929999351501465,49.530975341796875,18.284372329711914,2186.159912109375,0.74,1.12,1.54,0.8,1.51
2016-09-08,47.619998931884766,1336.800048828125,2.0959999561309814,49.4888801574707,18.3463134765625,2181.300048828125,0.78,1.19,1.61,0.83,1.52
2016-09-09,45.880001068115234,1330.0999755859375,2.0885000228881836,48.09126663208008,17.657638549804688,2127.81005859375,0.79,1.23,1.67,0.88,1.5
2016-09-12,46.290000915527344,1321.0,2.0959999561309814,48.70587921142578,17.97100830078125,2159.0400390625,0.79,1.21,1.68,0.89,1.51
2016-09-13,44.900001525878906,1319.0,2.0954999923706055,47.990238189697266,17.72323226928711,2127.02001953125,0.8,1.26,1.73,0.93,1.49
2016-09-14,43.58000183105469,1321.5,2.1480000019073486,47.94813919067383,17.792463302612305,2125.77001953125,0.77,1.21,1.7,0.93,1.49
2016-09-15,43.90999984741211,1313.5,2.1519999504089355,48.3270149230957,17.927282333374023,2147.260009765625,0.74,1.2,1.71,0.97,1.49
2016-09-16,43.029998779296875,1305.800048828125,2.1514999866485596,47.92236328125,18.102197647094727,2139.159912109375,0.77,1.21,1.7,0.93,1.51
2016-09-19,43.29999923706055,1313.5,2.1489999294281006,48.13399887084961,18.282270431518555,2139.1201171875,0.79,1.22,1.7,0.91,1.5
2016-09-20,43.439998626708984,1313.699951171875,2.1554999351501465,48.17632293701172,18.24919891357422,2139.760009765625,0.79,1.2,1.69,0.9,1.49
2016-09-21,45.34000015258789,1326.9000244140625,2.1449999809265137,48.802757263183594,18.620351791381836,2163.1201171875,0.79,1.2,1.66,0.87,1.51
2016-09-22,46.31999969482422,1340.4000244140625,2.1875,49.14984893798828,18.73427391052246,2177.179931640625,0.79,1.18,1.63,0.84,1.55
2016-09-23,44.47999954223633,1337.199951171875,2.192500114440918,48.86202621459961,18.719572067260742,2164.68994140625,0.77,1.16,1.62,0.85,1.57
2016-09-26,45.93000030517578,1339.699951171875,2.190000057220459,48.65038299560547,18.671802520751953,2146.10009765625,0.76,1.13,1.59,0.83,1.54
2016-09-27,44.66999816894531,1325.9000244140625,2.1614999771118164,48.9890022277832,18.42926597595215,2159.929931640625,0.75,1.12,1.56,0.81,1.52
2016-09-28,47.04999923706055,1319.4000244140625,2.179500102996826,49.36993408203125,18.403535842895508,2171.3701171875,0.75,1.13,1.57,0.82,1.56
2016-09-29,47.83000183105469,1321.699951171875,2.180999994277954,48.980533599853516,18.127931594848633,2151.1298828125,0.73,1.12,1.56,0.83,1.54
2016-09-30,48.2400016784668,1313.300048828125,2.2019999027252197,49.42074203491211,18.002981185913086,2168.27001953125,0.77,1.14,1.6,0.83,1.6
2016-10-03,48.810001373291016,1309.0,2.183500051498413,49.46306228637695,17.749420166015625,2161.199951171875,0.8,1.18,1.63,0.83,1.63
2016-10-04,48.689998626708984,1266.300048828125,2.1584999561309814,49.04826354980469,17.378263473510742,2150.489990234375,0.82,1.22,1.69,0.87,1.62
2016-10-05,49.83000183105469,1265.199951171875,2.1559998989105225,49.361480712890625,17.341516494750977,2159.72998046875,0.85,1.26,1.72,0.87,1.62
2016-10-06,50.439998626708984,1249.800048828125,2.1480000019073486,49.361480712890625,17.33783721923828,2160.77001953125,0.86,1.28,1.75,0.89,1.64
2016-10-07,49.810001373291016,1248.9000244140625,2.1565001010894775,48.72657775878906,17.31578826904297,2153.739990234375,0.83,1.26,1.73,0.9,1.63
2016-10-10,49.810001373291016,1248.9000244140625,2.1565001010894775,48.77737045288086,17.459104537963867,2163.659912109375,0.83,1.26,1.73,0.9,1.63
2016-10-11,50.790000915527344,1253.0,2.178499937057495,48.26945114135742,17.260671615600586,2136.72998046875,0.87,1.3,1.77,0.9,1.64
2016-10-12,50.18000030517578,1251.0999755859375,2.1695001125335693,48.36256408691406,17.42970848083496,2139.179931640625,0.87,1.31,1.79,0.92,1.64
2016-10-13,50.439998626708984,1255.0,2.115000009536743,48.345638275146484,17.646522521972656,2132.550048828125,0.85,1.27,1.75,0.9,1.63
2016-10-14,50.349998474121094,1253.0999755859375,2.1034998893737793,48.44721984863281,17.547304153442383,2132.97998046875,0.84,1.28,1.8,0.96,1.67
2016-10-17,49.939998626708984,1254.4000244140625,2.0994999408721924,48.32023239135742,17.642847061157227,2126.5,0.81,1.26,1.77,0.96,1.68
2016-10-18,50.290000915527344,1260.800048828125,2.0980000495910645,48.42182540893555,17.793519973754883,2139.60009765625,0.82,1.24,1.75,0.93,1.66
2016-10-19,51.599998474121094,1267.9000244140625,2.0969998836517334,48.5742073059082,17.753093719482422,2144.2900390625,0.81,1.24,1.76,0.95,1.68
2016-10-20,50.43000030517578,1265.5999755859375,2.0905001163482666,48.311771392822266,17.74207305908203,2141.340087890625,0.84,1.26,1.76,0.92,1.68
2016-10-21,50.849998474121094,1265.9000244140625,2.0834999084472656,48.24405288696289,17.639171600341797,2141.159912109375,0.84,1.25,1.74,0.9,1.67
2016-10-24,50.52000045776367,1262.0,2.0875000953674316,48.3371696472168,17.705322265625,2151.330078125,0.84,1.27,1.77,0.93,1.66
2016-10-25,49.959999084472656,1271.9000244140625,2.132499933242798,48.21019744873047,17.815567016601562,2143.159912109375,0.86,1.29,1.77,0.91,1.7
2016-10-26,49.18000030517578,1264.800048828125,2.1394999027252197,48.3795051574707,17.859661102294922,2139.429931640625,0.86,1.3,1.79,0.93,1.71
2016-10-27,49.720001220703125,1267.9000244140625,2.1654999256134033,48.04934310913086,17.753093719482422,2133.0400390625,0.87,1.33,1.85,0.98,1.72
2016-10-28,48.70000076293945,1275.5,2.188499927520752,48.3371696472168,17.80821418762207,2126.409912109375,0.86,1.33,1.86,1.0,1.73
2016-10-31,46.86000061035156,1271.5,2.200500011444092,48.430294036865234,18.1646728515625,2126.14990234375,0.86,1.31,1.84,0.98,1.73
2016-11-01,46.66999816894531,1286.4000244140625,2.2244999408721924,48.015480041503906,17.833938598632812,2111.719970703125,0.83,1.3,1.83,1.0,1.72
2016-11-02,45.34000015258789,1306.800048828125,2.2260000705718994,47.83771514892578,17.60978126525879,2097.93994140625,0.81,1.26,1.81,1.0,1.7
2016-11-03,44.65999984741211,1302.0999755859375,2.244499921798706,47.76151657104492,17.675920486450195,2088.659912109375,0.81,1.26,1.82,1.01,1.68
2016-11-04,44.06999969482422,1303.300048828125,2.260999917984009,47.80384826660156,17.620798110961914,2085.179931640625,0.8,1.24,1.79,0.99,1.68
2016-11-07,44.88999938964844,1278.300048828125,2.30649995803833,48.980533599853516,17.929481506347656,2131.52001953125,0.82,1.29,1.83,1.01,1.71
2016-11-08,44.97999954223633,1273.4000244140625,2.378999948501587,49.276824951171875,18.069128036499023,2139.56005859375,0.87,1.34,1.88,1.01,1.73
2016-11-09,45.27000045776367,1272.5999755859375,2.4590001106262207,50.51275634765625,17.403993606567383,2163.260009765625,0.9,1.49,2.07,1.17,1.82
2016-11-10,44.65999984741211,1265.5,2.549499988555908,51.58786392211914,16.98505401611328,2167.47998046875,0.92,1.56,2.15,1.23,1.88
2016-11-11,44.65999984741211,1265.5,2.549499988555908,51.68098831176758,16.915237426757812,2164.449951171875,0.92,1.56,2.15,1.23,1.88
2016-11-14,43.31999969482422,1221.199951171875,2.5185000896453857,51.90107345581055,16.90420913696289,2164.199951171875,1.0,1.66,2.23,1.23,1.83
2016-11-15,45.810001373291016,1224.0,2.502000093460083,52.095787048339844,17.176145553588867,2180.389892578125,1.02,1.68,2.23,1.21,1.82
2016-11-16,45.56999969482422,1223.4000244140625,2.4649999141693115,51.79949951171875,17.058549880981445,2176.93994140625,1.0,1.68,2.22,1.22,1.83
2016-11-17,45.41999816894531,1216.5,2.487499952316284,51.909549713134766,17.062223434448242,2187.1201171875,1.04,1.73,2.29,1.25,1.87
2016-11-18,45.689998626708984,1208.5,2.4639999866485596,51.892608642578125,17.010784149169922,2181.89990234375,1.07,1.8,2.34,1.27,1.9
2016-11-21,47.4900016784668,1209.5999755859375,2.512500047683716,52.17197036743164,17.190847396850586,2198.179931640625,1.08,1.79,2.33,1.25,1.91
2016-11-22,48.029998779296875,1211.0,2.5425000190734863,52.40900421142578,17.256988525390625,2202.93994140625,1.07,1.77,2.31,1.24,1.9
2016-11-23,47.959999084472656,1189.0999755859375,2.6059999465942383,52.79840850830078,17.084274291992188,2204.719970703125,1.12,1.83,2.36,1.24,1.92
2016-11-24,47.959999084472656,1189.0999755859375,2.6059999465942383,52.79840850830078,17.084274291992188,2204.719970703125,1.12,1.83,2.36,1.24,1.92
2016-11-25,46.060001373291016,1178.199951171875,2.6670000553131104,53.08623504638672,17.330490112304688,2213.35009765625,1.12,1.83,2.36,1.24,1.89
2016-11-28,47.08000183105469,1190.5999755859375,2.6559998989105225,52.722232818603516,17.664897918701172,2201.719970703125,1.11,1.8,2.32,1.21,1.85
2016-11-29,45.22999954223633,1187.9000244140625,2.5950000286102295,52.764556884765625,17.7383975982666,2204.659912109375,1.09,1.78,2.3,1.21,1.86
2016-11-30,49.439998626708984,1170.800048828125,2.621500015258789,52.83226013183594,17.179826736450195,2198.81005859375,1.11,1.83,2.37,1.26,1.94
2016-12-01,51.060001373291016,1166.9000244140625,2.631500005722046,53.17934799194336,17.043853759765625,2191.080078125,1.14,1.9,2.45,1.31,1.97
2016-12-02,51.68000030517578,1175.0999755859375,2.615000009536743,53.17089080810547,17.198190689086914,2191.949951171875,1.11,1.84,2.4,1.29,1.91
2016-12-05,51.790000915527344,1174.0,2.688999891281128,53.1285514831543,17.220245361328125,2204.7099609375,1.13,1.84,2.39,1.26,1.94
2016-12-06,50.93000030517578,1167.5999755859375,2.671999931335449,53.230133056640625,17.187171936035156,2212.22998046875,1.12,1.84,2.39,1.27,1.95
2016-12-07,49.77000045776367,1175.0,2.63700008392334,54.2205924987793,17.411333084106445,2241.35009765625,1.1,1.8,2.34,1.24,1.92
2016-12-08,50.84000015258789,1169.800048828125,2.619999885559082,53.915836334228516,17.440738677978516,2246.18994140625,1.12,1.83,2.4,1.28,1.95
2016-12-09,51.5,1159.4000244140625,2.6419999599456787,54.16132736206055,17.624475479125977,2259.530029296875,1.15,1.89,2.47,1.32,1.96
2016-12-12,52.83000183105469,1163.5,2.61299991607666,53.966636657714844,17.80821418762207,2256.9599609375,1.15,1.9,2.49,1.34,1.98
2016-12-13,52.97999954223633,1156.699951171875,2.5929999351501465,53.890438079833984,17.991958618164062,2271.719970703125,1.17,1.92,2.48,1.31,1.95
2016-12-14,51.040000915527344,1161.300048828125,2.5999999046325684,53.348655700683594,17.620798110961914,2253.280029296875,1.27,2.02,2.54,1.27,1.94
2016-12-15,50.900001525878906,1127.800048828125,2.5959999561309814,53.40791320800781,17.745746612548828,2262.030029296875,1.29,2.1,2.6,1.31,1.9
2016-12-16,51.900001525878906,1135.300048828125,2.561000108718872,53.300594329833984,17.962059020996094,2258.070068359375,1.28,2.07,2.6,1.32,1.86
2016-12-19,52.119998931884766,1140.5,2.496500015258789,53.598690032958984,18.028850555419922,2262.530029296875,1.24,2.03,2.54,1.3,1.86
2016-12-20,52.22999954223633,1131.5,2.499500036239624,53.90531921386719,18.051109313964844,2270.760009765625,1.25,2.06,2.57,1.32,1.9
2016-12-21,52.4900016784668,1131.0999755859375,2.491499900817871,53.700904846191406,17.976903915405273,2265.179931640625,1.21,2.04,2.55,1.34,1.91
2016-12-22,52.95000076293945,1128.800048828125,2.494499921798706,53.598690032958984,18.03997802734375,2260.9599609375,1.22,2.04,2.55,1.33,1.95
2016-12-23,53.02000045776367,1131.9000244140625,2.4725000858306885,53.64979553222656,18.036272048950195,2263.7900390625,1.22,2.04,2.55,1.33,1.97
2016-12-26,53.02000045776367,1131.9000244140625,2.4725000858306885,53.64979553222656,18.036272048950195,2263.7900390625,1.22,2.04,2.55,1.33,1.97
2016-12-27,53.900001525878906,1137.300048828125,2.507999897003174,53.76051712036133,18.051109313964844,2268.8798828125,1.28,2.07,2.57,1.29,1.99
2016-12-28,54.060001373291016,1139.4000244140625,2.494999885559082,53.198394775390625,17.880428314208984,2249.919921875,1.26,2.02,2.51,1.25,1.95
2016-12-29,53.77000045776367,1156.4000244140625,2.4790000915527344,53.18136215209961,18.121606826782227,2249.260009765625,1.22,1.96,2.49,1.27,1.94
2016-12-30,53.720001220703125,1150.0,2.497499942779541,52.99397659301758,18.021427154541016,2238.830078125,1.2,1.93,2.45,1.25,1.95
2017-01-02,53.720001220703125,1150.0,2.497499942779541,52.99397659301758,18.021427154541016,2238.830078125,1.2,1.93,2.45,1.25,1.95
2017-01-03,52.33000183105469,1160.4000244140625,2.4809999465942383,53.309120178222656,17.976903915405273,2257.830078125,1.22,1.94,2.45,1.23,1.98
2017-01-04,53.2599983215332,1163.800048828125,2.5480000972747803,53.62424087524414,18.04368782043457,2270.75,1.24,1.94,2.46,1.22,1.99
2017-01-05,53.7599983215332,1179.699951171875,2.5295000076293945,53.47093963623047,18.06224250793457,2269.0,1.17,1.86,2.37,1.2,1.95
2017-01-06,53.9900016784668,1171.9000244140625,2.5380001068115234,53.77755355834961,18.117900848388672,2276.97998046875,1.22,1.92,2.42,1.2,1.96
2017-01-09,51.959999084472656,1183.5,2.5299999713897705,53.36021041870117,17.880428314208984,2268.89990234375,1.21,1.89,2.38,1.17,1.95
2017-01-10,50.81999969482422,1184.199951171875,2.6034998893737793,53.58167266845703,17.824777603149414,2268.89990234375,1.19,1.89,2.38,1.19,1.95
2017-01-11,52.25,1195.5999755859375,2.6010000705718994,53.862735748291016,18.010295867919922,2275.320068359375,1.2,1.89,2.38,1.18,1.99
2017-01-12,53.0099983215332,1198.9000244140625,2.6605000495910645,53.64128875732422,18.025142669677734,2270.43994140625,1.18,1.87,2.36,1.18,1.98
2017-01-13,52.369998931884766,1195.300048828125,2.680500030517578,53.84568786621094,17.999168395996094,2274.639892578125,1.21,1.9,2.4,1.19,1.99
2017-01-16,52.369998931884766,1195.300048828125,2.680500030517578,53.84568786621094,17.999168395996094,2274.639892578125,1.21,1.9,2.4,1.19,1.99
2017-01-17,52.47999954223633,1212.0,2.616499900817871,53.4283447265625,18.195816040039062,2267.889892578125,1.17,1.84,2.33,1.16,1.97
2017-01-18,51.08000183105469,1211.300048828125,2.6080000400543213,53.63277053833008,18.173555374145508,2271.889892578125,1.23,1.93,2.42,1.19,2.0
2017-01-19,51.369998931884766,1200.9000244140625,2.6015000343322754,54.02455139160156,18.014007568359375,2263.68994140625,1.25,1.97,2.47,1.22,2.04
2017-01-20,52.41999816894531,1204.300048828125,2.617000102996826,54.033084869384766,18.047405242919922,2271.31005859375,1.2,1.95,2.48,1.28,2.04
2017-01-23,52.75,1215.0,2.6394999027252197,53.7349739074707,17.954641342163086,2265.199951171875,1.16,1.88,2.41,1.25,2.02
2017-01-24,53.18000030517578,1210.300048828125,2.700500011444092,54.27155303955078,17.9509334564209,2280.070068359375,1.21,1.94,2.47,1.26,2.06
2017-01-25,52.75,1197.300048828125,2.702500104904175,54.84220504760742,17.9509334564209,2298.3701171875,1.23,1.99,2.53,1.3,2.08
2017-01-26,53.779998779296875,1189.5,2.6659998893737793,54.96996307373047,17.958351135253906,2296.679931640625,1.21,1.95,2.51,1.3,2.08
2017-01-27,53.16999816894531,1188.0999755859375,2.680000066757202,54.9273796081543,17.954641342163086,2294.68994140625,1.22,1.94,2.49,1.27,2.08
2017-01-30,52.630001068115234,1193.199951171875,2.6475000381469727,54.45893478393555,17.9694881439209,2280.89990234375,1.22,1.94,2.49,1.27,2.07
2017-01-31,52.810001373291016,1208.5999755859375,2.7214999198913574,53.98197555541992,18.247760772705078,2278.8701171875,1.19,1.9,2.45,1.26,2.05
2017-02-01,53.880001068115234,1205.5999755859375,2.7044999599456787,53.888282775878906,17.9323787689209,2279.550048828125,1.22,1.93,2.48,1.26,2.05
2017-02-02,53.540000915527344,1216.699951171875,2.677999973297119,53.78606414794922,18.121606826782227,2280.85009765625,1.21,1.92,2.48,1.27,2.05
2017-02-03,53.83000183105469,1218.5,2.609499931335449,54.18638610839844,18.14387321472168,2297.419921875,1.21,1.93,2.49,1.28,2.05
2017-02-06,53.0099983215332,1230.0,2.6454999446868896,54.263038635253906,18.106767654418945,2292.56005859375,1.16,1.86,2.42,1.26,2.02
2017-02-07,52.16999816894531,1234.199951171875,2.625999927520752,54.35673522949219,18.15129280090332,2293.080078125,1.16,1.85,2.4,1.24,2.0
2017-02-08,52.34000015258789,1237.5999755859375,2.6605000495910645,54.280067443847656,18.329389572143555,2294.669921875,1.15,1.81,2.34,1.19,1.96
2017-02-09,53.0,1235.0999755859375,2.6480000019073486,54.69741439819336,18.173555374145508,2307.8701171875,1.2,1.88,2.4,1.2,1.99
2017-02-10,53.86000061035156,1234.4000244140625,2.76200008392334,55.13179016113281,18.2885799407959,2316.10009765625,1.2,1.89,2.41,1.21,2.01
2017-02-13,52.93000030517578,1224.4000244140625,2.7764999866485596,55.6854133605957,18.377626419067383,2328.25,1.2,1.92,2.43,1.23,2.0
2017-02-14,53.20000076293945,1223.9000244140625,2.7309999465942383,55.710968017578125,18.244050979614258,2337.580078125,1.25,1.98,2.47,1.22,2.01
2017-02-15,53.11000061035156,1231.699951171875,2.7360000610351562,56.00905227661133,18.19952392578125,2349.25,1.27,2.01,2.51,1.24,2.06
2017-02-16,53.36000061035156,1240.0,2.7160000801086426,56.02609634399414,18.381338119506836,2347.219970703125,1.22,1.95,2.45,1.23,2.02
2017-02-17,53.400001525878906,1237.5999755859375,2.7054998874664307,56.11977767944336,18.392467498779297,2351.159912109375,1.21,1.92,2.42,1.21,2.01
2017-02-20,53.400001525878906,1237.5999755859375,2.7054998874664307,56.11977767944336,18.392467498779297,2351.159912109375,1.21,1.92,2.42,1.21,2.01
2017-02-21,54.060001373291016,1237.5,2.745500087738037,56.400856018066406,18.58541488647461,2365.3798828125,1.22,1.93,2.43,1.21,2.03
2017-02-22,53.59000015258789,1232.0,2.7325000762939453,56.24754333496094,18.6633243560791,2362.820068359375,1.22,1.92,2.42,1.2,2.04
2017-02-23,54.45000076293945,1250.199951171875,2.6424999237060547,55.881309509277344,18.856271743774414,2363.81005859375,1.18,1.87,2.38,1.2,2.03
2017-02-24,53.9900016784668,1256.9000244140625,2.680000066757202,56.11977767944336,19.141971588134766,2367.340087890625,1.12,1.8,2.31,1.19,2.0
2017-02-27,54.04999923706055,1257.4000244140625,2.6875,56.3242073059082,19.03436851501465,2369.75,1.2,1.87,2.36,1.16,2.01
2017-02-28,54.0099983215332,1252.5999755859375,2.7039999961853027,56.0942497253418,19.208757400512695,2363.639892578125,1.22,1.89,2.36,1.14,2.02
2017-03-01,53.83000183105469,1248.9000244140625,2.7265000343322754,57.039649963378906,19.038076400756836,2395.9599609375,1.29,1.99,2.46,1.17,2.03
2017-03-02,52.61000061035156,1231.9000244140625,2.679500102996826,56.42641067504883,19.17535972595215,2381.919921875,1.32,2.03,2.49,1.17,2.01
2017-03-03,53.33000183105469,1225.5,2.687000036239624,56.486026763916016,19.115997314453125,2383.1201171875,1.32,2.02,2.49,1.17,2.04
2017-03-06,53.20000076293945,1224.5,2.6429998874664307,56.34975051879883,19.07889175415039,2375.31005859375,1.31,2.02,2.49,1.18,2.01
2017-03-07,53.13999938964844,1215.0999755859375,2.609499931335449,56.18793487548828,19.067760467529297,2368.389892578125,1.32,2.05,2.52,1.2,2.03
2017-03-08,50.279998779296875,1208.5,2.5920000076293945,55.992027282714844,18.793190002441406,2362.97998046875,1.36,2.08,2.57,1.21,2.01
2017-03-09,49.279998779296875,1202.4000244140625,2.569999933242798,55.73651885986328,18.75238037109375,2364.8701171875,1.37,2.13,2.6,1.23,2.0
2017-03-10,48.4900016784668,1200.699951171875,2.5864999294281006,56.077205657958984,18.908214569091797,2372.60009765625,1.36,2.11,2.58,1.22,2.01
2017-03-13,48.400001525878906,1202.4000244140625,2.616499900817871,56.04313659667969,18.963871002197266,2373.469970703125,1.4,2.14,2.62,1.22,2.01
2017-03-14,47.720001220703125,1201.9000244140625,2.624000072479248,55.515071868896484,18.945314407348633,2365.449951171875,1.4,2.13,2.6,1.2,1.99
2017-03-15,48.86000061035156,1200.0999755859375,2.6454999446868896,56.145347595214844,19.24957275390625,2385.260009765625,1.33,2.02,2.51,1.18,2.01
2017-03-16,48.75,1226.5,2.6654999256134033,55.88983154296875,19.038076400756836,2381.3798828125,1.35,2.05,2.53,1.18,2.02
2017-03-17,48.779998779296875,1229.800048828125,2.679500102996826,56.19527816772461,19.15285873413086,2378.25,1.33,2.03,2.5,1.17,2.01
2017-03-20,48.220001220703125,1233.5999755859375,2.6554999351501465,56.09260177612305,19.025739669799805,2373.469970703125,1.3,2.0,2.47,1.17,2.0
2017-03-21,47.34000015258789,1246.0999755859375,2.609999895095825,55.23700714111328,19.294923782348633,2344.02001953125,1.27,1.96,2.43,1.16,1.98
2017-03-22,48.040000915527344,1249.300048828125,2.621999979019165,55.43379592895508,19.38838768005371,2348.449951171875,1.27,1.95,2.4,1.13,1.97
2017-03-23,47.70000076293945,1246.9000244140625,2.6364998817443848,55.35678482055664,19.328561782836914,2345.9599609375,1.26,1.95,2.41,1.15,1.95
2017-03-24,47.970001220703125,1248.199951171875,2.623500108718872,55.211334228515625,19.399599075317383,2343.97998046875,1.26,1.93,2.4,1.14,1.98
2017-03-27,47.72999954223633,1255.4000244140625,2.625,55.01456069946289,19.3248291015625,2341.590087890625,1.27,1.93,2.38,1.11,1.97
2017-03-28,48.369998931884766,1255.300048828125,2.6689999103546143,55.59634780883789,19.309873580932617,2358.570068359375,1.3,1.97,2.42,1.12,1.97
2017-03-29,49.5099983215332,1253.4000244140625,2.6700000762939453,55.58780288696289,19.25753402709961,2361.1298828125,1.26,1.93,2.39,1.13,1.98
2017-03-30,50.349998474121094,1245.0,2.6649999618530273,55.89582443237305,19.107990264892578,2368.06005859375,1.28,1.96,2.42,1.14,1.96
2017-03-31,50.599998474121094,1247.300048828125,2.6465001106262207,55.664798736572266,19.18276023864746,2362.719970703125,1.27,1.93,2.4,1.13,1.97
2017-04-03,50.2400016784668,1250.800048828125,2.5975000858306885,55.54501724243164,19.17902374267578,2358.840087890625,1.24,1.88,2.35,1.11,1.96
2017-04-04,51.029998779296875,1255.0,2.6059999465942383,55.69047164916992,19.238842010498047,2360.159912109375,1.25,1.88,2.36,1.11,1.96
2017-04-05,51.150001525878906,1245.4000244140625,2.67549991607666,55.51079177856445,19.347261428833008,2352.949951171875,1.24,1.85,2.34,1.1,1.97
2017-04-06,51.70000076293945,1250.300048828125,2.6554999351501465,55.664798736572266,19.298656463623047,2357.489990234375,1.24,1.87,2.34,1.1,1.95
2017-04-07,52.2400016784668,1254.300048828125,2.6449999809265137,55.724708557128906,19.21640968322754,2355.5400390625,1.29,1.92,2.38,1.09,1.94
2017-04-10,53.08000183105469,1251.0999755859375,2.6019999980926514,55.86158752441406,19.25005531311035,2357.159912109375,1.29,1.91,2.37,1.08,1.93
2017-04-11,53.400001525878906,1271.199951171875,2.6059999465942383,55.938594818115234,19.242576599121094,2353.780029296875,1.24,1.84,2.32,1.08,1.91
2017-04-12,53.11000061035156,1275.300048828125,2.5439999103546143,55.16856002807617,19.3846492767334,2344.929931640625,1.24,1.81,2.28,1.04,1.9
2017-04-13,53.18000030517578,1285.9000244140625,2.569499969482422,54.774993896484375,19.32108497619629,2328.949951171875,1.21,1.77,2.24,1.03,1.92
2017-04-14,53.18000030517578,1285.9000244140625,2.569499969482422,54.774993896484375,19.32108497619629,2328.949951171875,1.21,1.77,2.24,1.03,1.92
2017-04-17,52.650001525878906,1289.4000244140625,2.5950000286102295,55.37389373779297,19.407079696655273,2349.010009765625,1.21,1.79,2.26,1.05,1.88
2017-04-18,52.40999984741211,1291.699951171875,2.5290000438690186,55.19424057006836,19.451940536499023,2342.18994140625,1.18,1.71,2.18,1.0,1.85
2017-04-19,50.439998626708984,1281.4000244140625,2.5334999561309814,55.24557113647461,19.317346572875977,2338.169921875,1.19,1.74,2.21,1.02,1.85
2017-04-20,50.27000045776367,1281.9000244140625,2.5409998893737793,55.91292190551758,19.242576599121094,2355.840087890625,1.21,1.78,2.24,1.03,1.85
2017-04-21,49.619998931884766,1287.4000244140625,2.5364999771118164,55.96426773071289,19.339784622192383,2348.68994140625,1.2,1.77,2.24,1.04,1.84
2017-04-24,49.22999954223633,1275.800048828125,2.553499937057495,56.75995635986328,19.440725326538086,2374.14990234375,1.25,1.81,2.28,1.03,1.87
2017-04-25,49.560001373291016,1265.5999755859375,2.5820000171661377,57.033756256103516,19.414548873901367,2388.610107421875,1.29,1.87,2.35,1.06,1.91
2017-04-26,49.619998931884766,1262.0999755859375,2.5910000801086426,57.04230880737305,19.354738235473633,2387.449951171875,1.28,1.84,2.32,1.04,1.9
2017-04-27,48.970001220703125,1263.699951171875,2.5799999237060547,57.02519607543945,19.422039031982422,2388.77001953125,1.25,1.81,2.3,1.05,1.91
2017-04-28,49.33000183105469,1266.0999755859375,2.5964999198913574,56.75995635986328,19.328561782836914,2384.199951171875,1.28,1.81,2.29,1.01,1.92
2017-05-01,48.84000015258789,1253.300048828125,2.6500000953674316,56.58884048461914,19.212671279907227,2388.330078125,1.28,1.84,2.33,1.05,1.92
2017-05-02,47.65999984741211,1255.0999755859375,2.625,56.86263656616211,19.235103607177734,2391.169921875,1.27,1.81,2.29,1.02,1.88
2017-05-03,47.81999969482422,1246.4000244140625,2.5329999923706055,56.905418395996094,19.16780662536621,2388.1298828125,1.3,1.86,2.33,1.03,1.87
2017-05-04,45.52000045776367,1226.5,2.502000093460083,56.96531295776367,19.235103607177734,2389.52001953125,1.32,1.88,2.36,1.04,1.86
2017-05-05,46.220001220703125,1224.800048828125,2.5195000171661377,57.256195068359375,19.339784622192383,2399.2900390625,1.32,1.89,2.36,1.04,1.86
2017-05-08,46.43000030517578,1225.300048828125,2.4855000972747803,57.102203369140625,19.332305908203125,2399.3798828125,1.33,1.91,2.39,1.06,1.86
2017-05-09,45.880001068115234,1214.300048828125,2.490000009536743,57.179203033447266,19.190242767333984,2396.919921875,1.37,1.94,2.42,1.05,1.86
2017-05-10,47.33000183105469,1217.300048828125,2.486999988555908,57.059417724609375,19.22014808654785,2399.6298828125,1.35,1.94,2.41,1.06,1.85
2017-05-11,47.83000183105469,1222.699951171875,2.500999927520752,57.04230880737305,19.24631690979004,2394.43994140625,1.35,1.93,2.39,1.04,1.88
2017-05-12,47.84000015258789,1226.199951171875,2.5179998874664307,56.72573471069336,19.339784622192383,2390.89990234375,1.29,1.85,2.33,1.04,1.84
2017-05-15,48.849998474121094,1228.5999755859375,2.5329999923706055,56.99097442626953,19.422039031982422,2402.320068359375,1.31,1.86,2.34,1.03,1.82
2017-05-16,48.65999984741211,1235.0,2.5445001125335693,56.931087493896484,19.27996063232422,2400.669921875,1.29,1.86,2.33,1.04,1.82
2017-05-17,49.06999969482422,1257.5,2.5425000190734863,55.79313659667969,19.328561782836914,2357.030029296875,1.26,1.76,2.22,0.96,1.78
2017-05-18,49.349998474121094,1251.699951171875,2.5264999866485596,55.870147705078125,19.395864486694336,2365.719970703125,1.27,1.78,2.23,0.96,1.8
2017-05-19,50.33000183105469,1252.699951171875,2.5739998817443848,56.605953216552734,19.47063636779785,2381.72998046875,1.28,1.79,2.23,0.95,1.82
2017-05-22,50.72999954223633,1260.699951171875,2.5889999866485596,57.04230880737305,19.638872146606445,2394.02001953125,1.29,1.8,2.25,0.96,1.82
2017-05-23,51.470001220703125,1254.800048828125,2.5905001163482666,57.16209411621094,19.691213607788086,2398.419921875,1.31,1.84,2.29,0.98,1.83
2017-05-24,51.36000061035156,1252.4000244140625,2.578000068664551,57.230533599853516,19.803373336791992,2404.389892578125,1.29,1.79,2.26,0.97,1.81
2017-05-25,48.900001525878906,1255.800048828125,2.5920000076293945,57.60699462890625,19.964130401611328,2415.070068359375,1.3,1.78,2.25,0.95,1.8
2017-05-26,49.79999923706055,1267.5999755859375,2.559499979019165,57.67544174194336,19.964130401611328,2415.820068359375,1.3,1.79,2.25,0.95,1.81
2017-05-29,49.79999923706055,1267.5999755859375,2.559499979019165,57.67544174194336,19.964130401611328,2415.820068359375,1.3,1.79,2.25,0.95,1.81
2017-05-30,49.65999984741211,1262.0999755859375,2.561000108718872,57.65834426879883,20.02768325805664,2412.909912109375,1.28,1.76,2.21,0.93,1.81
2017-05-31,48.31999969482422,1272.0,2.5769999027252197,57.76957321166992,20.128625869750977,2411.800048828125,1.28,1.75,2.21,0.93,1.81
2017-06-01,48.36000061035156,1267.0,2.5845000743865967,58.12891387939453,20.270700454711914,2430.06005859375,1.28,1.76,2.21,0.93,1.81
2017-06-02,47.65999984741211,1276.800048828125,2.571500062942505,58.35991287231445,20.293123245239258,2439.070068359375,1.28,1.71,2.15,0.87,1.79
2017-06-05,47.400001525878906,1279.300048828125,2.554500102996826,58.15457534790039,20.229570388793945,2436.10009765625,1.32,1.74,2.18,0.86,1.79
2017-06-06,48.189998626708984,1294.4000244140625,2.5445001125335693,57.761016845703125,20.184707641601562,2429.330078125,1.3,1.71,2.14,0.84,1.77
2017-06-07,45.720001220703125,1290.0999755859375,2.5490000247955322,57.69255065917969,20.252002716064453,2433.139892578125,1.32,1.74,2.18,0.86,1.78
2017-06-08,45.63999938964844,1276.300048828125,2.6070001125335693,57.88080596923828,20.083765029907227,2433.7900390625,1.33,1.75,2.19,0.86,1.78
2017-06-09,45.83000183105469,1268.5,2.6459999084472656,58.10324478149414,20.0650691986084,2431.77001953125,1.35,1.77,2.21,0.86,1.78
2017-06-12,46.08000183105469,1266.0999755859375,2.612499952316284,58.317134857177734,20.02768325805664,2429.389892578125,1.35,1.78,2.21,0.86,1.75
2017-06-13,46.459999084472656,1265.800048828125,2.5929999351501465,58.55670166015625,20.0762882232666,2440.35009765625,1.38,1.79,2.21,0.83,1.75
2017-06-14,44.72999954223633,1272.800048828125,2.570499897003174,58.49680709838867,20.184707641601562,2437.919921875,1.35,1.74,2.15,0.8,1.71
2017-06-15,44.459999084472656,1252.199951171875,2.563999891281128,58.847591400146484,20.30060577392578,2432.4599609375,1.35,1.76,2.16,0.81,1.67
2017-06-16,44.7400016784668,1254.0,2.5625,59.04016876220703,20.393695831298828,2433.14990234375,1.32,1.75,2.16,0.84,1.67
2017-06-19,44.20000076293945,1244.199951171875,2.5894999504089355,59.401222229003906,20.325857162475586,2453.4599609375,1.36,1.8,2.19,0.83,1.67
2017-06-20,43.22999954223633,1241.0,2.555000066757202,58.76508331298828,20.3371639251709,2437.030029296875,1.36,1.77,2.16,0.8,1.66
2017-06-21,42.529998779296875,1243.4000244140625,2.6019999980926514,58.36964416503906,20.216556549072266,2435.610107421875,1.36,1.78,2.16,0.8,1.66
2017-06-22,42.7400016784668,1247.5999755859375,2.5980000495910645,58.24928283691406,20.122331619262695,2434.5,1.34,1.76,2.15,0.81,1.69
2017-06-23,43.0099983215332,1256.199951171875,2.622999906539917,58.46421813964844,20.05449104309082,2438.300048828125,1.34,1.77,2.15,0.81,1.7
2017-06-26,43.380001068115234,1246.300048828125,2.625,58.48139572143555,20.190174102783203,2439.070068359375,1.36,1.77,2.14,0.78,1.71
2017-06-27,44.2400016784668,1246.4000244140625,2.6465001106262207,58.04298782348633,19.964038848876953,2419.3798828125,1.38,1.83,2.21,0.83,1.71
2017-06-28,44.7400016784668,1248.0,2.6619999408721924,58.56735610961914,19.77182388305664,2440.68994140625,1.34,1.81,2.22,0.88,1.73
2017-06-29,44.93000030517578,1244.199951171875,2.683000087738037,58.068782806396484,19.613523483276367,2419.699951171875,1.38,1.85,2.27,0.89,1.72
2017-06-30,46.040000915527344,1240.699951171875,2.6989998817443848,58.55017852783203,19.583370208740234,2423.409912109375,1.38,1.89,2.31,0.93,1.73
2017-07-03,47.06999969482422,1217.9000244140625,2.680999994277954,58.91122055053711,19.492919921875,2429.010009765625,1.41,1.93,2.35,0.94,1.75
2017-07-04,47.06999969482422,1217.9000244140625,2.680999994277954,58.91122055053711,19.492919921875,2429.010009765625,1.41,1.93,2.35,0.94,1.75
2017-07-05,45.130001068115234,1220.4000244140625,2.6489999294281006,59.08315658569336,19.39869499206543,2432.5400390625,1.41,1.92,2.33,0.92,1.75
2017-07-06,45.52000045776367,1222.199951171875,2.6514999866485596,58.56735610961914,19.39116096496582,2409.75,1.4,1.94,2.37,0.97,1.76
2017-07-07,44.22999954223633,1208.5999755859375,2.637500047683716,59.02297592163086,19.40623664855957,2425.179931640625,1.4,1.95,2.39,0.99,1.73
2017-07-10,44.400001525878906,1212.0999755859375,2.6394999027252197,59.194915771484375,19.39116096496582,2427.429931640625,1.4,1.93,2.38,0.98,1.72
2017-07-11,45.040000915527344,1213.5999755859375,2.6644999980926514,59.14332962036133,19.37985610961914,2425.530029296875,1.37,1.92,2.37,1.0,1.75
2017-07-12,45.4900016784668,1218.0999755859375,2.677000045776367,59.46998977661133,19.545690536499023,2443.25,1.35,1.88,2.33,0.98,1.76
2017-07-13,46.08000183105469,1216.300048828125,2.6545000076293945,59.427001953125,19.47784423828125,2447.830078125,1.37,1.89,2.35,0.98,1.77
2017-07-14,46.540000915527344,1226.5999755859375,2.684000015258789,59.68490219116211,19.568300247192383,2459.27001953125,1.35,1.87,2.33,0.98,1.76
2017-07-17,46.02000045776367,1232.800048828125,2.7170000076293945,59.650489807128906,19.65875244140625,2459.139892578125,1.36,1.86,2.31,0.95,1.77
2017-07-18,46.400001525878906,1241.0999755859375,2.7235000133514404,59.512969970703125,19.71529197692871,2460.610107421875,1.36,1.82,2.27,0.91,1.76
2017-07-19,47.119998931884766,1241.199951171875,2.703000068664551,59.573143005371094,19.79820442199707,2473.830078125,1.37,1.83,2.27,0.9,1.76
2017-07-20,46.790000915527344,1244.800048828125,2.7084999084472656,59.23788070678711,19.941429138183594,2473.449951171875,1.37,1.82,2.27,0.9,1.77
2017-07-21,45.77000045776367,1254.300048828125,2.7149999141693115,59.12611770629883,20.084644317626953,2472.5400390625,1.36,1.81,2.24,0.88,1.76
2017-07-24,46.34000015258789,1253.9000244140625,2.7290000915527344,58.99716567993164,19.896198272705078,2469.909912109375,1.37,1.83,2.26,0.89,1.78
2017-07-25,47.88999938964844,1251.699951171875,2.8405001163482666,58.9198112487793,19.783132553100586,2477.1298828125,1.4,1.9,2.33,0.93,1.81
2017-07-26,48.75,1249.0,2.86899995803833,58.99716567993164,19.97157859802246,2477.830078125,1.36,1.83,2.29,0.93,1.8
2017-07-27,49.040000915527344,1259.5999755859375,2.874000072479248,58.66192626953125,20.02057456970215,2475.419921875,1.36,1.84,2.32,0.96,1.83
2017-07-28,49.709999084472656,1268.4000244140625,2.870500087738037,58.79947280883789,19.99042510986328,2472.10009765625,1.34,1.83,2.3,0.96,1.83
2017-07-31,50.16999816894531,1266.5999755859375,2.888000011444092,58.72208786010742,20.05826187133789,2470.300048828125,1.34,1.84,2.3,0.96,1.82
2017-08-01,49.15999984741211,1272.5999755859375,2.878999948501587,58.55017852783203,20.17133140563965,2476.35009765625,1.34,1.8,2.26,0.92,1.79
2017-08-02,49.59000015258789,1271.800048828125,2.882499933242798,58.808067321777344,20.258010864257812,2477.570068359375,1.36,1.82,2.27,0.91,1.79
2017-08-03,49.029998779296875,1267.800048828125,2.877000093460083,59.100341796875,20.359779357910156,2472.159912109375,1.34,1.79,2.24,0.9,1.78
2017-08-04,49.58000183105469,1258.300048828125,2.884999990463257,59.21210479736328,20.269323348999023,2476.830078125,1.36,1.82,2.27,0.91,1.8
2017-08-07,49.38999938964844,1258.199951171875,2.9079999923706055,59.21210479736328,20.333391189575195,2480.909912109375,1.36,1.81,2.26,0.9,1.8
2017-08-08,49.16999816894531,1256.4000244140625,2.942500114440918,59.03155517578125,20.416305541992188,2474.919921875,1.36,1.84,2.29,0.93,1.83
2017-08-09,49.560001373291016,1273.0,2.930000066757202,59.048770904541016,20.310775756835938,2474.02001953125,1.33,1.81,2.24,0.91,1.82
2017-08-10,48.59000015258789,1283.699951171875,2.9059998989105225,58.30086898803711,20.374855041503906,2438.2099609375,1.33,1.78,2.2,0.87,1.8
2017-08-11,48.81999969482422,1287.699951171875,2.9140000343322754,58.33527755737305,20.25425148010254,2441.320068359375,1.3,1.74,2.19,0.89,1.79
2017-08-14,47.59000015258789,1284.199951171875,2.9065001010894775,58.94560241699219,20.371082305908203,2465.840087890625,1.33,1.77,2.22,0.89,1.77
2017-08-15,47.54999923706055,1273.699951171875,2.884500026702881,58.81666564941406,20.484146118164062,2464.610107421875,1.35,1.83,2.27,0.92,1.78
2017-08-16,46.779998779296875,1276.9000244140625,2.9544999599456787,58.97999572753906,20.56706428527832,2468.110107421875,1.33,1.79,2.23,0.9,1.78
2017-08-17,47.09000015258789,1286.4000244140625,2.937999963760376,57.957027435302734,20.420087814331055,2430.010009765625,1.32,1.76,2.19,0.87,1.77
2017-08-18,48.5099983215332,1285.699951171875,2.940500020980835,57.724918365478516,20.54068374633789,2425.550048828125,1.33,1.77,2.19,0.86,1.76
2017-08-21,47.369998931884766,1290.800048828125,2.9809999465942383,57.81947708129883,20.61606788635254,2428.3701171875,1.32,1.76,2.18,0.86,1.75
2017-08-22,47.63999938964844,1285.0999755859375,2.9865000247955322,58.48139572143555,20.661291122436523,2452.510009765625,1.33,1.8,2.22,0.89,1.77
2017-08-23,48.40999984741211,1288.9000244140625,2.9804999828338623,57.931236267089844,20.7291316986084,2444.0400390625,1.32,1.76,2.17,0.85,1.75
2017-08-24,47.43000030517578,1286.5,3.0334999561309814,57.750701904296875,20.714048385620117,2438.969970703125,1.33,1.78,2.19,0.86,1.75
2017-08-25,47.869998931884766,1292.5,3.0329999923706055,58.02578353881836,20.781898498535156,2443.050048828125,1.35,1.77,2.17,0.82,1.75
2017-08-28,46.56999969482422,1309.699951171875,3.065000057220459,57.99140548706055,20.8195858001709,2444.239990234375,1.33,1.74,2.16,0.83,1.75
2017-08-29,46.439998626708984,1313.0999755859375,3.0810000896453857,58.41261672973633,20.77435874938965,2446.300048828125,1.33,1.7,2.13,0.8,1.74
2017-08-30,45.959999084472656,1308.0999755859375,3.064500093460083,58.6533317565918,20.714048385620117,2457.590087890625,1.33,1.72,2.15,0.82,1.76
2017-08-31,47.22999954223633,1316.199951171875,3.0789999961853027,58.851043701171875,20.717824935913086,2471.64990234375,1.33,1.7,2.12,0.79,1.76
2017-09-01,47.290000915527344,1324.5,3.0980000495910645,58.902626037597656,20.65375518798828,2476.550048828125,1.35,1.73,2.16,0.81,1.79
2017-09-04,47.290000915527344,1324.5,3.0980000495910645,58.902626037597656,20.65375518798828,2476.550048828125,1.35,1.73,2.16,0.81,1.79
2017-09-05,48.65999984741211,1339.199951171875,3.1075000762939453,58.30946350097656,20.70651626586914,2457.85009765625,1.3,1.65,2.07,0.77,1.77
2017-09-06,49.15999984741211,1333.9000244140625,3.131500005722046,58.36964416503906,20.612295150756836,2465.5400390625,1.3,1.69,2.1,0.8,1.78
2017-09-07,49.09000015258789,1345.0999755859375,3.122999906539917,58.49000549316406,20.766820907592773,2465.10009765625,1.27,1.63,2.05,0.78,1.79
2017-09-08,47.47999954223633,1346.0,3.0215001106262207,58.68771743774414,20.86481475830078,2461.429931640625,1.27,1.64,2.06,0.79,1.81
2017-09-11,48.06999969482422,1331.0,3.0460000038146973,59.194915771484375,21.041954040527344,2488.110107421875,1.32,1.71,2.14,0.82,1.83
2017-09-12,48.22999954223633,1328.0,3.015500068664551,59.478614807128906,20.69144058227539,2496.47998046875,1.33,1.75,2.17,0.84,1.84
2017-09-13,49.29999923706055,1323.4000244140625,2.9609999656677246,59.392608642578125,20.58968162536621,2498.3701171875,1.35,1.78,2.2,0.85,1.85
2017-09-14,49.88999938964844,1324.699951171875,2.936500072479248,59.676292419433594,20.763050079345703,2495.6201171875,1.37,1.79,2.2,0.83,1.85
2017-09-15,49.88999938964844,1320.4000244140625,2.927999973297119,59.92327117919922,20.792293548583984,2500.22998046875,1.39,1.81,2.2,0.81,1.85
2017-09-18,49.90999984741211,1306.300048828125,2.9489998817443848,60.26008224487305,20.579622268676758,2503.8701171875,1.4,1.83,2.23,0.83,1.87
2017-09-19,49.47999954223633,1306.199951171875,2.94950008392334,60.32054138183594,20.5378475189209,2506.64990234375,1.4,1.84,2.24,0.84,1.87
2017-09-20,50.40999984741211,1312.0,2.94950008392334,60.760948181152344,20.38594627380371,2508.239990234375,1.45,1.89,2.28,0.83,1.85
2017-09-21,50.54999923706055,1290.5999755859375,2.9140000343322754,60.94230270385742,20.382144927978516,2500.60009765625,1.45,1.89,2.27,0.82,1.83
2017-09-22,50.65999984741211,1293.300048828125,2.924499988555908,61.09774398803711,20.215044021606445,2502.219970703125,1.46,1.88,2.26,0.8,1.84
2017-09-25,52.220001220703125,1306.800048828125,2.9175000190734863,61.09774398803711,20.401134490966797,2496.659912109375,1.44,1.85,2.22,0.78,1.84
2017-09-26,51.880001068115234,1297.0,2.8975000381469727,61.09774398803711,20.363157272338867,2496.840087890625,1.45,1.87,2.24,0.79,1.84
2017-09-27,52.13999938964844,1283.4000244140625,2.9110000133514404,61.16682434082031,20.0897274017334,2507.0400390625,1.47,1.91,2.31,0.84,1.87
2017-09-28,51.560001373291016,1285.5,2.9625000953674316,61.132286071777344,20.161876678466797,2510.06005859375,1.45,1.89,2.31,0.86,1.87
2017-09-29,51.66999816894531,1281.5,2.9375,61.31363296508789,20.146684646606445,2519.360107421875,1.47,1.92,2.33,0.86,1.84
2017-10-02,50.58000183105469,1272.699951171875,2.939500093460083,61.736793518066406,20.180870056152344,2529.1201171875,1.49,1.94,2.34,0.85,1.83
2017-10-03,50.41999816894531,1271.5,2.948499917984009,62.004493713378906,20.123905181884766,2534.580078125,1.47,1.92,2.33,0.86,1.84
2017-10-04,49.97999954223633,1273.699951171875,2.944499969482422,61.98722457885742,20.32518196105957,2537.739990234375,1.47,1.92,2.33,0.86,1.85
2017-10-05,50.790000915527344,1269.9000244140625,3.0315001010894775,62.1340217590332,20.30619239807129,2552.070068359375,1.49,1.94,2.35,0.86,1.86
2017-10-06,49.290000915527344,1271.5999755859375,3.0144999027252197,62.12540817260742,20.29100227355957,2549.330078125,1.54,1.97,2.37,0.83,1.87
2017-10-09,49.58000183105469,1281.800048828125,3.0169999599456787,61.95269012451172,20.317583084106445,2544.72998046875,1.54,1.97,2.37,0.83,1.87
2017-10-10,50.91999816894531,1290.5999755859375,3.0455000400543213,62.04766082763672,20.515066146850586,2550.639892578125,1.51,1.95,2.35,0.84,1.88
2017-10-11,51.29999923706055,1285.800048828125,3.0799999237060547,62.01311492919922,20.602407455444336,2555.239990234375,1.51,1.95,2.35,0.84,1.89
2017-10-12,50.599998474121094,1293.300048828125,3.1040000915527344,62.3412971496582,20.70874786376953,2550.929931640625,1.51,1.95,2.33,0.82,1.89
2017-10-13,51.45000076293945,1301.5,3.118499994277954,62.22901153564453,20.564430236816406,2553.169921875,1.51,1.91,2.28,0.77,1.85
2017-10-16,51.869998931884766,1299.9000244140625,3.2239999771118164,62.298118591308594,20.518856048583984,2557.639892578125,1.54,1.95,2.3,0.76,1.84
2017-10-17,51.880001068115234,1283.0,3.180500030517578,62.1340217590332,20.640382766723633,2559.360107421875,1.54,1.97,2.3,0.76,1.82
2017-10-18,52.040000915527344,1279.9000244140625,3.1635000705718994,62.15995788574219,20.602407455444336,2561.260009765625,1.59,1.99,2.34,0.75,1.84
2017-10-19,51.290000915527344,1286.9000244140625,3.1530001163482666,62.3326530456543,20.818878173828125,2562.10009765625,1.58,1.98,2.33,0.75,1.84
2017-10-20,51.470001220703125,1277.4000244140625,3.1514999866485596,63.006229400634766,20.834068298339844,2575.2099609375,1.6,2.03,2.39,0.79,1.87
2017-10-23,51.900001525878906,1277.699951171875,3.1740000247955322,62.6089973449707,20.845460891723633,2564.97998046875,1.58,2.01,2.38,0.8,1.86
2017-10-24,52.470001220703125,1275.0,3.186500072479248,62.96306228637695,20.86444854736328,2569.1298828125,1.6,2.05,2.42,0.82,1.87
2017-10-25,52.18000030517578,1275.4000244140625,3.1714999675750732,62.3412971496582,20.7733097076416,2557.14990234375,1.61,2.06,2.44,0.83,1.88
2017-10-26,52.63999938964844,1266.300048828125,3.1675000190734863,62.427642822265625,20.777097702026367,2560.39990234375,1.63,2.07,2.46,0.83,1.89
2017-10-27,53.900001525878906,1268.5,3.0934998989105225,62.45353698730469,20.906227111816406,2581.070068359375,1.59,2.03,2.42,0.83,1.88
2017-10-30,54.150001525878906,1274.0999755859375,3.1019999980926514,62.02174377441406,20.910022735595703,2572.830078125,1.58,2.0,2.37,0.79,1.87
2017-10-31,54.380001068115234,1267.0,3.0920000076293945,61.77134704589844,20.93280792236328,2575.260009765625,1.6,2.01,2.38,0.78,1.88
2017-11-01,54.29999923706055,1274.0999755859375,3.132999897003174,61.736793518066406,20.815078735351562,2579.360107421875,1.61,2.01,2.37,0.76,1.88
2017-11-02,54.540000915527344,1274.9000244140625,3.135499954223633,62.09084701538086,20.891033172607422,2579.85009765625,1.61,2.0,2.35,0.74,1.87
2017-11-03,55.63999938964844,1266.5,3.1105000972747803,62.0303955078125,20.966983795166016,2587.840087890625,1.63,1.99,2.34,0.71,1.86
2017-11-06,57.349998474121094,1279.4000244140625,3.1505000591278076,62.06494903564453,20.887235641479492,2591.1298828125,1.61,1.99,2.32,0.71,1.86
2017-11-07,57.20000076293945,1273.699951171875,3.0824999809265137,62.15995788574219,21.13788604736328,2590.639892578125,1.63,1.99,2.32,0.69,1.88
2017-11-08,56.810001373291016,1281.5999755859375,3.0929999351501465,62.056312561035156,21.15306854248047,2594.3798828125,1.65,2.01,2.32,0.67,1.87
2017-11-09,57.16999816894531,1285.5999755859375,3.0799999237060547,61.27907943725586,21.179656982421875,2584.6201171875,1.63,2.01,2.33,0.7,1.87
2017-11-10,56.7400016784668,1272.4000244140625,3.069499969482422,61.365455627441406,21.080913543701172,2582.300048828125,1.67,2.06,2.4,0.73,1.88
2017-11-13,56.7599983215332,1277.300048828125,3.1115000247955322,61.15818405151367,21.331565856933594,2584.840087890625,1.7,2.08,2.4,0.7,1.88
2017-11-14,55.70000076293945,1281.5,3.059999942779541,60.99410629272461,21.597400665283203,2578.8701171875,1.68,2.06,2.38,0.7,1.87
2017-11-15,55.33000183105469,1276.5,3.0490000247955322,60.64868927001953,21.41131019592285,2564.6201171875,1.68,2.04,2.33,0.65,1.85
2017-11-16,55.13999938964844,1277.4000244140625,3.0434999465942383,61.2186393737793,21.342960357666016,2585.639892578125,1.72,2.07,2.37,0.65,1.84
2017-11-17,56.54999923706055,1295.800048828125,3.0625,60.88184356689453,21.19485092163086,2578.85009765625,1.73,2.06,2.35,0.62,1.86
2017-11-20,56.09000015258789,1274.5999755859375,3.0905001163482666,61.15818405151367,21.130294799804688,2582.139892578125,1.77,2.09,2.37,0.6,1.85
2017-11-21,56.83000183105469,1281.0999755859375,3.125499963760376,61.5986213684082,21.187252044677734,2599.030029296875,1.77,2.11,2.36,0.59,1.84
2017-11-22,58.02000045776367,1291.5999755859375,3.134500026702881,61.66769790649414,21.187252044677734,2597.080078125,1.74,2.05,2.32,0.58,1.84
2017-11-23,58.02000045776367,1291.5999755859375,3.134500026702881,61.66769790649414,21.187252044677734,2597.080078125,1.74,2.05,2.32,0.58,1.84
2017-11-24,58.95000076293945,1286.699951171875,3.1659998893737793,61.66769790649414,21.22142791748047,2602.419921875,1.75,2.07,2.34,0.59,1.84
2017-11-27,58.11000061035156,1293.800048828125,3.132499933242798,61.77134704589844,21.312578201293945,2601.419921875,1.74,2.06,2.32,0.58,1.83
2017-11-28,57.9900016784668,1294.699951171875,3.070499897003174,62.712623596191406,21.41131019592285,2627.0400390625,1.75,2.07,2.34,0.59,1.84
2017-11-29,57.29999923706055,1282.0999755859375,3.0399999618530273,63.26533889770508,21.422704696655273,2626.070068359375,1.78,2.09,2.37,0.59,1.84
2017-11-30,57.400001525878906,1273.199951171875,3.0369999408721924,64.34477233886719,21.494861602783203,2647.580078125,1.78,2.14,2.42,0.64,1.86
2017-12-01,58.36000061035156,1278.800048828125,3.065500020980835,63.55027389526367,21.422704696655273,2642.219970703125,1.78,2.13,2.37,0.59,1.86
2017-12-04,57.470001220703125,1274.300048828125,3.062999963760376,64.08570098876953,21.301177978515625,2639.43994140625,1.8,2.15,2.37,0.57,1.87
2017-12-05,57.619998931884766,1261.5999755859375,2.9205000400543213,63.54166030883789,21.031545639038086,2629.570068359375,1.83,2.15,2.36,0.53,1.86
2017-12-06,55.959999084472656,1262.800048828125,2.936500072479248,63.63664627075195,21.11129379272461,2629.27001953125,1.78,2.11,2.33,0.55,1.86
2017-12-07,56.689998626708984,1249.800048828125,2.940500020980835,64.22389221191406,21.14927101135254,2636.97998046875,1.8,2.14,2.37,0.57,1.87
2017-12-08,57.36000061035156,1245.199951171875,2.9549999237060547,64.50022888183594,21.217636108398438,2651.5,1.8,2.14,2.38,0.58,1.88
2017-12-11,57.9900016784668,1243.699951171875,2.98799991607666,64.37067413330078,21.346752166748047,2659.989990234375,1.82,2.16,2.39,0.57,1.88
2017-12-12,57.13999938964844,1238.5,2.999500036239624,64.43976593017578,20.982177734375,2664.110107421875,1.83,2.18,2.4,0.57,1.89
2017-12-13,56.599998474121094,1245.4000244140625,3.0295000076293945,64.6902084350586,21.039138793945312,2662.85009765625,1.79,2.12,2.36,0.57,1.88
2017-12-14,57.040000915527344,1253.800048828125,3.0485000610351562,64.24979400634766,21.012561798095703,2652.010009765625,1.82,2.14,2.35,0.53,1.87
2017-12-15,57.29999923706055,1254.300048828125,3.109999895095825,64.7030029296875,21.089601516723633,2675.81005859375,1.84,2.16,2.35,0.51,1.88
2017-12-18,57.15999984741211,1262.199951171875,3.121999979019165,65.1632080078125,20.855785369873047,2690.159912109375,1.84,2.17,2.39,0.55,1.89
2017-12-19,57.459999084472656,1260.699951171875,3.127500057220459,65.18058013916016,20.476306915283203,2681.469970703125,1.87,2.23,2.46,0.59,1.91
2017-12-20,58.09000015258789,1266.0999755859375,3.1714999675750732,65.39763641357422,20.315319061279297,2679.25,1.87,2.24,2.49,0.62,1.92
2017-12-21,58.36000061035156,1267.300048828125,3.194499969482422,65.44972229003906,20.073837280273438,2684.570068359375,1.89,2.26,2.48,0.59,1.93
2017-12-22,58.470001220703125,1275.4000244140625,3.2144999504089355,65.46707916259766,20.10450553894043,2683.340087890625,1.91,2.26,2.48,0.57,1.94
2017-12-25,58.470001220703125,1275.4000244140625,3.2144999504089355,65.46707916259766,20.10450553894043,2683.340087890625,1.91,2.26,2.48,0.57,1.94
2017-12-26,59.970001220703125,1284.0999755859375,3.25600004196167,65.53655242919922,19.985679626464844,2680.5,1.92,2.25,2.47,0.55,1.94
2017-12-27,59.63999938964844,1287.0,3.256999969482422,65.69283294677734,20.070003509521484,2682.6201171875,1.89,2.22,2.42,0.53,1.94
2017-12-28,59.84000015258789,1294.0999755859375,3.2860000133514404,65.82305908203125,20.181167602539062,2687.5400390625,1.91,2.23,2.43,0.52,1.96
2017-12-29,60.41999816894531,1306.300048828125,3.2795000076293945,65.70155334472656,20.19266128540039,2673.610107421875,1.89,2.2,2.4,0.51,1.96
2018-01-01,60.41999816894531,1306.300048828125,3.2795000076293945,65.70155334472656,20.19266128540039,2673.610107421875,1.89,2.2,2.4,0.51,1.96
2018-01-02,60.369998931884766,1313.699951171875,3.25600004196167,66.09223937988281,20.004837036132812,2695.81005859375,1.92,2.25,2.46,0.54,2.0
2018-01-03,61.630001068115234,1316.199951171875,3.236999988555908,66.4482192993164,19.847686767578125,2713.06005859375,1.94,2.25,2.44,0.5,1.98
2018-01-04,62.0099983215332,1319.4000244140625,3.242500066757202,66.93443298339844,19.68286895751953,2723.989990234375,1.96,2.27,2.46,0.5,2.01
2018-01-05,61.439998626708984,1320.300048828125,3.2070000171661377,67.39464569091797,19.675199508666992,2743.14990234375,1.96,2.29,2.47,0.51,2.01
2018-01-08,61.72999954223633,1318.5999755859375,3.2009999752044678,67.67249298095703,19.859188079833984,2747.7099609375,1.96,2.29,2.49,0.53,2.02
2018-01-09,62.959999084472656,1311.699951171875,3.194499969482422,68.10662078857422,19.6636962890625,2751.2900390625,1.98,2.33,2.55,0.57,2.03
2018-01-10,63.56999969482422,1317.4000244140625,3.2149999141693115,68.0979232788086,19.449047088623047,2748.22998046875,1.98,2.32,2.55,0.57,2.03
2018-01-11,63.79999923706055,1320.5999755859375,3.2135000228881836,68.9661865234375,19.376220703125,2767.56005859375,1.98,2.32,2.54,0.56,2.0
2018-01-12,64.30000305175781,1333.4000244140625,3.200000047683716,69.60868835449219,19.265056610107422,2786.239990234375,1.99,2.35,2.55,0.56,2.01
2018-01-15,64.30000305175781,1333.4000244140625,3.200000047683716,69.60868835449219,19.265056610107422,2786.239990234375,1.99,2.35,2.55,0.56,2.01
2018-01-16,63.72999954223633,1335.4000244140625,3.1989998817443848,68.98355102539062,19.2228946685791,2776.419921875,2.03,2.36,2.54,0.51,2.03
2018-01-17,63.970001220703125,1338.0,3.1665000915527344,69.36559295654297,19.34171485900879,2802.56005859375,2.05,2.39,2.57,0.52,2.04
2018-01-18,63.95000076293945,1326.0,3.177000045776367,68.99223327636719,19.219058990478516,2798.030029296875,2.05,2.43,2.62,0.57,2.05
2018-01-19,63.369998931884766,1331.9000244140625,3.1670000553131104,69.19193267822266,19.16156768798828,2810.300048828125,2.06,2.45,2.64,0.58,2.06
2018-01-22,63.4900016784668,1330.9000244140625,3.177500009536743,69.19193267822266,19.188398361206055,2832.969970703125,2.08,2.46,2.66,0.58,2.06
2018-01-23,64.47000122070312,1335.699951171875,3.0894999504089355,69.22666931152344,19.37238883972168,2839.1298828125,2.06,2.43,2.63,0.57,2.06
2018-01-24,65.61000061035156,1355.9000244140625,3.2084999084472656,69.1658935546875,19.25356101989746,2837.5400390625,2.08,2.43,2.65,0.57,2.07
2018-01-25,65.51000213623047,1362.4000244140625,3.1989998817443848,69.2353515625,19.552541732788086,2839.25,2.08,2.41,2.63,0.55,2.07
2018-01-26,66.13999938964844,1351.5999755859375,3.182499885559082,70.03417205810547,19.564037322998047,2872.8701171875,2.13,2.47,2.66,0.53,2.09
2018-01-29,65.55999755859375,1351.5999755859375,3.182499885559082,69.56529998779297,19.31488609313965,2853.530029296875,2.11,2.49,2.7,0.59,2.09
2018-01-30,64.5,1335.4000244140625,3.177000045776367,69.01829528808594,19.349380493164062,2822.429931640625,2.13,2.51,2.73,0.6,2.1
2018-01-31,64.7300033569336,1339.0,3.184000015258789,69.22666931152344,19.564037322998047,2823.81005859375,2.14,2.52,2.72,0.58,2.11
2018-02-01,65.80000305175781,1344.300048828125,3.197000026702881,69.1051025390625,19.257389068603516,2821.97998046875,2.16,2.56,2.78,0.62,2.11
2018-02-02,65.44999694824219,1333.699951171875,3.176500082015991,67.71589660644531,19.119396209716797,2762.1298828125,2.15,2.58,2.84,0.69,2.14
2018-02-05,64.1500015258789,1333.0,3.2105000019073486,64.6422119140625,18.805086135864258,2648.93994140625,2.08,2.5,2.77,0.69,2.1
2018-02-06,63.38999938964844,1326.0999755859375,3.177500009536743,65.82305908203125,18.5252742767334,2695.139892578125,2.1,2.52,2.79,0.69,2.1
2018-02-07,61.790000915527344,1311.5999755859375,3.0764999389648438,65.94464111328125,18.43710708618164,2681.659912109375,2.15,2.57,2.84,0.69,2.1
2018-02-08,61.150001525878906,1316.9000244140625,3.072000026702881,63.400634765625,18.23012351989746,2581.0,2.13,2.57,2.85,0.72,2.09
2018-02-09,59.20000076293945,1313.0999755859375,3.0244998931884766,64.0865249633789,18.613435745239258,2619.550048828125,2.05,2.52,2.83,0.78,2.05
2018-02-12,59.290000915527344,1324.199951171875,3.077500104904175,65.11978912353516,18.755260467529297,2656.0,2.09,2.56,2.86,0.77,2.07
2018-02-13,59.189998626708984,1328.0999755859375,3.1545000076293945,65.26737213134766,18.83958625793457,2662.93994140625,2.1,2.54,2.83,0.73,2.05
2018-02-14,60.599998474121094,1355.5,3.2284998893737793,66.09223937988281,18.62876319885254,2698.6298828125,2.17,2.65,2.91,0.74,2.09
2018-02-15,61.34000015258789,1352.0999755859375,3.239000082015991,67.09073638916016,19.042741775512695,2731.199951171875,2.19,2.65,2.9,0.71,2.11
2018-02-16,61.68000030517578,1353.199951171875,3.243000030517578,67.10810852050781,19.211400985717773,2732.219970703125,2.21,2.63,2.87,0.66,2.09
2018-02-19,61.68000030517578,1353.199951171875,3.243000030517578,67.10810852050781,19.211400985717773,2732.219970703125,2.21,2.63,2.87,0.66,2.09
2018-02-20,61.900001525878906,1328.800048828125,3.186000108718872,66.43086242675781,18.96224594116211,2716.260009765625,2.25,2.65,2.88,0.63,2.1
2018-02-21,61.68000030517578,1330.0,3.2114999294281006,66.4482192993164,18.713092803955078,2701.330078125,2.26,2.69,2.94,0.68,2.12
2018-02-22,62.77000045776367,1330.5999755859375,3.237499952316284,66.89105224609375,18.808917999267578,2703.9599609375,2.25,2.66,2.92,0.67,2.11
2018-02-23,63.54999923706055,1328.199951171875,3.2084999084472656,67.44672393798828,19.2995548248291,2747.300048828125,2.25,2.62,2.88,0.63,2.12
2018-02-26,63.90999984741211,1330.699951171875,3.196000099182129,68.37576293945312,19.2420597076416,2779.60009765625,2.22,2.6,2.86,0.64,2.13
2018-02-27,63.0099983215332,1315.5,3.1575000286102295,67.51620483398438,18.935409545898438,2744.280029296875,2.27,2.67,2.9,0.63,2.13
2018-02-28,61.63999938964844,1315.5,3.1075000762939453,66.55241394042969,18.805086135864258,2713.830078125,2.25,2.65,2.87,0.62,2.12
2018-03-01,60.9900016784668,1302.9000244140625,3.0994999408721924,65.25003814697266,18.808917999267578,2677.669921875,2.22,2.58,2.81,0.59,2.1
2018-03-02,61.25,1321.0999755859375,3.1010000705718994,65.2326431274414,18.759092330932617,2691.25,2.25,2.63,2.86,0.61,2.12
2018-03-05,62.56999969482422,1318.0999755859375,3.1054999828338623,66.01412200927734,19.142393112182617,2720.93994140625,2.24,2.65,2.88,0.64,2.13
2018-03-06,62.599998474121094,1333.5999755859375,3.13700008392334,66.30928039550781,18.885587692260742,2728.1201171875,2.25,2.65,2.88,0.63,2.12
2018-03-07,61.150001525878906,1326.0,3.114000082015991,66.30061340332031,18.74376106262207,2726.800048828125,2.25,2.65,2.89,0.64,2.13
2018-03-08,60.119998931884766,1319.9000244140625,3.058500051498413,66.64790344238281,18.881742477416992,2738.969970703125,2.25,2.63,2.86,0.61,2.11
2018-03-09,62.040000915527344,1322.4000244140625,3.115999937057495,68.11527252197266,18.935409545898438,2786.570068359375,2.27,2.65,2.9,0.63,2.12
2018-03-12,61.36000061035156,1319.4000244140625,3.1040000915527344,67.27307891845703,19.015905380249023,2783.02001953125,2.27,2.64,2.87,0.6,2.1
2018-03-13,60.709999084472656,1325.9000244140625,3.11899995803833,66.94313049316406,19.058069229125977,2765.31005859375,2.26,2.62,2.84,0.58,2.09
2018-03-14,60.959999084472656,1324.4000244140625,3.140000104904175,66.21379852294922,19.25356101989746,2749.47998046875,2.26,2.61,2.81,0.55,2.07
2018-03-15,61.189998626708984,1316.800048828125,3.1110000610351562,66.40483093261719,19.2420597076416,2747.330078125,2.29,2.62,2.82,0.53,2.08
2018-03-16,62.34000015258789,1311.300048828125,3.0929999351501465,66.75962829589844,19.410869598388672,2752.010009765625,2.31,2.65,2.85,0.54,2.08
2018-03-19,62.060001373291016,1316.800048828125,3.069499969482422,66.24527740478516,19.29111099243164,2712.919921875,2.31,2.65,2.85,0.54,2.08
2018-03-20,63.400001525878906,1311.0999755859375,3.0255000591278076,66.47193908691406,19.202268600463867,2716.93994140625,2.34,2.69,2.89,0.55,2.08
2018-03-21,65.16999816894531,1320.699951171875,3.0485000610351562,66.5504150390625,19.13660430908203,2711.929931640625,2.31,2.69,2.89,0.58,2.09
2018-03-22,64.30000305175781,1326.5999755859375,3.01200008392334,64.35354614257812,19.22159194946289,2643.68994140625,2.29,2.63,2.83,0.54,2.08
2018-03-23,65.87999725341797,1349.300048828125,2.984499931335449,63.41203308105469,18.951189041137695,2588.260009765625,2.28,2.61,2.82,0.54,2.07
2018-03-26,65.55000305175781,1354.4000244140625,2.9605000019073486,64.94634246826172,19.148189544677734,2658.550048828125,2.33,2.64,2.85,0.52,2.08
2018-03-27,65.25,1341.300048828125,2.991499900817871,64.04846954345703,19.422452926635742,2612.6201171875,2.26,2.58,2.78,0.52,2.07
2018-03-28,64.37999725341797,1324.199951171875,2.99399995803833,63.83050537109375,19.41472816467285,2605.0,2.28,2.59,2.77,0.49,2.05
2018-03-29,64.94000244140625,1322.800048828125,3.0190000534057617,64.76329803466797,19.519027709960938,2640.8701171875,2.27,2.56,2.74,0.47,2.05
2018-03-30,64.94000244140625,1322.800048828125,3.0190000534057617,64.76329803466797,19.519027709960938,2640.8701171875,2.27,2.56,2.74,0.47,2.05
2018-04-02,63.0099983215332,1342.0999755859375,3.0404999256134033,63.42947769165039,19.368370056152344,2581.8798828125,2.25,2.55,2.73,0.48,2.05
2018-04-03,63.5099983215332,1332.800048828125,3.058000087738037,64.30996704101562,19.43404769897461,2614.449951171875,2.28,2.6,2.79,0.51,2.08
2018-04-04,63.369998931884766,1335.800048828125,3.006999969482422,64.58894348144531,19.476531982421875,2644.68994140625,2.28,2.61,2.79,0.51,2.08
2018-04-05,63.540000915527344,1324.300048828125,3.069499969482422,65.24275970458984,19.63104820251465,2662.840087890625,2.3,2.64,2.83,0.53,2.08
2018-04-06,62.060001373291016,1331.9000244140625,3.053999900817871,63.43817138671875,19.476531982421875,2604.469970703125,2.27,2.58,2.77,0.5,2.07
2018-04-09,63.41999816894531,1336.300048828125,3.071500062942505,63.24642562866211,19.515167236328125,2613.159912109375,2.29,2.6,2.78,0.49,2.07
2018-04-10,65.51000213623047,1342.0,3.13100004196167,64.21406555175781,19.36450958251953,2656.8701171875,2.32,2.62,2.8,0.48,2.08
2018-04-11,66.81999969482422,1356.5,3.111999988555908,63.743309020996094,19.33747100830078,2642.18994140625,2.32,2.62,2.79,0.47,2.11
2018-04-12,67.06999969482422,1338.4000244140625,3.059999942779541,64.65869903564453,19.082523345947266,2663.989990234375,2.34,2.67,2.83,0.49,2.13
2018-04-13,67.38999938964844,1344.800048828125,3.067500114440918,64.50177764892578,19.233173370361328,2656.300048828125,2.37,2.67,2.82,0.45,2.13
2018-04-16,66.22000122070312,1347.5,3.0915000438690186,65.14685821533203,19.495847702026367,2677.840087890625,2.39,2.69,2.83,0.44,2.12
2018-04-17,66.5199966430664,1347.199951171875,3.075000047683716,65.69605255126953,19.692855834960938,2706.389892578125,2.41,2.68,2.82,0.41,2.14
2018-04-18,68.47000122070312,1351.199951171875,3.1535000801086426,66.37602996826172,19.61945915222168,2708.639892578125,2.42,2.73,2.87,0.45,2.16
2018-04-19,68.29000091552734,1346.800048828125,3.128000020980835,66.19297790527344,19.607868194580078,2693.1298828125,2.44,2.77,2.92,0.48,2.17
2018-04-20,68.37999725341797,1336.699951171875,3.131500005722046,65.9052963256836,19.43018341064453,2670.139892578125,2.46,2.8,2.96,0.5,2.17
2018-04-23,68.63999938964844,1322.5,3.1080000400543213,65.82683563232422,19.441768646240234,2670.2900390625,2.49,2.83,2.98,0.49,2.18
2018-04-24,67.69999694824219,1331.4000244140625,3.1384999752044678,63.98741149902344,19.573110580444336,2634.56005859375,2.48,2.83,3.0,0.52,2.17
2018-04-25,68.05000305175781,1321.199951171875,3.131999969482422,64.17050170898438,19.576967239379883,2639.39990234375,2.49,2.84,3.03,0.54,2.17
2018-04-26,68.19000244140625,1316.300048828125,3.11299991607666,63.935096740722656,19.77397346496582,2666.93994140625,2.49,2.82,3.0,0.51,2.18
2018-04-27,68.0999984741211,1320.300048828125,3.0460000038146973,63.80437469482422,19.974843978881836,2669.909912109375,2.49,2.8,2.96,0.47,2.17
2018-04-30,68.56999969482422,1316.199951171875,3.052500009536743,62.95872116088867,19.916902542114258,2648.050048828125,2.49,2.79,2.95,0.46,2.17
2018-05-01,67.25,1303.800048828125,3.015000104904175,62.67103958129883,19.8550968170166,2654.800048828125,2.5,2.82,2.97,0.47,2.16
2018-05-02,67.93000030517578,1302.5999755859375,3.047499895095825,62.121856689453125,19.83578109741211,2635.669921875,2.49,2.8,2.97,0.48,2.17
2018-05-03,68.43000030517578,1310.699951171875,3.059000015258789,62.270050048828125,19.808738708496094,2629.72998046875,2.49,2.78,2.94,0.45,2.16
2018-05-04,69.72000122070312,1312.699951171875,3.065500020980835,62.99360656738281,19.897586822509766,2663.419921875,2.51,2.78,2.95,0.44,2.16
2018-05-07,70.7300033569336,1312.199951171875,3.059499979019165,63.41203308105469,19.79328727722168,2672.6298828125,2.49,2.78,2.95,0.46,2.17
2018-05-08,69.05999755859375,1312.0,3.0404999256134033,63.86537551879883,19.298845291137695,2671.919921875,2.51,2.81,2.97,0.46,2.16
2018-05-09,71.13999938964844,1311.300048828125,3.0394999980926514,64.55404663085938,19.16364288330078,2697.7900390625,2.54,2.84,3.0,0.46,2.18
2018-05-10,71.36000061035156,1320.800048828125,3.0924999713897705,64.98994445800781,19.43404769897461,2723.070068359375,2.54,2.83,2.97,0.43,2.17
2018-05-11,70.69999694824219,1319.0,3.0950000286102295,65.1294174194336,19.46108055114746,2727.719970703125,2.54,2.84,2.97,0.43,2.15
2018-05-14,70.95999908447266,1316.5,3.0785000324249268,65.01610565185547,19.387691497802734,2730.1298828125,2.55,2.85,3.0,0.45,2.15
2018-05-15,71.30999755859375,1288.9000244140625,3.0425000190734863,64.79816436767578,19.22545051574707,2711.449951171875,2.58,2.92,3.08,0.5,2.18
2018-05-16,71.48999786376953,1290.199951171875,3.058500051498413,65.03352355957031,19.07479476928711,2722.4599609375,2.58,2.94,3.09,0.51,2.17
2018-05-17,71.48999786376953,1288.199951171875,3.0769999027252197,65.28633880615234,18.92028045654297,2720.1298828125,2.57,2.94,3.11,0.54,2.16
2018-05-18,71.27999877929688,1290.199951171875,3.0510001182556152,65.66991424560547,18.924144744873047,2712.969970703125,2.55,2.9,3.06,0.51,2.15
2018-05-21,72.23999786376953,1290.199951171875,3.0855000019073486,66.66372680664062,19.020721435546875,2733.010009765625,2.58,2.9,3.06,0.48,2.16
2018-05-22,72.12999725341797,1291.699951171875,3.11899995803833,65.84424591064453,19.09024429321289,2724.43994140625,2.59,2.9,3.06,0.47,2.15
2018-05-23,71.83999633789062,1289.300048828125,3.060499906539917,65.78324890136719,19.264076232910156,2733.2900390625,2.53,2.83,3.01,0.48,2.14
2018-05-24,70.70999908447266,1303.699951171875,3.0855000019073486,66.10579681396484,19.422452926635742,2727.760009765625,2.5,2.82,2.98,0.48,2.12
2018-05-25,67.87999725341797,1303.300048828125,3.066999912261963,65.9837646484375,19.507436752319336,2721.330078125,2.48,2.76,2.93,0.45,2.09
2018-05-28,67.87999725341797,1303.300048828125,3.066999912261963,65.9837646484375,19.507436752319336,2721.330078125,2.48,2.76,2.93,0.45,2.09
2018-05-29,66.7300033569336,1298.699951171875,3.052000045776367,64.92892456054688,19.507436752319336,2689.860107421875,2.32,2.58,2.77,0.45,2.04
2018-05-30,68.20999908447266,1301.5,3.059499979019165,65.84424591064453,19.665813446044922,2724.010009765625,2.42,2.67,2.84,0.42,2.06
2018-05-31,67.04000091552734,1300.0999755859375,3.058000087738037,64.89405822753906,19.69671630859375,2705.27001953125,2.4,2.68,2.83,0.43,2.07
2018-06-01,65.80999755859375,1294.800048828125,3.0915000438690186,65.60889434814453,19.395414352416992,2734.6201171875,2.47,2.74,2.89,0.42,2.09
2018-06-04,64.75,1293.0999755859375,3.126499891281128,65.51301574707031,19.24090576171875,2746.8701171875,2.52,2.78,2.94,0.42,2.12
2018-06-05,65.5199966430664,1297.5,3.190999984741211,65.59146118164062,19.140464782714844,2748.800048828125,2.49,2.76,2.92,0.43,2.13
2018-06-06,64.7300033569336,1297.0999755859375,3.254499912261963,66.14065551757812,18.684650421142578,2772.35009765625,2.52,2.81,2.97,0.45,2.14
2018-06-07,65.94999694824219,1298.699951171875,3.2679998874664307,66.41964721679688,18.81598663330078,2770.3701171875,2.5,2.77,2.93,0.43,2.13
2018-06-08,65.73999786376953,1298.0999755859375,3.2929999828338623,66.6375732421875,18.808265686035156,2779.030029296875,2.5,2.77,2.93,0.43,2.11
2018-06-11,66.0999984741211,1298.9000244140625,3.250499963760376,66.7683334350586,18.769636154174805,2782.0,2.52,2.8,2.96,0.44,2.13
2018-06-12,66.36000061035156,1295.0999755859375,3.242500066757202,66.69857788085938,18.98594856262207,2786.85009765625,2.54,2.81,2.96,0.42,2.13
2018-06-13,66.63999938964844,1296.9000244140625,3.247999906539917,66.16682434082031,18.93573760986328,2775.6298828125,2.59,2.85,2.98,0.39,2.12
2018-06-14,66.88999938964844,1304.0,3.2165000438690186,65.91401672363281,19.17136573791504,2782.489990234375,2.59,2.81,2.94,0.35,2.12
2018-06-15,65.05999755859375,1274.5999755859375,3.1410000324249268,65.74945068359375,19.30777931213379,2779.659912109375,2.55,2.81,2.93,0.38,2.12
2018-06-18,65.8499984741211,1276.199951171875,3.1034998893737793,65.4781265258789,19.37013816833496,2773.75,2.56,2.8,2.92,0.36,2.12
2018-06-19,65.06999969482422,1275.5999755859375,3.0464999675750732,64.09522247314453,19.56110954284668,2762.590087890625,2.54,2.77,2.89,0.35,2.12
2018-06-20,66.22000122070312,1271.199951171875,3.0464999675750732,64.13899230957031,19.576696395874023,2767.320068359375,2.56,2.8,2.93,0.37,2.12
2018-06-21,65.54000091552734,1267.199951171875,3.0250000953674316,63.33375549316406,19.64295768737793,2749.760009765625,2.56,2.77,2.9,0.34,2.11
2018-06-22,68.58000183105469,1267.4000244140625,3.0325000286102295,63.55255889892578,19.77936553955078,2754.8798828125,2.56,2.77,2.9,0.34,2.12
2018-06-25,68.08000183105469,1265.5999755859375,2.992000102996826,62.747318267822266,20.10675048828125,2717.070068359375,2.54,2.75,2.87,0.33,2.1
2018-06-26,70.52999877929688,1256.5999755859375,2.996999979019165,62.983646392822266,20.130128860473633,2723.06005859375,2.53,2.75,2.88,0.35,2.12
2018-06-27,72.76000213623047,1252.800048828125,2.989500045776367,62.47599411010742,20.227569580078125,2699.6298828125,2.52,2.71,2.83,0.31,2.11
2018-06-28,73.44999694824219,1247.800048828125,2.9535000324249268,62.563533782958984,20.21977424621582,2716.31005859375,2.52,2.73,2.84,0.32,2.1
2018-06-29,74.1500015258789,1251.300048828125,2.9509999752044678,62.6948127746582,20.250946044921875,2718.3701171875,2.52,2.73,2.85,0.33,2.11
2018-07-02,73.94000244140625,1239.800048828125,2.93149995803833,62.834835052490234,20.395156860351562,2726.7099609375,2.57,2.75,2.87,0.3,2.14
2018-07-03,74.13999938964844,1251.5999755859375,2.9059998989105225,62.63352966308594,20.4536190032959,2713.219970703125,2.53,2.72,2.83,0.3,2.12
2018-07-04,74.13999938964844,1251.5999755859375,2.9059998989105225,62.63352966308594,20.4536190032959,2713.219970703125,2.53,2.72,2.83,0.3,2.12
2018-07-05,72.94000244140625,1257.300048828125,2.813999891281128,62.93988800048828,20.562742233276367,2736.610107421875,2.55,2.74,2.84,0.29,2.13
2018-07-06,73.80000305175781,1254.300048828125,2.812999963760376,63.158687591552734,20.722537994384766,2759.820068359375,2.53,2.71,2.82,0.29,2.12
2018-07-09,73.8499984741211,1258.0999755859375,2.8389999866485596,64.33153533935547,20.083364486694336,2784.169921875,2.57,2.75,2.86,0.29,2.13
2018-07-10,74.11000061035156,1253.800048828125,2.8285000324249268,64.53285217285156,20.274335861206055,2793.840087890625,2.59,2.77,2.87,0.28,2.13
2018-07-11,70.37999725341797,1242.800048828125,2.7335000038146973,63.473777770996094,20.457517623901367,2774.02001953125,2.58,2.74,2.85,0.27,2.11
2018-07-12,70.33000183105469,1245.0,2.7679998874664307,64.2177505493164,20.473102569580078,2798.2900390625,2.6,2.75,2.85,0.25,2.1
2018-07-13,71.01000213623047,1239.5999755859375,2.7699999809265137,64.55036163330078,20.477001190185547,2801.31005859375,2.59,2.73,2.83,0.24,2.11
2018-07-16,68.05999755859375,1238.0999755859375,2.756999969482422,64.28778839111328,20.457517623901367,2798.429931640625,2.59,2.75,2.85,0.26,2.1
2018-07-17,68.08000183105469,1225.699951171875,2.739500045776367,64.5416030883789,20.44192123413086,2809.550048828125,2.62,2.76,2.86,0.24,2.09
2018-07-18,68.76000213623047,1226.300048828125,2.752000093460083,65.25057983398438,20.33669090270996,2815.6201171875,2.6,2.77,2.88,0.28,2.09
2018-07-19,69.45999908447266,1222.4000244140625,2.686000108718872,65.22431945800781,20.523771286010742,2804.489990234375,2.6,2.74,2.84,0.24,2.09
2018-07-20,70.45999908447266,1229.5,2.746000051498413,65.154296875,20.379568099975586,2801.830078125,2.6,2.77,2.89,0.29,2.11
2018-07-23,67.88999938964844,1224.0,2.736999988555908,64.75165557861328,20.23536491394043,2806.97998046875,2.64,2.83,2.96,0.32,2.11
2018-07-24,68.5199966430664,1223.9000244140625,2.799999952316284,65.02299499511719,20.30551528930664,2820.39990234375,2.63,2.83,2.95,0.32,2.11
2018-07-25,69.30000305175781,1231.4000244140625,2.805999994277954,66.01203918457031,20.363971710205078,2846.070068359375,2.66,2.82,2.94,0.28,2.13
2018-07-26,69.61000061035156,1225.300048828125,2.803999900817871,66.51966857910156,20.582233428955078,2837.43994140625,2.69,2.86,2.98,0.29,2.11
2018-07-27,68.69000244140625,1222.5999755859375,2.7874999046325684,66.5284652709961,20.515975952148438,2818.820068359375,2.67,2.84,2.96,0.29,2.12
2018-07-30,70.12999725341797,1221.300048828125,2.7790000438690186,65.87201690673828,20.39125633239746,2802.60009765625,2.66,2.85,2.98,0.32,2.13
2018-07-31,68.76000213623047,1223.699951171875,2.819000005722046,67.32490539550781,20.574438095092773,2816.2900390625,2.67,2.85,2.96,0.29,2.12
2018-08-01,67.66000366210938,1217.9000244140625,2.734999895095825,66.41466522216797,20.44192123413086,2813.360107421875,2.67,2.87,3.0,0.33,2.13
2018-08-02,68.95999908447266,1210.5999755859375,2.7269999980926514,66.3271255493164,20.54326057434082,2827.219970703125,2.66,2.85,2.98,0.32,2.12
2018-08-03,68.48999786376953,1214.199951171875,2.753499984741211,66.38838195800781,20.77320671081543,2840.35009765625,2.63,2.82,2.95,0.32,2.12
2018-08-06,69.01000213623047,1208.5999755859375,2.7209999561309814,66.48468780517578,20.788801193237305,2850.39990234375,2.64,2.8,2.94,0.3,2.11
2018-08-07,69.16999816894531,1209.5999755859375,2.740999937057495,66.95730590820312,20.757614135742188,2858.449951171875,2.68,2.84,2.98,0.3,2.13
2018-08-08,66.94000244140625,1212.5999755859375,2.740499973297119,66.65973663330078,20.648487091064453,2857.699951171875,2.68,2.83,2.96,0.28,2.11
2018-08-09,66.80999755859375,1211.9000244140625,2.755500078201294,66.29210662841797,20.74202537536621,2853.580078125,2.64,2.8,2.93,0.29,2.11
2018-08-10,67.62999725341797,1211.0999755859375,2.7325000762939453,65.7056655883789,20.652389526367188,2833.280029296875,2.61,2.75,2.87,0.26,2.09
2018-08-13,67.19999694824219,1191.300048828125,2.7219998836517334,65.3906021118164,20.679668426513672,2821.929931640625,2.61,2.75,2.88,0.27,2.1
2018-08-14,67.04000091552734,1193.0,2.67549991607666,65.84574127197266,20.722537994384766,2839.9599609375,2.63,2.77,2.89,0.26,2.09
2018-08-15,65.01000213623047,1177.5,2.556999921798706,65.53063201904297,20.913509368896484,2818.3701171875,2.61,2.73,2.86,0.25,2.08
2018-08-16,65.45999908447266,1176.199951171875,2.6135001182556152,66.36212158203125,21.139562606811523,2840.68994140625,2.63,2.75,2.87,0.24,2.08
2018-08-17,65.91000366210938,1176.5,2.624500036239624,66.76476287841797,21.248685836791992,2850.1298828125,2.61,2.75,2.87,0.26,2.08
2018-08-20,66.43000030517578,1186.800048828125,2.6635000705718994,67.21116638183594,21.174640655517578,2857.050048828125,2.6,2.7,2.82,0.22,2.07
2018-08-21,67.3499984741211,1192.5999755859375,2.689500093460083,67.71001434326172,21.02263641357422,2862.9599609375,2.61,2.73,2.85,0.24,2.08
2018-08-22,67.86000061035156,1196.300048828125,2.6684999465942383,67.0536117553711,20.866743087768555,2861.820068359375,2.6,2.7,2.82,0.22,2.08
2018-08-23,67.83000183105469,1187.0,2.6524999141693115,66.86104583740234,20.851158142089844,2856.97998046875,2.61,2.72,2.82,0.21,2.09
2018-08-24,68.72000122070312,1206.300048828125,2.6989998817443848,67.14986419677734,20.940792083740234,2874.68994140625,2.63,2.72,2.82,0.19,2.09
2018-08-27,68.87000274658203,1209.0,2.7049999237060547,67.99889373779297,20.812177658081055,2896.739990234375,2.67,2.74,2.85,0.18,2.11
2018-08-28,68.52999877929688,1207.4000244140625,2.7339999675750732,67.85881805419922,20.769309997558594,2897.52001953125,2.67,2.77,2.88,0.21,2.11
2018-08-29,69.51000213623047,1204.5,2.7090001106262207,67.91133117675781,20.921314239501953,2914.0400390625,2.67,2.78,2.89,0.22,2.12
2018-08-30,70.25,1197.699951171875,2.690500020980835,67.43872833251953,20.92910385131836,2901.1298828125,2.64,2.75,2.86,0.22,2.1
2018-08-31,69.80000305175781,1200.300048828125,2.6489999294281006,67.48246765136719,20.839460372924805,2901.52001953125,2.62,2.74,2.86,0.24,2.08
2018-09-03,69.80000305175781,1200.300048828125,2.6489999294281006,67.48246765136719,20.839460372924805,2901.52001953125,2.62,2.74,2.86,0.24,2.08
2018-09-04,69.87000274658203,1192.699951171875,2.5834999084472656,67.42997741699219,20.932998657226562,2896.719970703125,2.66,2.78,2.9,0.24,2.1
2018-09-05,68.72000122070312,1194.9000244140625,2.5924999713897705,67.91133117675781,21.22530174255371,2888.60009765625,2.66,2.77,2.9,0.24,2.09
2018-09-06,67.7699966430664,1197.9000244140625,2.618499994277954,68.12140655517578,21.346126556396484,2878.050048828125,2.64,2.76,2.88,0.24,2.08
2018-09-07,67.75,1193.5999755859375,2.6034998893737793,67.91133117675781,21.085002899169922,2871.679931640625,2.71,2.82,2.94,0.23,2.1
2018-09-10,67.54000091552734,1193.0,2.6105000972747803,68.26145935058594,21.190229415893555,2877.1298828125,2.73,2.83,2.94,0.21,2.1
2018-09-11,69.25,1195.4000244140625,2.6040000915527344,68.24396514892578,21.13566017150879,2887.889892578125,2.76,2.87,2.98,0.22,2.12
2018-09-12,70.37000274658203,1204.699951171875,2.6584999561309814,68.45401763916016,21.11617660522461,2888.919921875,2.74,2.87,2.97,0.23,2.12
2018-09-13,68.58999633789062,1202.0,2.6644999980926514,68.8653793334961,21.275976181030273,2904.179931640625,2.76,2.87,2.97,0.21,2.1
2018-09-14,68.98999786376953,1195.0,2.627500057220459,69.20670318603516,21.162946701049805,2904.97998046875,2.78,2.9,2.99,0.21,2.1
2018-09-17,68.91000366210938,1199.699951171875,2.633500099182129,69.23299407958984,21.233102798461914,2888.800048828125,2.78,2.89,2.99,0.21,2.1
2018-09-18,69.8499984741211,1196.800048828125,2.7119998931884766,69.86316680908203,21.194128036499023,2904.31005859375,2.81,2.94,3.05,0.24,2.13
2018-09-19,71.12000274658203,1202.199951171875,2.7100000381469727,69.80191802978516,20.734230041503906,2907.949951171875,2.81,2.96,3.08,0.27,2.15
2018-09-20,70.80000305175781,1206.199951171875,2.7209999561309814,69.90694427490234,20.777103424072266,2930.75,2.81,2.96,3.07,0.26,2.15
2018-09-21,70.77999877929688,1196.199951171875,2.8364999294281006,70.3590087890625,20.865585327148438,2929.669921875,2.81,2.95,3.07,0.26,2.15
2018-09-24,72.08000183105469,1199.300048828125,2.815999984741211,69.15409851074219,20.68075942993164,2919.3701171875,2.83,2.96,3.08,0.25,2.16
2018-09-25,72.27999877929688,1200.0,2.803499937057495,68.94302368164062,20.397619247436523,2915.56005859375,2.83,2.99,3.1,0.27,2.16
2018-09-26,71.56999969482422,1194.0,2.806999921798706,68.8990249633789,20.197065353393555,2905.969970703125,2.83,2.96,3.06,0.23,2.14
2018-09-27,72.12000274658203,1182.300048828125,2.7644999027252197,68.99577331542969,20.405488967895508,2914.0,2.83,2.96,3.06,0.23,2.15
2018-09-28,73.25,1191.5,2.7869999408721924,68.95179748535156,20.704347610473633,2913.97998046875,2.81,2.94,3.05,0.24,2.14
2018-10-01,75.30000305175781,1187.0999755859375,2.7739999294281006,69.55863952636719,20.633563995361328,2924.590087890625,2.82,2.96,3.09,0.27,2.14
2018-10-02,75.2300033569336,1202.4000244140625,2.7950000762939453,69.71697235107422,20.912771224975586,2923.429931640625,2.82,2.94,3.05,0.23,2.12
2018-10-03,76.41000366210938,1198.300048828125,2.822499990463257,70.0072021484375,20.661096572875977,2925.510009765625,2.85,3.02,3.15,0.3,2.16
2018-10-04,74.33000183105469,1197.199951171875,2.765000104904175,69.7785415649414,20.771198272705078,2901.610107421875,2.87,3.05,3.19,0.32,2.16
2018-10-05,74.33999633789062,1201.199951171875,2.750999927520752,69.4179458618164,21.0897274017334,2885.570068359375,2.88,3.07,3.23,0.35,2.16
2018-10-08,74.29000091552734,1184.4000244140625,2.755000114440918,69.5938720703125,21.266693115234375,2884.429931640625,2.88,3.07,3.23,0.35,2.16
2018-10-09,74.95999908447266,1187.199951171875,2.7950000762939453,68.5208740234375,21.35320472717285,2880.340087890625,2.88,3.05,3.21,0.33,2.17
2018-10-10,73.16999816894531,1189.300048828125,2.7690000534057617,66.3133544921875,21.2352294921875,2785.679931640625,2.88,3.05,3.22,0.34,2.16
2018-10-11,70.97000122070312,1223.5,2.796999931335449,64.56316375732422,20.84592056274414,2728.3701171875,2.85,3.0,3.14,0.29,2.12
2018-10-12,71.33999633789062,1218.0999755859375,2.7929999828338623,64.99412536621094,20.822328567504883,2767.1298828125,2.85,3.0,3.15,0.3,2.12
2018-10-15,71.77999877929688,1226.4000244140625,2.7804999351501465,65.11725616455078,20.920635223388672,2750.7900390625,2.85,3.01,3.16,0.31,2.13
2018-10-16,71.91999816894531,1227.300048828125,2.7704999446868896,66.21662139892578,21.136924743652344,2809.919921875,2.87,3.02,3.16,0.29,2.13
2018-10-17,69.75,1223.699951171875,2.7669999599456787,65.73289489746094,21.097593307495117,2809.2099609375,2.89,3.04,3.19,0.3,2.13
2018-10-18,68.6500015258789,1226.5,2.737499952316284,64.59835815429688,21.12905502319336,2768.780029296875,2.87,3.03,3.17,0.3,2.1
2018-10-19,69.12000274658203,1225.300048828125,2.7679998874664307,64.36090087890625,21.459383010864258,2767.780029296875,2.92,3.05,3.2,0.28,2.11
2018-10-22,69.16999816894531,1221.199951171875,2.7739999294281006,64.14100646972656,21.321744918823242,2755.8798828125,2.92,3.05,3.2,0.28,2.11
2018-10-23,66.43000030517578,1233.4000244140625,2.746999979019165,63.085636138916016,21.203767776489258,2740.68994140625,2.89,3.01,3.17,0.28,2.09
2018-10-24,66.81999969482422,1227.800048828125,2.746500015258789,60.94850158691406,21.71891975402832,2656.10009765625,2.84,2.94,3.1,0.26,2.07
2018-10-25,67.33000183105469,1229.0999755859375,2.748500108718872,61.37941360473633,21.380733489990234,2705.570068359375,2.86,2.98,3.14,0.28,2.05
2018-10-26,67.58999633789062,1232.5,2.74399995803833,60.772579193115234,20.98748779296875,2658.68994140625,2.81,2.91,3.08,0.27,2.06
2018-10-29,67.04000091552734,1224.5,2.7385001182556152,59.761173248291016,21.28241729736328,2641.25,2.81,2.91,3.08,0.27,2.06
2018-10-30,66.18000030517578,1222.5999755859375,2.6630001068115234,60.99245071411133,21.365005493164062,2682.6298828125,2.84,2.94,3.12,0.28,2.05
2018-10-31,65.30999755859375,1212.300048828125,2.6635000705718994,61.45860290527344,21.113325119018555,2711.739990234375,2.87,2.98,3.15,0.28,2.05
2018-11-01,63.689998626708984,1236.0,2.7214999198913574,62.54033660888672,21.018945693969727,2740.3701171875,2.84,2.96,3.14,0.3,2.02
2018-11-02,63.13999938964844,1230.9000244140625,2.802999973297119,62.4348030090332,20.900976181030273,2723.06005859375,2.91,3.04,3.22,0.31,2.06
2018-11-05,63.099998474121094,1229.800048828125,2.755500078201294,62.760215759277344,21.195913314819336,2738.31005859375,2.91,3.03,3.2,0.29,2.06
2018-11-06,62.209999084472656,1223.800048828125,2.7304999828338623,63.41983413696289,21.33747673034668,2755.449951171875,2.93,3.05,3.22,0.29,2.07
2018-11-07,61.66999816894531,1226.199951171875,2.752500057220459,64.4488525390625,21.581289291381836,2813.889892578125,2.96,3.07,3.22,0.26,2.07
2018-11-08,60.66999816894531,1222.9000244140625,2.736999988555908,64.34331512451172,21.545900344848633,2806.830078125,2.98,3.09,3.24,0.26,2.07
2018-11-09,60.189998626708984,1206.4000244140625,2.686500072479248,63.69248580932617,21.57735252380371,2781.010009765625,2.94,3.05,3.19,0.25,2.04
2018-11-12,59.93000030517578,1201.300048828125,2.677999973297119,62.4348030090332,21.565561294555664,2726.219970703125,2.94,3.05,3.19,0.25,2.04
2018-11-13,55.689998626708984,1199.199951171875,2.687000036239624,62.71626663208008,21.65599822998047,2722.179931640625,2.89,2.99,3.14,0.25,2.02
2018-11-14,56.25,1207.9000244140625,2.7095000743865967,62.50517654418945,21.431854248046875,2701.580078125,2.86,2.95,3.12,0.26,2.0
2018-11-15,56.459999084472656,1212.800048828125,2.749000072479248,63.33188247680664,21.254892349243164,2730.199951171875,2.86,2.94,3.11,0.25,2.0
2018-11-16,56.459999084472656,1220.800048828125,2.803999900817871,63.31429672241211,21.581289291381836,2736.27001953125,2.81,2.9,3.08,0.27,2.02
2018-11-19,56.7599983215332,1223.0999755859375,2.804500102996826,62.311683654785156,21.675668716430664,2690.72998046875,2.79,2.87,3.06,0.27,1.99
2018-11-20,53.43000030517578,1219.0,2.7664999961853027,61.01884460449219,21.585222244262695,2641.889892578125,2.79,2.88,3.06,0.27,1.97
2018-11-21,54.630001068115234,1225.800048828125,2.7945001125335693,61.449798583984375,21.266693115234375,2649.929931640625,2.81,2.89,3.06,0.25,1.97
2018-11-22,54.630001068115234,1225.800048828125,2.7945001125335693,61.449798583984375,21.266693115234375,2649.929931640625,2.81,2.89,3.06,0.25,1.97
2018-11-23,50.41999816894531,1221.0,2.7704999446868896,61.326656341552734,21.278488159179688,2632.56005859375,2.81,2.88,3.05,0.24,1.96
2018-11-26,51.630001068115234,1220.199951171875,2.758500099182129,61.77519607543945,21.40432357788086,2673.449951171875,2.84,2.9,3.07,0.23,1.96
2018-11-27,51.560001373291016,1211.199951171875,2.7105000019073486,61.669673919677734,21.565561294555664,2682.169921875,2.83,2.89,3.06,0.23,1.91
2018-11-28,50.290000915527344,1221.4000244140625,2.7960000038146973,63.14720153808594,21.54983139038086,2743.7900390625,2.81,2.87,3.06,0.25,1.94
2018-11-29,51.45000076293945,1224.0999755859375,2.7780001163482666,63.18236541748047,21.541961669921875,2737.800048828125,2.81,2.85,3.03,0.22,1.98
2018-11-30,50.93000030517578,1220.199951171875,2.7774999141693115,63.798030853271484,21.860492706298828,2760.169921875,2.8,2.84,3.01,0.21,1.97
2018-12-03,52.95000076293945,1233.9000244140625,2.799499988555908,64.53678131103516,22.080711364746094,2790.3701171875,2.83,2.83,2.98,0.15,1.96
2018-12-04,53.25,1241.0999755859375,2.748500108718872,61.79277420043945,22.096435546875,2700.06005859375,2.8,2.79,2.91,0.11,1.94
2018-12-05,53.25,1241.0999755859375,2.748500108718872,61.79277420043945,22.096435546875,2700.06005859375,2.8,2.79,2.91,0.11,1.94
2018-12-06,51.4900016784668,1238.0999755859375,2.740499973297119,61.449798583984375,22.120033264160156,2695.949951171875,2.75,2.75,2.87,0.12,1.9
2018-12-07,52.61000061035156,1246.800048828125,2.757499933242798,59.83154296875,22.202617645263672,2633.080078125,2.72,2.7,2.85,0.13,1.89
2018-12-10,51.0,1243.699951171875,2.7184998989105225,59.981056213378906,22.24587631225586,2637.719970703125,2.72,2.71,2.85,0.13,1.86
2018-12-11,51.650001525878906,1241.9000244140625,2.7660000324249268,59.62925720214844,22.336318969726562,2636.780029296875,2.78,2.75,2.89,0.11,1.83
2018-12-12,51.150001525878906,1244.4000244140625,2.7685000896453857,59.963443756103516,22.194751739501953,2651.070068359375,2.77,2.77,2.91,0.14,1.83
2018-12-13,52.58000183105469,1242.699951171875,2.762500047683716,59.79633331298828,22.38744354248047,2650.5400390625,2.75,2.75,2.91,0.16,1.83
2018-12-14,51.20000076293945,1237.0,2.760499954223633,58.96963882446289,22.34418487548828,2599.949951171875,2.73,2.73,2.89,0.16,1.82
2018-12-17,49.880001068115234,1247.4000244140625,2.753000020980835,58.002197265625,21.624542236328125,2545.93994140625,2.7,2.69,2.86,0.16,1.81
2018-12-18,46.2400016784668,1249.199951171875,2.6710000038146973,58.29242706298828,21.47904396057129,2546.159912109375,2.65,2.65,2.82,0.17,1.81
2018-12-19,47.20000076293945,1252.0999755859375,2.7214999198913574,57.19307327270508,21.443649291992188,2506.9599609375,2.63,2.62,2.77,0.14,1.8
2018-12-20,45.880001068115234,1263.5999755859375,2.7019999027252197,56.14647674560547,21.431854248046875,2467.419921875,2.67,2.65,2.79,0.12,1.76
2018-12-21,45.59000015258789,1253.800048828125,2.678499937057495,55.086341857910156,21.34024429321289,2416.6201171875,2.63,2.64,2.79,0.16,1.77
2018-12-24,42.529998779296875,1267.5,2.6684999465942383,53.39614486694336,20.44792938232422,2351.10009765625,2.55,2.58,2.74,0.19,1.75
2018-12-25,42.529998779296875,1267.5,2.6684999465942383,53.39614486694336,20.44792938232422,2351.10009765625,2.55,2.58,2.74,0.19,1.75
2018-12-26,46.220001220703125,1269.199951171875,2.7084999084472656,55.88276672363281,20.72553825378418,2467.699951171875,2.61,2.67,2.81,0.2,1.77
2018-12-27,44.61000061035156,1277.300048828125,2.6675000190734863,56.58186721801758,20.900035858154297,2488.830078125,2.56,2.6,2.77,0.21,1.74
2018-12-28,45.33000183105469,1279.9000244140625,2.678999900817871,56.43143844604492,20.951587677001953,2485.739990234375,2.52,2.56,2.72,0.2,1.73
2018-12-31,45.40999984741211,1278.300048828125,2.628000020980835,56.997779846191406,20.98728370666504,2506.85009765625,2.48,2.51,2.69,0.21,1.71
2019-01-01,45.40999984741211,1278.300048828125,2.628000020980835,56.997779846191406,20.98728370666504,2506.85009765625,2.48,2.51,2.69,0.21,1.71
2019-01-02,46.540000915527344,1281.0,2.625,57.289794921875,20.626394271850586,2510.030029296875,2.5,2.49,2.66,0.16,1.7
2019-01-03,47.09000015258789,1291.800048828125,2.570499897003174,55.546504974365234,20.62242889404297,2447.889892578125,2.39,2.37,2.56,0.17,1.68
2019-01-04,47.959999084472656,1282.699951171875,2.6514999866485596,57.65262222290039,20.927797317504883,2531.93994140625,2.5,2.49,2.67,0.17,1.76
2019-01-07,48.52000045776367,1286.800048828125,2.6410000324249268,58.12162399291992,20.785030364990234,2549.68994140625,2.53,2.53,2.7,0.17,1.78
2019-01-08,49.779998779296875,1283.199951171875,2.6605000495910645,58.91805648803711,21.04280662536621,2574.409912109375,2.58,2.58,2.73,0.15,1.82
2019-01-09,52.36000061035156,1289.300048828125,2.6619999408721924,59.316261291503906,20.915895462036133,2584.9599609375,2.56,2.57,2.74,0.18,1.83
2019-01-10,52.59000015258789,1284.699951171875,2.6435000896453857,60.12154006958008,21.189538955688477,2596.639892578125,2.56,2.56,2.74,0.18,1.81
2019-01-11,51.59000015258789,1287.0999755859375,2.6695001125335693,60.05961227416992,21.11022186279297,2596.260009765625,2.55,2.52,2.71,0.16,1.83
2019-01-14,50.5099983215332,1289.0999755859375,2.6454999446868896,60.050758361816406,20.63431739807129,2582.610107421875,2.53,2.53,2.71,0.18,1.81
2019-01-15,52.11000061035156,1286.199951171875,2.6505000591278076,59.86494064331055,20.888132095336914,2610.300048828125,2.53,2.53,2.72,0.19,1.81
2019-01-16,52.310001373291016,1291.5999755859375,2.69350004196167,59.926849365234375,20.963489532470703,2616.10009765625,2.55,2.54,2.73,0.18,1.82
2019-01-17,52.06999969482422,1291.0,2.700000047683716,60.953372955322266,21.050735473632812,2635.9599609375,2.56,2.58,2.75,0.19,1.79
2019-01-18,53.79999923706055,1281.300048828125,2.740999937057495,62.11263656616211,21.07452964782715,2670.7099609375,2.62,2.62,2.79,0.17,1.83
2019-01-21,53.79999923706055,1281.300048828125,2.740999937057495,62.11263656616211,21.07452964782715,2670.7099609375,2.62,2.62,2.79,0.17,1.83
2019-01-22,52.56999969482422,1282.5,2.688999891281128,60.82948684692383,21.114187240600586,2632.89990234375,2.58,2.57,2.74,0.16,1.79
2019-01-23,52.619998931884766,1283.0999755859375,2.694000005722046,60.917972564697266,21.328344345092773,2638.699951171875,2.58,2.59,2.76,0.18,1.8
2019-01-24,53.130001068115234,1279.0999755859375,2.6735000610351562,61.22771072387695,21.439390182495117,2642.330078125,2.56,2.55,2.72,0.16,1.77
2019-01-25,53.689998626708984,1297.4000244140625,2.73799991607666,62.00643539428711,21.145919799804688,2664.760009765625,2.6,2.59,2.76,0.16,1.79
2019-01-28,51.9900016784668,1302.4000244140625,2.6875,61.41354751586914,21.046772003173828,2643.85009765625,2.6,2.58,2.75,0.15,1.78
2019-01-29,53.310001373291016,1308.199951171875,2.7320001125335693,62.26305389404297,21.106258392333984,2640.0,2.56,2.55,2.72,0.16,1.78
2019-01-30,54.22999954223633,1309.9000244140625,2.7730000019073486,63.23648452758789,21.268856048583984,2681.050048828125,2.52,2.49,2.7,0.18,1.84
2019-01-31,53.790000915527344,1319.699951171875,2.7890000343322754,63.510780334472656,21.716995239257812,2704.10009765625,2.45,2.43,2.63,0.18,1.85
2019-02-01,55.2599983215332,1316.9000244140625,2.7750000953674316,63.608116149902344,21.633718490600586,2706.530029296875,2.52,2.51,2.7,0.18,1.88
2019-02-04,54.560001373291016,1314.300048828125,2.7950000762939453,64.43109893798828,21.66941261291504,2724.8701171875,2.53,2.53,2.73,0.2,1.87
2019-02-05,53.65999984741211,1314.199951171875,2.816999912261963,64.98860168457031,21.713031768798828,2737.699951171875,2.53,2.51,2.71,0.18,1.87
2019-02-06,54.0099983215332,1309.5,2.8355000019073486,65.0063247680664,21.701133728027344,2731.610107421875,2.52,2.5,2.7,0.18,1.86
2019-02-07,52.63999938964844,1309.4000244140625,2.8285000324249268,64.56385040283203,21.986677169799805,2706.050048828125,2.48,2.46,2.65,0.17,1.84
2019-02-08,52.720001220703125,1313.699951171875,2.809999942779541,64.66120910644531,22.08185386657715,2707.8798828125,2.45,2.44,2.63,0.18,1.82
2019-02-11,52.40999984741211,1307.0,2.7915000915527344,65.0063247680664,22.073928833007812,2709.800048828125,2.48,2.47,2.65,0.17,1.82
2019-02-12,53.099998474121094,1309.199951171875,2.7744998931884766,66.01513671875,22.1254825592041,2744.72998046875,2.5,2.49,2.68,0.18,1.83
2019-02-13,53.900001525878906,1310.800048828125,2.7739999294281006,66.40447998046875,22.06202507019043,2753.030029296875,2.53,2.53,2.71,0.18,1.86
2019-02-14,54.40999984741211,1309.800048828125,2.7760000228881836,66.09478759765625,22.02633285522461,2745.72998046875,2.5,2.48,2.66,0.16,1.85
2019-02-15,55.59000015258789,1318.0999755859375,2.802500009536743,66.97968292236328,22.093759536743164,2775.60009765625,2.52,2.49,2.66,0.14,1.86
2019-02-18,55.59000015258789,1318.0999755859375,2.802500009536743,66.97968292236328,22.093759536743164,2775.60009765625,2.52,2.49,2.66,0.14,1.86
2019-02-19,56.09000015258789,1340.0999755859375,2.881500005722046,66.95314025878906,22.224626541137695,2779.760009765625,2.5,2.47,2.65,0.15,1.87
2019-02-20,56.91999816894531,1343.300048828125,2.930000066757202,67.27171325683594,22.323772430419922,2784.699951171875,2.5,2.47,2.65,0.15,1.89
2019-02-21,56.959999084472656,1323.5,2.9024999141693115,66.99739074707031,22.486377716064453,2774.8798828125,2.53,2.51,2.69,0.16,1.91
2019-02-22,57.2599983215332,1329.199951171875,2.9609999656677246,67.43985748291016,22.62517738342285,2792.669921875,2.48,2.47,2.65,0.17,1.91
2019-02-25,55.47999954223633,1325.9000244140625,2.950000047683716,67.7052993774414,22.478443145751953,2796.110107421875,2.51,2.48,2.67,0.16,1.92
2019-02-26,55.5,1325.0999755859375,2.944000005722046,67.51949310302734,22.4506778717041,2793.89990234375,2.48,2.45,2.64,0.16,1.92
2019-02-27,56.939998626708984,1317.699951171875,2.9590001106262207,67.78497314453125,22.478443145751953,2792.3798828125,2.5,2.49,2.69,0.19,1.93
2019-02-28,57.220001220703125,1312.800048828125,2.950000047683716,67.55487823486328,22.609315872192383,2784.489990234375,2.52,2.52,2.73,0.21,1.95
2019-03-01,55.79999923706055,1296.4000244140625,2.933500051498413,67.6168441772461,22.65690803527832,2803.68994140625,2.55,2.56,2.76,0.21,1.96
2019-03-04,56.59000015258789,1284.800048828125,2.9110000133514404,67.31596374511719,22.69655990600586,2792.81005859375,2.55,2.53,2.72,0.17,1.94
2019-03-05,56.560001373291016,1282.0,2.936000108718872,66.88233947753906,22.668804168701172,2789.64990234375,2.55,2.53,2.72,0.17,1.93
2019-03-06,56.220001220703125,1284.9000244140625,2.9184999465942383,66.25404357910156,22.668804168701172,2771.449951171875,2.52,2.49,2.69,0.17,1.91
2019-03-07,56.65999984741211,1283.800048828125,2.9114999771118164,65.85581970214844,22.744157791137695,2748.929931640625,2.47,2.44,2.64,0.17,1.9
2019-03-08,56.06999969482422,1297.0,2.8940000534057617,65.72309112548828,22.823474884033203,2743.070068359375,2.45,2.42,2.62,0.17,1.9
2019-03-11,56.790000915527344,1288.800048828125,2.9000000953674316,66.28060150146484,22.98607063293457,2783.300048828125,2.47,2.44,2.64,0.17,1.91
2019-03-12,56.869998931884766,1296.300048828125,2.927500009536743,65.73194122314453,23.14470672607422,2791.52001953125,2.45,2.41,2.61,0.16,1.9
2019-03-13,58.2599983215332,1307.5,2.933500051498413,66.30713653564453,23.168498992919922,2810.919921875,2.45,2.42,2.61,0.16,1.92
2019-03-14,58.61000061035156,1293.4000244140625,2.8884999752044678,66.08592224121094,23.16453742980957,2808.47998046875,2.46,2.43,2.63,0.17,1.94
2019-03-15,58.52000045776367,1301.800048828125,2.9035000801086426,65.85274505615234,23.24843406677246,2822.47998046875,2.43,2.4,2.59,0.16,1.94
2019-03-18,59.09000015258789,1300.300048828125,2.9035000801086426,66.4935302734375,23.160537719726562,2832.93994140625,2.45,2.42,2.6,0.15,1.96
2019-03-19,59.029998779296875,1305.0,2.9195001125335693,66.25325775146484,22.896854400634766,2832.570068359375,2.46,2.42,2.61,0.15,1.95
2019-03-20,59.83000183105469,1300.5,2.9154999256134033,65.79932403564453,22.95677947998047,2824.22998046875,2.4,2.34,2.54,0.14,1.96
2019-03-21,59.97999954223633,1306.0999755859375,2.9000000953674316,66.43124389648438,23.20049476623535,2854.8798828125,2.41,2.34,2.54,0.13,1.96
2019-03-22,59.040000915527344,1311.5999755859375,2.8359999656677246,64.9271011352539,23.36829376220703,2800.7099609375,2.31,2.24,2.44,0.13,1.9
2019-03-25,58.81999969482422,1321.9000244140625,2.8494999408721924,65.07840728759766,23.38827133178711,2798.360107421875,2.26,2.21,2.43,0.17,1.88
2019-03-26,59.939998626708984,1314.300048828125,2.8505001068115234,65.5145263671875,23.556076049804688,2818.4599609375,2.24,2.18,2.41,0.17,1.86
2019-03-27,59.40999984741211,1309.9000244140625,2.8580000400543213,65.58570861816406,23.392269134521484,2805.3701171875,2.22,2.18,2.39,0.17,1.84
2019-03-28,59.29999923706055,1289.800048828125,2.868499994277954,66.06632232666016,23.116592407226562,2815.43994140625,2.23,2.2,2.39,0.16,1.83
2019-03-29,60.13999938964844,1293.0,2.936000108718872,66.77835083007812,23.240447998046875,2834.39990234375,2.27,2.23,2.41,0.14,1.88
2019-04-01,61.59000015258789,1288.4000244140625,2.9205000400543213,68.15789031982422,23.080638885498047,2867.18994140625,2.33,2.31,2.49,0.16,1.9
2019-04-02,62.58000183105469,1290.0,2.9040000438690186,68.13117218017578,23.112598419189453,2867.239990234375,2.3,2.28,2.48,0.18,1.9
2019-04-03,62.459999084472656,1289.9000244140625,2.946500062942505,67.92648315429688,23.076635360717773,2873.39990234375,2.33,2.32,2.52,0.19,1.91
2019-04-04,62.099998474121094,1289.0,2.9084999561309814,68.34477996826172,22.996736526489258,2879.389892578125,2.33,2.32,2.51,0.18,1.9
2019-04-05,63.08000183105469,1290.4000244140625,2.8924999237060547,68.54058837890625,23.212480545043945,2892.739990234375,2.35,2.31,2.5,0.15,1.9
2019-04-08,64.4000015258789,1297.0999755859375,2.929500102996826,68.24690246582031,23.048669815063477,2895.77001953125,2.36,2.33,2.52,0.16,1.91
2019-04-09,63.97999954223633,1303.5,2.93149995803833,67.32125854492188,23.10460662841797,2878.199951171875,2.35,2.31,2.51,0.16,1.91
2019-04-10,64.61000061035156,1309.0999755859375,2.922499895095825,67.30347442626953,23.03269386291504,2888.2099609375,2.31,2.28,2.48,0.17,1.94
2019-04-11,63.58000183105469,1288.5999755859375,2.885999917984009,67.88196563720703,23.1485538482666,2888.320068359375,2.35,2.31,2.51,0.16,1.94
2019-04-12,63.88999938964844,1290.5999755859375,2.946000099182129,68.7808837890625,23.25642204284668,2907.409912109375,2.4,2.38,2.56,0.16,1.95
2019-04-15,63.400001525878906,1286.800048828125,2.934000015258789,68.398193359375,23.252431869506836,2905.580078125,2.4,2.37,2.55,0.15,1.94
2019-04-16,64.05000305175781,1272.5999755859375,2.930500030517578,68.81649780273438,22.964771270751953,2907.06005859375,2.41,2.41,2.6,0.19,1.96
2019-04-17,63.7599983215332,1272.199951171875,2.9755001068115234,68.90550231933594,22.87687873840332,2900.449951171875,2.4,2.4,2.59,0.19,1.94
2019-04-18,64.0,1271.9000244140625,2.927500009536743,69.6976318359375,22.888858795166016,2905.030029296875,2.38,2.38,2.57,0.19,1.95
2019-04-19,64.0,1271.9000244140625,2.927500009536743,69.6976318359375,22.888858795166016,2905.030029296875,2.38,2.38,2.57,0.19,1.95
2019-04-22,65.69999694824219,1273.5,2.9065001010894775,69.48403930664062,22.868886947631836,2907.969970703125,2.38,2.39,2.59,0.21,1.95
2019-04-23,66.30000305175781,1269.300048828125,2.8984999656677246,70.08921813964844,22.93280792236328,2933.679931640625,2.36,2.36,2.57,0.21,1.95
2019-04-24,65.88999938964844,1275.5,2.9175000190734863,69.88453674316406,23.080638885498047,2927.25,2.32,2.32,2.53,0.21,1.96
2019-04-25,65.20999908447266,1275.800048828125,2.877500057220459,68.47830200195312,23.17652130126953,2926.169921875,2.33,2.33,2.54,0.21,1.98
2019-04-26,63.29999923706055,1284.9000244140625,2.9700000286102295,68.99449920654297,23.212480545043945,2939.8798828125,2.28,2.29,2.51,0.23,1.97
2019-04-29,63.5,1278.5999755859375,2.8949999809265137,69.15471649169922,23.076635360717773,2943.030029296875,2.3,2.32,2.54,0.24,1.96
2019-04-30,63.90999984741211,1282.800048828125,2.9014999866485596,69.43063354492188,23.456186294555664,2945.830078125,2.27,2.28,2.51,0.24,1.95
2019-05-01,63.599998474121094,1281.4000244140625,2.802999973297119,68.97672271728516,23.216472625732422,2923.72998046875,2.31,2.31,2.52,0.21,1.93
2019-05-02,61.810001373291016,1269.699951171875,2.7839999198913574,68.94110870361328,23.164541244506836,2917.52001953125,2.35,2.34,2.55,0.2,1.89
2019-05-03,61.939998626708984,1279.199951171875,2.825000047683716,69.77772521972656,23.292383193969727,2945.639892578125,2.33,2.33,2.54,0.21,1.91
2019-05-06,62.25,1281.699951171875,2.8369998931884766,69.11019897460938,23.164541244506836,2932.469970703125,2.31,2.3,2.51,0.2,1.91
2019-05-07,61.400001525878906,1283.5,2.7939999103546143,67.71287536621094,23.09262466430664,2884.050048828125,2.28,2.25,2.45,0.17,1.87
2019-05-08,62.119998931884766,1279.4000244140625,2.7855000495910645,67.71287536621094,22.776994705200195,2879.419921875,2.3,2.28,2.49,0.19,1.87
2019-05-09,61.70000076293945,1283.5,2.7834999561309814,67.61495971679688,22.749027252197266,2870.719970703125,2.26,2.25,2.45,0.19,1.85
2019-05-10,61.65999984741211,1285.699951171875,2.7850000858306885,67.88196563720703,23.15654182434082,2881.39990234375,2.26,2.26,2.47,0.21,1.88
2019-05-13,61.040000915527344,1300.0999755859375,2.7295000553131104,65.95060729980469,23.40424919128418,2811.8701171875,2.18,2.18,2.4,0.22,1.85
2019-05-14,61.779998779296875,1294.699951171875,2.734499931335449,66.63593292236328,23.24843406677246,2834.409912109375,2.2,2.2,2.42,0.22,1.86
2019-05-15,62.02000045776367,1296.300048828125,2.753499984741211,66.72496795654297,23.208480834960938,2850.9599609375,2.16,2.15,2.37,0.21,1.83
2019-05-16,62.869998931884766,1285.0,2.758500099182129,67.33905792236328,23.364295959472656,2876.320068359375,2.2,2.18,2.4,0.2,1.84
2019-05-17,62.7599983215332,1274.5,2.747999906539917,66.59144592285156,23.484161376953125,2859.530029296875,2.2,2.17,2.39,0.19,1.81
2019-05-20,63.099998474121094,1276.0999755859375,2.7360000610351562,66.42234802246094,23.5161190032959,2840.22998046875,2.21,2.21,2.41,0.2,1.81
2019-05-21,62.9900016784668,1272.0,2.7235000133514404,67.20556640625,23.560068130493164,2864.360107421875,2.26,2.23,2.43,0.17,1.83
2019-05-22,61.41999816894531,1273.5999755859375,2.686000108718872,66.65374755859375,23.735858917236328,2856.27001953125,2.23,2.19,2.39,0.16,1.79
2019-05-23,57.90999984741211,1284.800048828125,2.686500072479248,65.63912200927734,23.93961524963379,2822.239990234375,2.12,2.11,2.31,0.19,1.73
2019-05-24,58.630001068115234,1283.0,2.7065000534057617,65.66581726074219,23.903661727905273,2826.06005859375,2.16,2.12,2.32,0.16,1.76
2019-05-27,58.630001068115234,1283.0,2.7065000534057617,65.66581726074219,23.903661727905273,2826.06005859375,2.16,2.12,2.32,0.16,1.76
2019-05-28,59.13999938964844,1276.5,2.7035000324249268,65.06061553955078,23.512123107910156,2802.389892578125,2.12,2.06,2.26,0.14,1.73
2019-05-29,58.810001373291016,1280.5999755859375,2.672499895095825,64.76689910888672,23.20049476623535,2783.02001953125,2.09,2.05,2.25,0.16,1.75
2019-05-30,56.59000015258789,1287.0999755859375,2.6605000495910645,65.01610565185547,23.164541244506836,2788.860107421875,2.06,2.03,2.22,0.16,1.74
2019-05-31,53.5,1305.800048828125,2.6459999084472656,64.12609100341797,23.272409439086914,2752.06005859375,1.95,1.93,2.14,0.19,1.74
2019-06-03,53.25,1322.699951171875,2.6554999351501465,64.56221008300781,23.504133224487305,2744.449951171875,1.82,1.83,2.07,0.25,1.73
2019-06-04,53.47999954223633,1323.4000244140625,2.6735000610351562,66.1019287109375,23.524110794067383,2803.27001953125,1.88,1.89,2.12,0.24,1.74
2019-06-05,51.68000030517578,1328.300048828125,2.627000093460083,66.74275207519531,24.02751350402832,2826.14990234375,1.83,1.86,2.12,0.29,1.75
2019-06-06,52.59000015258789,1337.5999755859375,2.6540000438690186,66.85844421386719,24.175338745117188,2843.489990234375,1.88,1.88,2.12,0.24,1.73
2019-06-07,53.9900016784668,1341.199951171875,2.630500078201294,67.3924789428711,23.995548248291016,2873.340087890625,1.85,1.85,2.09,0.24,1.74
2019-06-10,53.2599983215332,1324.699951171875,2.6640000343322754,67.48143768310547,23.83174705505371,2886.72998046875,1.9,1.91,2.15,0.25,1.73
2019-06-11,53.27000045776367,1326.4000244140625,2.67549991607666,66.90293884277344,23.687917709350586,2885.719970703125,1.93,1.92,2.15,0.22,1.72
2019-06-12,51.13999938964844,1331.9000244140625,2.6589999198913574,67.0453872680664,23.995548248291016,2879.840087890625,1.88,1.88,2.13,0.25,1.71
2019-06-13,52.279998779296875,1339.199951171875,2.6610000133514404,67.38355255126953,24.043487548828125,2891.639892578125,1.83,1.84,2.1,0.27,1.68
2019-06-14,52.5099983215332,1340.0999755859375,2.634500026702881,67.11656188964844,24.295196533203125,2886.97998046875,1.84,1.85,2.09,0.25,1.63
2019-06-17,51.93000030517578,1338.699951171875,2.6510000228881836,66.88516998291016,24.227275848388672,2889.669921875,1.86,1.85,2.09,0.23,1.61
2019-06-18,53.900001525878906,1346.5999755859375,2.7070000171661377,68.18458557128906,24.127395629882812,2917.75,1.86,1.83,2.06,0.2,1.64
2019-06-19,53.7599983215332,1344.5999755859375,2.684499979019165,68.13117218017578,24.31117057800293,2926.4599609375,1.74,1.77,2.03,0.29,1.67
2019-06-20,56.650001525878906,1392.9000244140625,2.7155001163482666,69.27039337158203,24.466997146606445,2954.179931640625,1.72,1.74,2.01,0.29,1.74
2019-06-21,57.43000030517578,1396.199951171875,2.7060000896453857,68.9012451171875,24.561628341674805,2950.4599609375,1.77,1.8,2.07,0.3,1.73
2019-06-24,57.900001525878906,1414.300048828125,2.7054998874664307,68.76715850830078,24.569679260253906,2945.35009765625,1.72,1.75,2.02,0.3,1.71
2019-06-25,57.83000183105469,1414.9000244140625,2.7355000972747803,68.24869537353516,24.42068099975586,2917.3798828125,1.71,1.73,2.0,0.29,1.67
2019-06-26,59.380001068115234,1411.5999755859375,2.7109999656677246,68.41852569580078,23.88909339904785,2913.780029296875,1.77,1.8,2.05,0.28,1.7
2019-06-27,59.43000030517578,1408.4000244140625,2.7125000953674316,68.48110961914062,23.92131233215332,2924.919921875,1.74,1.76,2.01,0.27,1.68
2019-06-28,58.470001220703125,1409.699951171875,2.7054998874664307,69.20516967773438,24.01393699645996,2941.760009765625,1.75,1.76,2.0,0.25,1.69
2019-07-01,59.09000015258789,1385.5999755859375,2.679500102996826,69.26771545410156,23.953529357910156,2964.330078125,1.78,1.79,2.03,0.25,1.69
2019-07-02,56.25,1404.5999755859375,2.6575000286102295,69.1783447265625,24.27973175048828,2973.010009765625,1.77,1.75,1.98,0.21,1.65
2019-07-03,57.34000015258789,1417.699951171875,2.679500102996826,69.56270599365234,24.448867797851562,2995.820068359375,1.77,1.74,1.96,0.19,1.65
2019-07-04,57.34000015258789,1417.699951171875,2.679500102996826,69.56270599365234,24.448867797851562,2995.820068359375,1.77,1.74,1.96,0.19,1.65
2019-07-05,57.5099983215332,1396.699951171875,2.6584999561309814,69.28561401367188,24.436792373657227,2990.409912109375,1.87,1.84,2.04,0.17,1.69
2019-07-08,57.65999984741211,1397.0,2.6559998989105225,68.71351623535156,24.473033905029297,2975.949951171875,1.88,1.86,2.05,0.17,1.7
2019-07-09,57.83000183105469,1397.5,2.624500036239624,68.56156158447266,24.5052433013916,2979.6298828125,1.92,1.88,2.07,0.15,1.71
2019-07-10,60.43000030517578,1410.0999755859375,2.693000078201294,68.4006576538086,24.561628341674805,2993.070068359375,1.82,1.82,2.07,0.25,1.74
2019-07-11,60.20000076293945,1404.300048828125,2.682499885559082,68.86548614501953,24.569679260253906,2999.909912109375,1.85,1.88,2.13,0.28,1.77
2019-07-12,60.209999084472656,1409.9000244140625,2.691499948501587,70.07223510742188,24.40859603881836,3013.77001953125,1.84,1.86,2.12,0.28,1.77
2019-07-15,59.58000183105469,1411.4000244140625,2.7074999809265137,69.78620147705078,24.5052433013916,3014.300048828125,1.83,1.84,2.09,0.26,1.77
2019-07-16,57.619998931884766,1409.199951171875,2.69350004196167,70.23313903808594,24.36429786682129,3004.0400390625,1.87,1.88,2.13,0.26,1.8
2019-07-17,56.779998779296875,1421.300048828125,2.7100000381469727,68.73140716552734,24.45692253112793,2984.419921875,1.83,1.83,2.06,0.23,1.75
2019-07-18,55.29999923706055,1426.0999755859375,2.7039999961853027,68.85653686523438,24.670366287231445,2995.110107421875,1.77,1.78,2.04,0.27,1.79
2019-07-19,55.630001068115234,1425.0999755859375,2.744499921798706,69.23197937011719,24.31194305419922,2976.610107421875,1.8,1.8,2.05,0.25,1.8
2019-07-22,56.220001220703125,1425.300048828125,2.7144999504089355,69.28561401367188,24.25959587097168,2985.030029296875,1.8,1.8,2.05,0.25,1.79
2019-07-23,56.77000045776367,1420.0999755859375,2.694000005722046,70.16163635253906,24.10655975341797,3005.469970703125,1.83,1.83,2.08,0.25,1.81
2019-07-24,55.880001068115234,1422.800048828125,2.7039999961853027,70.46553802490234,24.126699447631836,3019.56005859375,1.83,1.82,2.05,0.22,1.79
2019-07-25,56.02000045776367,1413.9000244140625,2.695499897003174,70.32251739501953,24.066286087036133,3003.669921875,1.86,1.85,2.08,0.22,1.8
2019-07-26,56.20000076293945,1418.5,2.676500082015991,70.1705551147461,24.15488624572754,3025.860107421875,1.86,1.85,2.08,0.22,1.78
2019-07-29,56.869998931884766,1419.5999755859375,2.7095000743865967,70.04544067382812,24.27973175048828,3020.969970703125,1.85,1.84,2.06,0.21,1.77
2019-07-30,58.04999923706055,1429.699951171875,2.6705000400543213,70.34933471679688,24.094482421875,3013.179931640625,1.85,1.84,2.06,0.21,1.78
2019-07-31,58.58000183105469,1426.0999755859375,2.6579999923706055,69.56270599365234,23.98171615600586,2980.3798828125,1.89,1.84,2.02,0.13,1.76
2019-08-01,53.95000076293945,1420.9000244140625,2.6600000858306885,68.21294403076172,24.22737693786621,2953.56005859375,1.73,1.68,1.9,0.17,1.7
2019-08-02,55.65999984741211,1445.5999755859375,2.565000057220459,67.77491760253906,24.223342895507812,2932.050048828125,1.72,1.66,1.86,0.14,1.66
2019-08-05,54.689998626708984,1464.5999755859375,2.5369999408721924,65.89775085449219,23.877010345458984,2844.739990234375,1.59,1.55,1.75,0.16,1.6
2019-08-06,53.630001068115234,1472.4000244140625,2.5510001182556152,66.8899917602539,24.175025939941406,2881.77001953125,1.6,1.53,1.73,0.13,1.62
2019-08-07,51.09000015258789,1507.300048828125,2.565000057220459,66.85423278808594,24.23543357849121,2883.97998046875,1.59,1.52,1.71,0.12,1.62
2019-08-08,52.540000915527344,1497.699951171875,2.6019999980926514,67.98944854736328,24.4851131439209,2938.090087890625,1.62,1.54,1.72,0.1,1.65
2019-08-09,54.5,1496.5999755859375,2.5840001106262207,67.41737365722656,24.513303756713867,2918.64990234375,1.63,1.57,1.74,0.11,1.66
2019-08-12,54.93000030517578,1505.300048828125,2.5799999237060547,66.48773956298828,24.46497917175293,2882.699951171875,1.58,1.49,1.65,0.07,1.61
2019-08-13,57.099998474121094,1502.199951171875,2.624500036239624,67.28327941894531,24.4810848236084,2926.320068359375,1.66,1.57,1.68,0.02,1.63
2019-08-14,55.22999954223633,1515.9000244140625,2.5864999294281006,65.22732543945312,24.27973175048828,2840.60009765625,1.58,1.51,1.59,0.01,1.57
2019-08-15,54.470001220703125,1519.5999755859375,2.5894999504089355,65.15583801269531,24.593843460083008,2847.60009765625,1.48,1.42,1.52,0.04,1.54
2019-08-16,54.869998931884766,1512.5,2.5899999141693115,66.41620635986328,24.718687057495117,2888.679931640625,1.48,1.42,1.55,0.07,1.54
2019-08-19,56.209999084472656,1500.4000244140625,2.5969998836517334,67.04193115234375,24.875751495361328,2923.64990234375,1.53,1.47,1.6,0.07,1.56
2019-08-20,56.34000015258789,1504.5999755859375,2.5739998817443848,66.64861297607422,24.835477828979492,2900.510009765625,1.5,1.42,1.55,0.05,1.53
2019-08-21,55.68000030517578,1504.5999755859375,2.5815000534057617,67.05982971191406,25.00058937072754,2924.429931640625,1.56,1.47,1.59,0.03,1.54
2019-08-22,55.349998474121094,1497.300048828125,2.553499937057495,67.15813446044922,25.024749755859375,2922.949951171875,1.61,1.5,1.62,0.01,1.55
2019-08-23,54.16999816894531,1526.5999755859375,2.5260000228881836,65.3614273071289,24.758960723876953,2847.110107421875,1.51,1.4,1.52,0.01,1.54
2019-08-26,53.63999938964844,1526.300048828125,2.5399999618530273,65.8441390991211,25.044889450073242,2878.3798828125,1.54,1.43,1.54,0.0,1.54
2019-08-27,54.93000030517578,1541.0,2.5434999465942383,65.50443267822266,25.08918571472168,2869.159912109375,1.53,1.4,1.49,-0.04,1.55
2019-08-28,55.779998779296875,1537.800048828125,2.5510001182556152,66.30894470214844,25.020727157592773,2887.93994140625,1.5,1.37,1.47,-0.03,1.55
2019-08-29,56.709999084472656,1526.5,2.559499979019165,67.44415283203125,25.19389533996582,2924.580078125,1.53,1.4,1.5,-0.03,1.59
2019-08-30,55.099998474121094,1519.0999755859375,2.5329999923706055,67.72130584716797,25.201946258544922,2926.4599609375,1.5,1.39,1.5,0.0,1.55
2019-09-02,55.099998474121094,1519.0999755859375,2.5329999923706055,67.72130584716797,25.201946258544922,2926.4599609375,1.5,1.39,1.5,0.0,1.55
2019-09-03,53.939998626708984,1545.9000244140625,2.512500047683716,66.80058288574219,25.64896583557129,2906.27001953125,1.47,1.35,1.47,0.0,1.5
2019-09-04,56.2599983215332,1550.300048828125,2.5789999961853027,67.64981079101562,25.673126220703125,2937.780029296875,1.43,1.32,1.47,0.04,1.51
2019-09-05,56.29999923706055,1515.4000244140625,2.624500036239624,68.86548614501953,25.395254135131836,2976.0,1.55,1.43,1.57,0.02,1.56
2019-09-06,56.52000045776367,1506.199951171875,2.615499973297119,69.00849151611328,25.294572830200195,2978.7099609375,1.53,1.42,1.55,0.02,1.54
2019-09-09,57.849998474121094,1502.199951171875,2.6105000972747803,69.214111328125,25.169734954833984,2978.429931640625,1.58,1.49,1.63,0.05,1.57
2019-09-10,57.400001525878906,1490.300048828125,2.6105000972747803,69.84876251220703,25.201946258544922,2979.389892578125,1.67,1.58,1.72,0.05,1.6
2019-09-11,55.75,1494.4000244140625,2.5975000858306885,70.50129699707031,25.451635360717773,3000.929931640625,1.68,1.6,1.75,0.07,1.6
2019-09-12,55.09000015258789,1498.699951171875,2.623500108718872,70.54598236083984,25.508012771606445,3009.570068359375,1.72,1.65,1.79,0.07,1.63
2019-09-13,54.849998474121094,1490.9000244140625,2.680999994277954,70.93038177490234,25.346927642822266,3007.389892578125,1.79,1.75,1.9,0.11,1.67
2019-09-16,62.900001525878906,1503.0999755859375,2.621000051498413,70.8677978515625,25.367063522338867,2997.9599609375,1.74,1.69,1.84,0.1,1.67
2019-09-17,59.34000015258789,1505.0999755859375,2.609499931335449,70.8320541381836,25.58855628967285,3005.699951171875,1.72,1.66,1.81,0.09,1.66
2019-09-18,58.11000061035156,1507.5,2.5954999923706055,70.72476196289062,25.69728660583496,3006.72998046875,1.77,1.68,1.8,0.03,1.59
2019-09-19,58.130001068115234,1498.4000244140625,2.5910000801086426,70.36724090576172,25.81810188293457,3006.7900390625,1.74,1.66,1.79,0.05,1.61
2019-09-20,58.09000015258789,1507.300048828125,2.5899999141693115,69.92237091064453,25.92037010192871,2992.070068359375,1.69,1.61,1.74,0.05,1.61
2019-09-23,58.63999938964844,1523.699951171875,2.5945000648498535,69.78760528564453,25.92443084716797,2991.780029296875,1.68,1.59,1.72,0.04,1.61
2019-09-24,57.290000915527344,1532.0999755859375,2.5894999504089355,69.39219665527344,26.22880744934082,2966.60009765625,1.6,1.52,1.64,0.04,1.58
2019-09-25,56.4900016784668,1504.5999755859375,2.5950000286102295,69.8415298461914,26.212574005126953,2984.8701171875,1.68,1.6,1.73,0.05,1.6
2019-09-26,56.40999984741211,1507.5,2.559999942779541,69.94036102294922,26.350555419921875,2977.6201171875,1.66,1.59,1.7,0.04,1.57
2019-09-27,55.90999984741211,1499.0999755859375,2.5829999446868896,69.66180419921875,26.2572078704834,2961.7900390625,1.63,1.56,1.69,0.06,1.53
2019-09-30,54.06999969482422,1465.699951171875,2.564500093460083,69.76062774658203,26.2734432220459,2976.739990234375,1.63,1.55,1.68,0.05,1.53
2019-10-01,53.619998931884766,1482.0,2.552000045776367,68.08918762207031,26.212574005126953,2940.25,1.56,1.51,1.65,0.09,1.52
2019-10-02,52.63999938964844,1501.0,2.561500072479248,66.80414581298828,25.86355972290039,2887.610107421875,1.48,1.43,1.6,0.12,1.5
2019-10-03,52.45000076293945,1507.0999755859375,2.5455000400543213,67.2444839477539,25.92443084716797,2910.6298828125,1.39,1.34,1.54,0.15,1.48
2019-10-04,52.810001373291016,1506.199951171875,2.555500030517578,67.9454116821289,26.28561782836914,2952.010009765625,1.4,1.34,1.52,0.12,1.5
2019-10-07,52.75,1497.699951171875,2.572000026702881,67.60392761230469,26.184160232543945,2938.7900390625,1.46,1.38,1.56,0.1,1.51
2019-10-08,52.630001068115234,1497.199951171875,2.563499927520752,66.56153106689453,25.940664291381836,2893.06005859375,1.42,1.36,1.54,0.12,1.48
2019-10-09,52.59000015258789,1506.0999755859375,2.562000036239624,67.12767028808594,26.06647491455078,2919.39990234375,1.47,1.4,1.59,0.12,1.49
2019-10-10,53.54999923706055,1494.800048828125,2.6050000190734863,67.73873138427734,26.038066864013672,2938.1298828125,1.53,1.48,1.67,0.14,1.52
2019-10-11,54.70000076293945,1482.699951171875,2.618499994277954,69.01477813720703,25.940664291381836,2970.27001953125,1.63,1.59,1.76,0.13,1.56
2019-10-14,53.59000015258789,1491.699951171875,2.623500108718872,68.87999725341797,25.774267196655273,2966.14990234375,1.63,1.59,1.76,0.13,1.56
2019-10-15,52.810001373291016,1477.5999755859375,2.6040000915527344,69.43712615966797,25.69310760498047,2995.679931640625,1.61,1.59,1.77,0.16,1.56
2019-10-16,53.36000061035156,1488.0,2.5794999599456787,69.40118408203125,25.749923706054688,2989.68994140625,1.58,1.57,1.75,0.17,1.57
2019-10-17,53.93000030517578,1492.300048828125,2.5869998931884766,69.74266815185547,25.814861297607422,2997.949951171875,1.6,1.57,1.76,0.16,1.59
2019-10-18,53.779998779296875,1488.199951171875,2.625,69.14058685302734,25.90007972717285,2986.199951171875,1.58,1.56,1.76,0.18,1.6
2019-10-21,53.310001373291016,1482.4000244140625,2.634999990463257,69.55396270751953,26.00153923034668,3006.719970703125,1.62,1.61,1.8,0.18,1.61
2019-10-22,54.15999984741211,1481.699951171875,2.621999979019165,70.10214233398438,26.111114501953125,2995.989990234375,1.6,1.6,1.78,0.18,1.61
2019-10-23,55.970001220703125,1489.9000244140625,2.6624999046325684,70.09313201904297,26.21662712097168,3004.52001953125,1.58,1.58,1.77,0.19,1.61
2019-10-24,56.22999954223633,1498.9000244140625,2.6589999198913574,70.19200134277344,26.305908203125,3010.2900390625,1.58,1.58,1.77,0.19,1.62
2019-10-25,56.65999984741211,1499.5,2.6665000915527344,70.63233184814453,26.038066864013672,3022.550048828125,1.63,1.62,1.8,0.17,1.65
2019-10-28,55.810001373291016,1490.0,2.672499895095825,70.83001708984375,25.680932998657227,3039.419921875,1.64,1.66,1.85,0.21,1.64
2019-10-29,55.540000915527344,1487.0,2.682499885559082,71.06366729736328,25.70528221130371,3036.889892578125,1.64,1.66,1.84,0.2,1.61
2019-10-30,55.060001373291016,1493.199951171875,2.680500030517578,71.31527709960938,25.93254852294922,3046.77001953125,1.61,1.61,1.78,0.17,1.57
2019-10-31,54.18000030517578,1511.4000244140625,2.632999897003174,70.55143737792969,26.0745906829834,3037.56005859375,1.52,1.51,1.69,0.17,1.54
2019-11-01,56.20000076293945,1508.0,2.6510000228881836,72.08808898925781,26.00965690612793,3066.909912109375,1.56,1.55,1.73,0.17,1.59
2019-11-04,56.540000915527344,1508.0,2.6670000553131104,72.92384338378906,25.6768741607666,3078.27001953125,1.6,1.6,1.79,0.19,1.64
2019-11-05,57.22999954223633,1480.800048828125,2.694999933242798,73.07657623291016,25.413082122802734,3074.6201171875,1.63,1.66,1.86,0.23,1.68
2019-11-06,56.349998474121094,1490.199951171875,2.6610000133514404,73.12152862548828,25.510482788085938,3076.780029296875,1.61,1.63,1.81,0.2,1.66
2019-11-07,57.150001525878906,1464.199951171875,2.7239999771118164,73.3731460571289,25.165531158447266,3085.179931640625,1.68,1.74,1.92,0.24,1.69
2019-11-08,57.2400016784668,1461.300048828125,2.677999973297119,73.47199249267578,25.06001091003418,3093.080078125,1.68,1.74,1.94,0.26,1.71
2019-11-11,56.86000061035156,1455.5,2.6600000858306885,73.5079345703125,24.905797958374023,3087.010009765625,1.68,1.74,1.94,0.26,1.71
2019-11-12,56.79999923706055,1452.0999755859375,2.6419999599456787,73.49893188476562,24.9666690826416,3091.840087890625,1.66,1.73,1.92,0.26,1.7
2019-11-13,57.119998931884766,1461.699951171875,2.6364998817443848,73.19340515136719,25.335975646972656,3094.0400390625,1.63,1.69,1.88,0.25,1.66
2019-11-14,56.77000045776367,1471.800048828125,2.618499994277954,73.42706298828125,25.425260543823242,3096.6298828125,1.58,1.63,1.82,0.24,1.62
2019-11-15,57.720001220703125,1467.300048828125,2.634999990463257,73.96623229980469,25.50642204284668,3120.4599609375,1.61,1.65,1.84,0.23,1.63
2019-11-18,57.04999923706055,1470.9000244140625,2.617500066757202,73.6876449584961,25.55917739868164,3122.030029296875,1.6,1.63,1.81,0.21,1.63
2019-11-19,55.209999084472656,1473.300048828125,2.6535000801086426,73.62476348876953,25.49424934387207,3120.179931640625,1.6,1.63,1.79,0.19,1.63
2019-11-20,57.11000061035156,1473.300048828125,2.6465001106262207,73.04064178466797,25.648468017578125,3108.4599609375,1.56,1.58,1.73,0.17,1.6
2019-11-21,58.58000183105469,1463.0999755859375,2.621000051498413,73.01367950439453,25.55917739868164,3103.5400390625,1.6,1.62,1.77,0.17,1.63
2019-11-22,57.77000045776367,1463.0999755859375,2.6475000381469727,73.39112854003906,25.56730079650879,3110.2900390625,1.61,1.62,1.77,0.16,1.62
2019-11-25,58.0099983215332,1456.5999755859375,2.6475000381469727,73.92130279541016,25.482078552246094,3133.639892578125,1.61,1.62,1.76,0.15,1.62
2019-11-26,58.40999984741211,1459.800048828125,2.674499988555908,74.13697052001953,25.56730079650879,3140.52001953125,1.58,1.58,1.74,0.16,1.62
2019-11-27,58.11000061035156,1453.4000244140625,2.674499988555908,74.06507110595703,25.611942291259766,3153.6298828125,1.63,1.63,1.77,0.14,1.63
2019-11-28,58.11000061035156,1453.4000244140625,2.674499988555908,74.06507110595703,25.611942291259766,3153.6298828125,1.63,1.63,1.77,0.14,1.63
2019-11-29,55.16999816894531,1465.5999755859375,2.6419999599456787,73.7236099243164,25.58759880065918,3140.97998046875,1.61,1.62,1.78,0.17,1.61
2019-12-02,55.959999084472656,1462.300048828125,2.632499933242798,72.51045227050781,25.421201705932617,3113.8701171875,1.61,1.65,1.83,0.22,1.65
2019-12-03,56.099998474121094,1478.199951171875,2.6080000400543213,71.71965789794922,25.490192413330078,3093.199951171875,1.53,1.54,1.72,0.19,1.63
2019-12-04,58.43000030517578,1474.0,2.6440000534057617,71.99823760986328,25.684988021850586,3112.760009765625,1.58,1.6,1.77,0.19,1.66
2019-12-05,58.43000030517578,1476.9000244140625,2.6484999656677246,72.0162124633789,25.729633331298828,3117.429931640625,1.58,1.62,1.8,0.22,1.67
2019-12-06,59.20000076293945,1459.0999755859375,2.7109999656677246,72.88789367675781,25.65252685546875,3145.909912109375,1.61,1.67,1.84,0.23,1.69
2019-12-09,59.02000045776367,1459.300048828125,2.746500015258789,72.60931396484375,25.56324577331543,3135.9599609375,1.63,1.67,1.83,0.2,1.69
2019-12-10,59.2400016784668,1462.5999755859375,2.755500078201294,72.51945495605469,25.55917739868164,3132.52001953125,1.65,1.68,1.85,0.2,1.71
2019-12-11,58.7599983215332,1469.4000244140625,2.7825000286102295,72.97773742675781,25.628177642822266,3141.6298828125,1.61,1.64,1.79,0.18,1.69
2019-12-12,59.18000030517578,1466.699951171875,2.7894999980926514,73.62476348876953,25.518600463867188,3168.570068359375,1.66,1.73,1.9,0.24,1.72
2019-12-13,60.06999969482422,1475.5999755859375,2.7804999351501465,73.42706298828125,25.717453002929688,3168.800048828125,1.61,1.66,1.82,0.21,1.7
2019-12-16,60.209999084472656,1475.0,2.820499897003174,73.39112854003906,26.038066864013672,3191.449951171875,1.65,1.72,1.89,0.24,1.73
2019-12-17,60.939998626708984,1474.5999755859375,2.819499969482422,73.31920623779297,26.123287200927734,3192.52001953125,1.63,1.71,1.89,0.26,1.75
2019-12-18,60.93000030517578,1472.5999755859375,2.816999912261963,73.01367950439453,26.22880744934082,3191.139892578125,1.63,1.74,1.92,0.29,1.76
2019-12-19,61.220001220703125,1478.199951171875,2.8315000534057617,73.21139526367188,26.23692512512207,3205.3701171875,1.62,1.73,1.92,0.3,1.77
2019-12-20,60.439998626708984,1474.699951171875,2.811000108718872,73.54824829101562,26.41729164123535,3221.219970703125,1.63,1.73,1.92,0.29,1.77
2019-12-23,60.52000045776367,1482.5,2.816999912261963,74.1532974243164,26.171890258789062,3224.010009765625,1.64,1.75,1.93,0.29,1.75
2019-12-24,61.11000061035156,1499.0999755859375,2.8385000228881836,73.85527801513672,26.208698272705078,3223.3798828125,1.62,1.72,1.9,0.28,1.75
2019-12-25,61.11000061035156,1499.0999755859375,2.8385000228881836,73.85527801513672,26.208698272705078,3223.3798828125,1.62,1.72,1.9,0.28,1.75
2019-12-26,61.68000030517578,1509.300048828125,2.864500045776367,74.0268783569336,26.253694534301758,3239.909912109375,1.64,1.72,1.9,0.26,1.74
2019-12-27,61.720001220703125,1513.800048828125,2.8364999294281006,73.96366119384766,26.331401824951172,3240.02001953125,1.59,1.68,1.88,0.29,1.73
2019-12-30,61.68000030517578,1514.5,2.827500104904175,73.62049102783203,26.327312469482422,3221.2900390625,1.58,1.68,1.9,0.32,1.75
2019-12-31,61.060001373291016,1519.5,2.7939999103546143,73.5753402709961,26.429561614990234,3230.780029296875,1.58,1.69,1.92,0.34,1.77
2020-01-01,61.060001373291016,1519.5,2.7939999103546143,73.5753402709961,26.429561614990234,3230.780029296875,1.58,1.69,1.92,0.34,1.77
2020-01-02,61.18000030517578,1524.5,2.8329999446868896,74.96611785888672,26.098268508911133,3257.85009765625,1.58,1.67,1.88,0.3,1.8
2020-01-03,63.04999923706055,1549.199951171875,2.7985000610351562,74.82160186767578,26.151439666748047,3234.85009765625,1.53,1.59,1.8,0.27,1.77
2020-01-06,63.27000045776367,1566.199951171875,2.80049991607666,74.84869384765625,26.175979614257812,3246.280029296875,1.54,1.61,1.81,0.27,1.75
2020-01-07,62.70000076293945,1571.800048828125,2.803999900817871,74.69517517089844,26.139169692993164,3237.179931640625,1.54,1.62,1.83,0.29,1.74
2020-01-08,59.61000061035156,1557.4000244140625,2.819000005722046,74.94803619384766,26.12689971923828,3253.050048828125,1.58,1.67,1.87,0.29,1.75
2020-01-09,59.560001373291016,1551.699951171875,2.810499906539917,75.26412200927734,26.270051956176758,3274.699951171875,1.58,1.65,1.85,0.27,1.74
2020-01-10,59.040000915527344,1557.5,2.81850004196167,74.73129272460938,26.339584350585938,3265.35009765625,1.56,1.63,1.83,0.27,1.76
2020-01-13,58.08000183105469,1548.4000244140625,2.8615000247955322,75.34540557861328,26.49909210205078,3288.1298828125,1.58,1.65,1.85,0.27,1.77
2020-01-14,58.22999954223633,1542.4000244140625,2.875999927520752,75.35443115234375,26.57680320739746,3283.14990234375,1.58,1.63,1.82,0.24,1.77
2020-01-15,57.810001373291016,1552.0999755859375,2.869999885559082,75.47184753417969,26.948986053466797,3289.2900390625,1.56,1.6,1.79,0.23,1.75
2020-01-16,58.52000045776367,1549.0,2.8519999980926514,76.2214126586914,27.116676330566406,3316.81005859375,1.58,1.63,1.81,0.23,1.74
2020-01-17,58.540000915527344,1558.800048828125,2.8494999408721924,76.2304458618164,27.3048152923584,3329.6201171875,1.58,1.63,1.84,0.26,1.75
2020-01-20,58.540000915527344,1558.800048828125,2.8494999408721924,76.2304458618164,27.3048152923584,3329.6201171875,1.58,1.63,1.84,0.26,1.75
2020-01-21,58.34000015258789,1556.4000244140625,2.7985000610351562,75.39054870605469,27.55431365966797,3320.7900390625,1.53,1.57,1.78,0.25,1.74
2020-01-22,56.7400016784668,1555.300048828125,2.7669999599456787,74.9931869506836,27.64019775390625,3321.75,1.53,1.57,1.77,0.24,1.72
2020-01-23,55.59000015258789,1564.5999755859375,2.7260000705718994,75.80596160888672,27.88559913635254,3325.5400390625,1.51,1.55,1.74,0.23,1.7
2020-01-24,54.189998626708984,1571.0999755859375,2.685499906539917,75.45378875732422,27.9592227935791,3295.469970703125,1.49,1.51,1.7,0.21,1.68
2020-01-27,53.13999938964844,1576.800048828125,2.5964999198913574,74.0268783569336,27.889684677124023,3243.6298828125,1.44,1.44,1.61,0.17,1.63
2020-01-28,53.47999954223633,1569.199951171875,2.5794999599456787,74.5055160522461,28.004213333129883,3276.239990234375,1.45,1.47,1.65,0.2,1.65
2020-01-29,53.33000183105469,1569.800048828125,2.553499937057495,74.90289306640625,28.077831268310547,3273.39990234375,1.42,1.41,1.6,0.18,1.64
2020-01-30,52.13999938964844,1583.5,2.5234999656677246,74.98417663574219,28.33959197998047,3283.659912109375,1.41,1.39,1.57,0.16,1.64
2020-01-31,51.560001373291016,1582.9000244140625,2.5199999809265137,73.25023651123047,28.212800979614258,3225.52001953125,1.33,1.32,1.51,0.18,1.65
2020-02-03,50.11000061035156,1577.199951171875,2.513000011444092,73.2231216430664,28.30277442932129,3248.919921875,1.36,1.35,1.54,0.18,1.63
2020-02-04,49.61000061035156,1550.4000244140625,2.547499895095825,74.60485076904297,28.02057647705078,3297.590087890625,1.41,1.42,1.61,0.2,1.64
2020-02-05,50.75,1557.800048828125,2.5789999961853027,75.85113525390625,28.135089874267578,3334.68994140625,1.44,1.46,1.66,0.22,1.66
2020-02-06,50.95000076293945,1565.0999755859375,2.5985000133514404,76.09497833251953,28.143272399902344,3345.780029296875,1.44,1.45,1.65,0.21,1.67
2020-02-07,50.31999969482422,1568.5999755859375,2.559000015258789,75.54407501220703,28.05328941345215,3327.7099609375,1.41,1.41,1.59,0.18,1.66
2020-02-10,49.56999969482422,1574.699951171875,2.557499885559082,75.9685287475586,28.159622192382812,3352.090087890625,1.37,1.38,1.56,0.19,1.66
2020-02-11,49.939998626708984,1565.5999755859375,2.5885000228881836,76.25752258300781,28.261877059936523,3357.75,1.41,1.4,1.59,0.18,1.65
2020-02-12,51.16999816894531,1567.4000244140625,2.6059999465942383,76.97099304199219,28.28232765197754,3379.449951171875,1.44,1.45,1.62,0.18,1.66
2020-02-13,51.41999816894531,1575.0999755859375,2.619499921798706,76.53748321533203,28.59725570678711,3373.93994140625,1.44,1.43,1.61,0.17,1.67
2020-02-14,52.04999923706055,1582.699951171875,2.6054999828338623,76.43816375732422,28.78948211669922,3380.159912109375,1.42,1.42,1.59,0.17,1.66
2020-02-17,52.04999923706055,1582.699951171875,2.6054999828338623,76.43816375732422,28.78948211669922,3380.159912109375,1.42,1.42,1.59,0.17,1.66
2020-02-18,52.04999923706055,1600.0,2.609999895095825,76.0046615600586,29.030794143676758,3370.2900390625,1.41,1.39,1.55,0.14,1.65
2020-02-19,53.290000915527344,1607.5,2.612499952316284,75.9775619506836,28.715862274169922,3386.14990234375,1.42,1.41,1.56,0.14,1.65
2020-02-20,53.779998779296875,1616.5999755859375,2.5950000286102295,75.86920166015625,28.818113327026367,3373.22998046875,1.39,1.37,1.52,0.13,1.63
2020-02-21,53.380001068115234,1644.5999755859375,2.618000030517578,75.4898910522461,28.764944076538086,3337.75,1.34,1.3,1.46,0.12,1.61
2020-02-24,51.43000030517578,1672.4000244140625,2.5924999713897705,73.34051513671875,28.429567337036133,3225.889892578125,1.26,1.21,1.38,0.12,1.59
2020-02-25,49.900001525878906,1646.9000244140625,2.5964999198913574,70.35126495361328,27.832427978515625,3128.2099609375,1.2,1.16,1.33,0.13,1.53
2020-02-26,48.72999954223633,1640.0,2.5764999389648438,69.81844329833984,27.550220489501953,3116.389892578125,1.16,1.14,1.33,0.17,1.54
2020-02-27,47.09000015258789,1640.0,2.571500062942505,67.22654724121094,26.31094741821289,2978.760009765625,1.11,1.11,1.3,0.19,1.53
2020-02-28,44.7599983215332,1564.0999755859375,2.5460000038146973,65.99835968017578,25.431596755981445,2954.219970703125,0.86,0.89,1.13,0.27,1.41
2020-03-02,46.75,1592.300048828125,2.6010000705718994,68.3193130493164,26.928539276123047,3090.22998046875,0.84,0.88,1.1,0.26,1.41
2020-03-03,47.18000030517578,1642.0999755859375,2.5794999599456787,66.6485824584961,26.597248077392578,3003.3701171875,0.71,0.77,1.02,0.31,1.45
2020-03-04,46.779998779296875,1641.0999755859375,2.5929999351501465,69.40301513671875,28.106460571289062,3130.1201171875,0.67,0.75,1.02,0.35,1.46
2020-03-05,45.900001525878906,1666.4000244140625,2.5824999809265137,66.00737762451172,27.672922134399414,3023.93994140625,0.59,0.67,0.92,0.33,1.4
2020-03-06,41.279998779296875,1670.800048828125,2.572999954223633,65.42937469482422,27.44796371459961,2972.3701171875,0.49,0.58,0.74,0.25,1.31
2020-03-09,31.1299991607666,1674.5,2.5239999294281006,59.39670944213867,25.955120086669922,2746.56005859375,0.38,0.46,0.54,0.16,0.99
2020-03-10,34.36000061035156,1659.0999755859375,2.5339999198913574,62.47627258300781,26.19643211364746,2882.22998046875,0.5,0.63,0.76,0.26,1.0
2020-03-11,32.97999954223633,1641.4000244140625,2.51200008392334,58.8096809387207,24.879446029663086,2741.3798828125,0.5,0.66,0.82,0.32,0.96
2020-03-12,31.5,1589.300048828125,2.4809999465942383,52.722816467285156,22.36819076538086,2480.639892578125,0.5,0.66,0.88,0.38,0.92
2020-03-13,31.729999542236328,1515.699951171875,2.4739999771118164,56.8409309387207,23.587003707885742,2711.02001953125,0.49,0.7,0.94,0.45,0.9
2020-03-16,28.700000762939453,1485.9000244140625,2.3984999656677246,50.392822265625,20.908063888549805,2386.1298828125,0.36,0.49,0.73,0.37,0.73
2020-03-17,26.950000762939453,1524.9000244140625,2.315500020980835,52.71379089355469,23.582923889160156,2529.18994140625,0.47,0.66,1.02,0.55,0.63
2020-03-18,20.3700008392334,1477.300048828125,2.1605000495910645,48.83045959472656,22.556331634521484,2398.10009765625,0.54,0.79,1.18,0.64,0.63
2020-03-19,25.219999313354492,1478.5999755859375,2.200000047683716,48.86659240722656,21.243444442749023,2409.389892578125,0.44,0.66,1.12,0.68,0.5
2020-03-20,22.43000030517578,1484.0,2.190500020980835,46.41920852661133,19.55836296081543,2304.919921875,0.37,0.52,0.92,0.55,0.75
2020-03-23,23.360000610351562,1567.0,2.119499921798706,44.386016845703125,18.560327529907227,2237.39990234375,0.28,0.38,0.76,0.48,0.8
2020-03-24,24.010000228881836,1660.199951171875,2.197499990463257,50.00138473510742,20.555578231811523,2447.330078125,0.38,0.52,0.84,0.46,0.97
2020-03-25,24.489999771118164,1632.300048828125,2.2339999675750732,52.631591796875,21.080204010009766,2475.56005859375,0.34,0.56,0.88,0.54,1.07
2020-03-26,22.600000381469727,1650.0999755859375,2.2079999446868896,55.9534912109375,22.877168655395508,2630.070068359375,0.3,0.51,0.83,0.53,1.07
2020-03-27,21.510000228881836,1623.9000244140625,2.197000026702881,53.5963134765625,23.001089096069336,2541.469970703125,0.25,0.41,0.72,0.47,0.94
2020-03-30,20.09000015258789,1622.0,2.1619999408721924,54.37900161743164,23.852067947387695,2626.64990234375,0.23,0.39,0.7,0.47,0.95
2020-03-31,20.479999542236328,1583.4000244140625,2.240000009536743,53.705535888671875,22.889558792114258,2584.590087890625,0.23,0.37,0.7,0.47,0.87
2020-04-01,20.309999465942383,1578.199951171875,2.191999912261963,51.284637451171875,21.513957977294922,2470.5,0.23,0.37,0.62,0.39,0.91
2020-04-02,25.31999969482422,1625.699951171875,2.2330000400543213,51.967227935791016,22.187297821044922,2526.89990234375,0.23,0.39,0.63,0.4,1.03
2020-04-03,28.34000015258789,1633.699951171875,2.2100000381469727,51.27553939819336,21.39415740966797,2488.64990234375,0.23,0.39,0.62,0.39,1.08
2020-04-06,26.079999923706055,1677.0,2.234999895095825,54.82497024536133,23.04652976989746,2663.679931640625,0.27,0.44,0.67,0.4,1.14
2020-04-07,23.6299991607666,1664.800048828125,2.2885000705718994,54.697547912597656,22.75737190246582,2659.409912109375,0.28,0.48,0.75,0.47,1.17
2020-04-08,25.09000015258789,1665.4000244140625,2.2780001163482666,56.68159103393555,23.99665069580078,2749.97998046875,0.27,0.47,0.77,0.5,1.19
2020-04-09,22.760000228881836,1736.199951171875,2.2774999141693115,57.53709411621094,25.12853240966797,2789.820068359375,0.23,0.41,0.73,0.5,1.23
2020-04-10,22.760000228881836,1736.199951171875,2.2774999141693115,57.53709411621094,25.12853240966797,2789.820068359375,0.23,0.41,0.73,0.5,1.23
2020-04-13,22.40999984741211,1744.800048828125,2.320499897003174,55.8533821105957,24.33125877380371,2761.6298828125,0.25,0.44,0.76,0.51,1.26
2020-04-14,20.110000610351562,1756.699951171875,2.3469998836517334,56.91820526123047,25.04591178894043,2846.06005859375,0.23,0.42,0.76,0.53,1.29
2020-04-15,19.8700008392334,1727.199951171875,2.3125,55.34373092651367,24.219724655151367,2783.360107421875,0.2,0.34,0.63,0.43,1.19
2020-04-16,19.8700008392334,1720.4000244140625,2.304500102996826,54.85227584838867,24.22385597229004,2799.550048828125,0.2,0.35,0.61,0.41,1.03
2020-04-17,18.270000457763672,1689.199951171875,2.3534998893737793,57.42787170410156,25.004602432250977,2874.56005859375,0.2,0.36,0.65,0.45,1.01
2020-04-20,-37.630001068115234,1701.5999755859375,2.3345000743865967,55.89889144897461,24.058618545532227,2823.159912109375,0.2,0.35,0.63,0.43,0.94
2020-04-21,10.010000228881836,1678.199951171875,2.2669999599456787,54.57923126220703,23.662046432495117,2736.56005859375,0.2,0.34,0.58,0.38,0.96
2020-04-22,13.779999732971191,1728.699951171875,2.317500114440918,55.15259552001953,24.351905822753906,2799.31005859375,0.22,0.37,0.63,0.41,1.06
2020-04-23,16.5,1733.300048828125,2.3239998817443848,55.58945846557617,23.942947387695312,2797.800048828125,0.22,0.37,0.61,0.39,1.05
2020-04-24,16.940000534057617,1723.5,2.3480000495910645,56.03540802001953,24.091659545898438,2836.739990234375,0.22,0.36,0.6,0.38,1.11
2020-04-27,12.779999732971191,1711.9000244140625,2.381999969482422,57.42787170410156,24.343650817871094,2878.47998046875,0.24,0.41,0.67,0.43,1.17
2020-04-28,12.34000015258789,1710.5,2.378999948501587,58.50181198120117,24.434528350830078,2863.389892578125,0.2,0.37,0.62,0.42,1.14
2020-04-29,15.0600004196167,1703.4000244140625,2.374500036239624,59.62124252319336,24.211458206176758,2939.510009765625,0.2,0.36,0.63,0.43,1.14
2020-04-30,18.84000015258789,1684.199951171875,2.3540000915527344,58.4380989074707,23.65378189086914,2912.429931640625,0.2,0.36,0.64,0.44,1.07
2020-05-01,19.780000686645508,1694.5,2.31850004196167,56.6724853515625,23.083709716796875,2830.7099609375,0.2,0.36,0.64,0.44,1.06
2020-05-04,20.389999389648438,1706.9000244140625,2.3239998817443848,55.9534912109375,23.2572078704834,2842.739990234375,0.19,0.36,0.64,0.45,1.07
2020-05-05,24.559999465942383,1704.4000244140625,2.3410000801086426,56.17192459106445,23.44723892211914,2868.43994140625,0.19,0.36,0.66,0.47,1.1
2020-05-06,23.989999771118164,1684.199951171875,2.3524999618530273,55.39833450317383,22.64996337890625,2848.419921875,0.17,0.37,0.72,0.55,1.1
2020-05-07,23.549999237060547,1721.800048828125,2.385499954223633,56.04452133178711,22.7408447265625,2881.18994140625,0.13,0.29,0.63,0.5,1.08
2020-05-08,24.739999771118164,1709.9000244140625,2.4084999561309814,57.43696975708008,23.19937515258789,2929.800048828125,0.16,0.33,0.69,0.53,1.12
2020-05-11,24.139999389648438,1695.300048828125,2.381999969482422,56.717987060546875,23.100236892700195,2930.18994140625,0.17,0.36,0.73,0.56,1.13
2020-05-12,25.780000686645508,1704.4000244140625,2.3605000972747803,55.12529754638672,22.897823333740234,2870.1201171875,0.17,0.34,0.69,0.52,1.09
2020-05-13,25.290000915527344,1713.9000244140625,2.3489999771118164,53.74192810058594,22.703659057617188,2820.0,0.16,0.31,0.64,0.48,1.07
2020-05-14,27.559999465942383,1738.0999755859375,2.3510000705718994,54.30620574951172,22.9473934173584,2852.5,0.16,0.31,0.63,0.47,1.06
2020-05-15,29.43000030517578,1753.4000244140625,2.3334999084472656,54.115074157714844,22.64170265197754,2863.699951171875,0.16,0.31,0.64,0.48,1.09
2020-05-18,31.81999969482422,1731.800048828125,2.4049999713897705,57.682708740234375,23.5711612701416,2953.909912109375,0.18,0.38,0.73,0.55,1.17
2020-05-19,32.5,1744.199951171875,2.4230000972747803,56.945518493652344,23.182857513427734,2922.93994140625,0.17,0.35,0.7,0.53,1.15
2020-05-20,33.4900016784668,1750.5999755859375,2.4674999713897705,58.01035690307617,23.310911178588867,2971.610107421875,0.16,0.34,0.68,0.52,1.16
2020-05-21,33.91999816894531,1720.5,2.4519999027252197,58.1468620300293,23.075450897216797,2948.510009765625,0.17,0.35,0.68,0.51,1.14
2020-05-22,33.25,1734.5999755859375,2.4089999198913574,58.101356506347656,23.331571578979492,2955.449951171875,0.17,0.34,0.66,0.49,1.12
2020-05-25,33.25,1734.5999755859375,2.4089999198913574,58.101356506347656,23.331571578979492,2955.449951171875,0.17,0.34,0.66,0.49,1.12
2020-05-26,34.349998474121094,1704.800048828125,2.438499927520752,60.54045104980469,23.484416961669922,2991.77001953125,0.18,0.35,0.69,0.51,1.13
2020-05-27,32.810001373291016,1710.300048828125,2.4024999141693115,62.560890197753906,23.76531982421875,3036.1298828125,0.19,0.34,0.68,0.49,1.14
2020-05-28,33.709999084472656,1713.300048828125,2.4130001068115234,61.969303131103516,24.467578887939453,3029.72998046875,0.17,0.34,0.7,0.53,1.18
2020-05-29,35.4900016784668,1751.699951171875,2.426500082015991,61.587066650390625,24.6575984954834,3044.31005859375,0.16,0.3,0.65,0.49,1.15
2020-06-01,35.439998626708984,1750.300048828125,2.4744999408721924,61.723602294921875,24.95090103149414,3055.72998046875,0.14,0.31,0.66,0.52,1.18
2020-06-02,36.810001373291016,1734.0,2.494499921798706,62.52449417114258,25.112001419067383,3080.820068359375,0.17,0.32,0.68,0.51,1.18
2020-06-03,37.290000915527344,1704.800048828125,2.496500015258789,64.96356201171875,25.413562774658203,3122.8701171875,0.19,0.38,0.77,0.58,1.21
2020-06-04,37.40999984741211,1727.4000244140625,2.493000030517578,65.6552505493164,24.95915985107422,3112.35009765625,0.19,0.4,0.82,0.63,1.22
2020-06-05,39.54999923706055,1683.0,2.556999921798706,68.06705474853516,25.27724266052246,3193.929931640625,0.22,0.47,0.91,0.69,1.27
2020-06-08,38.189998626708984,1705.0999755859375,2.569999933242798,69.43222045898438,25.954721450805664,3232.389892578125,0.22,0.45,0.88,0.66,1.28
2020-06-09,38.939998626708984,1721.9000244140625,2.6005001068115234,67.70299530029297,25.434219360351562,3207.179931640625,0.2,0.4,0.84,0.64,1.26
2020-06-10,39.599998474121094,1720.699951171875,2.6570000648498535,66.08300018310547,25.285503387451172,3190.139892578125,0.17,0.33,0.75,0.58,1.27
2020-06-11,36.34000015258789,1739.800048828125,2.5864999294281006,61.44146728515625,24.298213958740234,3002.10009765625,0.19,0.32,0.66,0.47,1.21
2020-06-12,36.2599983215332,1737.300048828125,2.6015000343322754,62.63368606567383,24.23624610900879,3041.31005859375,0.19,0.33,0.71,0.52,1.21
2020-06-15,37.119998931884766,1727.199951171875,2.56850004196167,63.25257873535156,24.401485443115234,3066.590087890625,0.19,0.33,0.71,0.52,1.23
2020-06-16,38.380001068115234,1736.5,2.565999984741211,64.49031829833984,24.513025283813477,3124.739990234375,0.21,0.34,0.75,0.54,1.27
2020-06-17,37.959999084472656,1735.5999755859375,2.5920000076293945,64.02616119384766,24.438663482666016,3113.489990234375,0.19,0.34,0.74,0.55,1.26
2020-06-18,38.84000015258789,1731.0999755859375,2.5910000801086426,63.78953552246094,24.434528350830078,3115.340087890625,0.19,0.34,0.71,0.52,1.28
2020-06-19,39.75,1753.0,2.615000009536743,63.00684356689453,23.748794555664062,3097.739990234375,0.19,0.33,0.7,0.51,1.3
2020-06-22,40.459999084472656,1766.4000244140625,2.6554999351501465,63.112884521484375,23.980392456054688,3117.860107421875,0.19,0.34,0.71,0.52,1.34
2020-06-23,40.369998931884766,1782.0,2.6600000858306885,63.12205123901367,23.738800048828125,3131.2900390625,0.18,0.33,0.72,0.54,1.38
2020-06-24,38.0099983215332,1775.0999755859375,2.6505000591278076,60.92806625366211,23.52219581604004,3050.330078125,0.19,0.33,0.69,0.5,1.33
2020-06-25,38.720001220703125,1770.5999755859375,2.6624999046325684,61.604557037353516,23.230613708496094,3083.760009765625,0.17,0.32,0.68,0.51,1.33
2020-06-26,38.4900016784668,1780.300048828125,2.671999931335449,60.461856842041016,22.984848022460938,3009.050048828125,0.17,0.3,0.64,0.47,1.32
2020-06-29,39.70000076293945,1781.199951171875,2.679500102996826,62.44554138183594,23.418060302734375,3053.239990234375,0.16,0.28,0.64,0.48,1.34
2020-06-30,39.27000045776367,1800.5,2.7135000228881836,62.80206298828125,23.505529403686523,3100.2900390625,0.16,0.29,0.66,0.5,1.34
2020-07-01,39.81999969482422,1779.9000244140625,2.7170000076293945,62.51869583129883,24.055370330810547,3115.860107421875,0.17,0.31,0.69,0.52,1.37
2020-07-02,40.650001525878906,1790.0,2.7335000038146973,63.058048248291016,24.11785125732422,3130.010009765625,0.16,0.29,0.68,0.52,1.41
2020-07-03,40.650001525878906,1790.0,2.7335000038146973,63.058048248291016,24.11785125732422,3130.010009765625,0.16,0.29,0.68,0.52,1.41
2020-07-06,40.630001068115234,1793.5,2.7660000324249268,63.963050842285156,23.822105407714844,3179.719970703125,0.16,0.31,0.69,0.53,1.45
2020-07-07,40.619998931884766,1809.9000244140625,2.7874999046325684,62.738101959228516,23.726299285888672,3145.320068359375,0.16,0.29,0.65,0.49,1.43
2020-07-08,40.900001525878906,1820.5999755859375,2.814500093460083,62.738101959228516,23.938739776611328,3169.93994140625,0.16,0.3,0.67,0.51,1.42
2020-07-09,39.619998931884766,1803.800048828125,2.828000068664551,61.37599182128906,23.618000030517578,3152.050048828125,0.16,0.28,0.62,0.46,1.39
2020-07-10,40.54999923706055,1801.9000244140625,2.88700008392334,62.171321868896484,24.06369972229004,3185.0400390625,0.16,0.3,0.65,0.49,1.41
2020-07-13,40.099998474121094,1814.0999755859375,2.941999912261963,62.427284240722656,24.088695526123047,3155.219970703125,0.16,0.3,0.64,0.48,1.42
2020-07-14,40.290000915527344,1813.4000244140625,2.9159998893737793,63.780216217041016,24.31362533569336,3197.52001953125,0.14,0.28,0.63,0.49,1.41
2020-07-15,41.20000076293945,1813.800048828125,2.870500087738037,65.40740966796875,24.21782112121582,3226.56005859375,0.16,0.28,0.64,0.48,1.41
2020-07-16,40.75,1800.300048828125,2.885999917984009,65.42568969726562,24.526065826416016,3215.570068359375,0.16,0.28,0.62,0.46,1.41
2020-07-17,40.59000015258789,1810.0,2.887500047683716,65.81875610351562,25.080062866210938,3224.72998046875,0.14,0.29,0.64,0.5,1.46
2020-07-20,40.810001373291016,1817.4000244140625,2.8984999656677246,65.01433563232422,24.750993728637695,3251.840087890625,0.16,0.29,0.62,0.46,1.46
2020-07-21,41.959999084472656,1843.9000244140625,2.940999984741211,65.87360382080078,24.863460540771484,3257.300048828125,0.14,0.27,0.61,0.47,1.48
2020-07-22,41.900001525878906,1865.0999755859375,2.9084999561309814,66.40382385253906,25.246681213378906,3276.02001953125,0.14,0.27,0.6,0.46,1.48
2020-07-23,41.06999969482422,1890.0,2.924499988555908,66.20271301269531,25.27584457397461,3235.659912109375,0.16,0.27,0.59,0.43,1.49
2020-07-24,41.290000915527344,1897.5,2.881999969482422,65.6725082397461,25.109224319458008,3215.6298828125,0.14,0.27,0.59,0.45,1.51
2020-07-27,41.599998474121094,1931.0,2.888000011444092,65.9467544555664,24.805145263671875,3239.409912109375,0.15,0.3,0.62,0.47,1.52
2020-07-28,41.040000915527344,1944.5999755859375,2.9049999713897705,65.48967742919922,25.180036544799805,3218.43994140625,0.14,0.26,0.59,0.45,1.51
2020-07-29,41.27000045776367,1953.4000244140625,2.9054999351501465,66.4861068725586,25.29666519165039,3258.43994140625,0.12,0.25,0.58,0.46,1.53
2020-07-30,39.91999816894531,1942.300048828125,2.9045000076293945,65.81875610351562,25.29666519165039,3246.219970703125,0.11,0.23,0.55,0.44,1.52
2020-07-31,40.27000045776367,1962.800048828125,2.8589999675750732,65.57196044921875,25.33832550048828,3271.1201171875,0.11,0.21,0.55,0.44,1.55
2020-08-03,41.0099983215332,1966.0,2.9079999923706055,65.84619140625,25.063405990600586,3294.610107421875,0.11,0.22,0.56,0.45,1.58
2020-08-04,41.70000076293945,2021.0,2.8894999027252197,66.01074981689453,25.33832550048828,3306.510009765625,0.11,0.19,0.52,0.41,1.57
2020-08-05,42.189998626708984,2049.300048828125,2.9114999771118164,67.27227783203125,25.01342010498047,3327.77001953125,0.11,0.22,0.55,0.44,1.61
2020-08-06,41.95000076293945,2069.39990234375,2.9054999351501465,67.5282211303711,25.159212112426758,3349.159912109375,0.11,0.21,0.55,0.44,1.63
2020-08-07,41.220001220703125,2028.0,2.7904999256134033,68.68004608154297,25.613243103027344,3351.280029296875,0.13,0.23,0.57,0.44,1.61
2020-08-10,41.939998626708984,2039.699951171875,2.8585000038146973,70.37122344970703,25.604909896850586,3360.469970703125,0.14,0.24,0.59,0.45,1.61
2020-08-11,41.61000061035156,1946.300048828125,2.871999979019165,70.74604034423828,25.050905227661133,3333.68994140625,0.16,0.27,0.64,0.48,1.63
2020-08-12,42.66999816894531,1949.0,2.88700008392334,70.97457122802734,25.413297653198242,3380.35009765625,0.16,0.3,0.69,0.53,1.67
2020-08-13,42.2400016784668,1970.4000244140625,2.803999900817871,70.59976959228516,25.37164878845215,3373.429931640625,0.16,0.32,0.71,0.55,1.67
2020-08-14,42.0099983215332,1949.800048828125,2.8559999465942383,70.8740234375,25.150876998901367,3372.85009765625,0.14,0.29,0.71,0.57,1.65
2020-08-17,42.88999938964844,1998.699951171875,2.8980000019073486,70.544921875,25.117557525634766,3381.989990234375,0.14,0.29,0.69,0.55,1.66
2020-08-18,42.88999938964844,2013.0999755859375,2.9709999561309814,70.16097259521484,25.005084991455078,3389.780029296875,0.14,0.27,0.67,0.53,1.68
2020-08-19,42.93000030517578,1970.300048828125,3.0190000534057617,69.97814178466797,24.93010902404785,3374.85009765625,0.14,0.29,0.68,0.54,1.67
2020-08-20,42.58000183105469,1946.5,2.9700000286102295,69.60333251953125,24.7093448638916,3385.510009765625,0.13,0.26,0.65,0.52,1.62
2020-08-21,42.34000015258789,1947.0,2.9135000705718994,69.88671875,24.750993728637695,3397.159912109375,0.16,0.27,0.64,0.48,1.64
2020-08-24,42.619998931884766,1939.199951171875,2.922499895095825,71.14823913574219,24.96760368347168,3431.280029296875,0.14,0.28,0.65,0.51,1.67
2020-08-25,43.349998474121094,1923.0999755859375,2.930999994277954,71.05684661865234,24.73016929626465,3443.6201171875,0.15,0.3,0.69,0.54,1.7
2020-08-26,43.38999938964844,1952.5,2.9595000743865967,71.09341430664062,24.455249786376953,3478.72998046875,0.16,0.28,0.69,0.53,1.72
2020-08-27,43.040000915527344,1932.5999755859375,2.9649999141693115,71.34938049316406,24.534395217895508,3484.550048828125,0.16,0.31,0.74,0.58,1.73
2020-08-28,42.970001220703125,1974.9000244140625,2.994999885559082,72.02582550048828,24.605209350585938,3508.010009765625,0.14,0.28,0.74,0.6,1.77
2020-08-31,42.61000061035156,1978.5999755859375,3.0409998893737793,71.12999725341797,24.68018341064453,3500.31005859375,0.14,0.28,0.72,0.58,1.8
2020-09-01,42.7599983215332,1978.9000244140625,3.009500026702881,71.85213470458984,24.396936416625977,3526.64990234375,0.13,0.26,0.68,0.55,1.76
2020-09-02,41.5099983215332,1944.699951171875,3.003000020980835,73.04054260253906,25.155046463012695,3580.840087890625,0.14,0.26,0.66,0.52,1.73
2020-09-03,41.369998931884766,1937.800048828125,2.9579999446868896,70.99284362792969,24.87179946899414,3455.06005859375,0.13,0.24,0.63,0.5,1.65
2020-09-04,39.77000045776367,1934.300048828125,3.0464999675750732,71.1573715209961,24.73016929626465,3426.9599609375,0.14,0.3,0.72,0.58,1.7
2020-09-07,39.77000045776367,1934.300048828125,3.0464999675750732,71.1573715209961,24.73016929626465,3426.9599609375,0.14,0.3,0.72,0.58,1.7
2020-09-08,36.7599983215332,1943.199951171875,3.012500047683716,69.8227310180664,24.59271240234375,3331.840087890625,0.14,0.28,0.69,0.55,1.68
2020-09-09,38.04999923706055,1954.9000244140625,3.0399999618530273,70.90142059326172,24.917613983154297,3398.9599609375,0.14,0.28,0.71,0.57,1.71
2020-09-10,37.29999923706055,1964.300048828125,2.986999988555908,69.99644470214844,24.488574981689453,3339.18994140625,0.14,0.26,0.68,0.54,1.69
2020-09-11,37.33000183105469,1947.9000244140625,3.0339999198913574,70.94715881347656,24.546892166137695,3340.969970703125,0.13,0.26,0.67,0.54,1.65
2020-09-14,37.2599983215332,1963.699951171875,3.066499948501587,71.90701293945312,24.884292602539062,3383.5400390625,0.14,0.27,0.68,0.54,1.65
2020-09-15,38.279998779296875,1966.199951171875,3.062999963760376,71.95271301269531,25.050905227661133,3401.199951171875,0.14,0.27,0.68,0.54,1.67
2020-09-16,40.15999984741211,1970.5,3.058000087738037,72.68402862548828,25.0175838470459,3385.489990234375,0.14,0.28,0.69,0.55,1.68
2020-09-17,40.970001220703125,1949.9000244140625,3.066499948501587,72.83026885986328,24.8134822845459,3357.010009765625,0.13,0.28,0.69,0.56,1.66
2020-09-18,41.11000061035156,1962.0999755859375,3.1135001182556152,72.01669311523438,24.37611198425293,3319.469970703125,0.14,0.29,0.7,0.56,1.67
2020-09-21,39.310001373291016,1910.5999755859375,3.0295000076293945,69.62608337402344,24.224445343017578,3281.06005859375,0.14,0.27,0.68,0.54,1.62
2020-09-22,39.599998474121094,1907.5999755859375,3.059000015258789,70.31436157226562,24.375690460205078,3315.570068359375,0.13,0.27,0.68,0.55,1.62
2020-09-23,39.93000030517578,1868.4000244140625,2.993499994277954,69.0571060180664,24.001773834228516,3236.919921875,0.14,0.28,0.68,0.54,1.6
2020-09-24,40.310001373291016,1876.9000244140625,2.9690001010894775,69.15805053710938,24.270658493041992,3246.590087890625,0.14,0.27,0.67,0.53,1.58
2020-09-25,40.25,1866.300048828125,2.9730000495910645,70.19505310058594,24.669776916503906,3298.4599609375,0.12,0.26,0.66,0.54,1.58
2020-09-28,40.599998474121094,1882.300048828125,2.989500045776367,71.46147918701172,24.732791900634766,3351.60009765625,0.14,0.26,0.67,0.53,1.61
2020-09-29,39.290000915527344,1903.199951171875,2.9835000038146973,70.82828521728516,24.724388122558594,3335.469970703125,0.11,0.24,0.66,0.55,1.64
2020-09-30,40.220001220703125,1895.5,3.0285000801086426,70.64473724365234,24.947063446044922,3363.0,0.13,0.28,0.69,0.56,1.63
2020-10-01,38.720001220703125,1916.300048828125,2.8635001182556152,70.43367767333984,25.19913101196289,3380.800048828125,0.14,0.27,0.68,0.54,1.63
2020-10-02,37.04999923706055,1907.5999755859375,2.9784998893737793,71.222900390625,25.497421264648438,3348.419921875,0.13,0.28,0.7,0.57,1.64
2020-10-05,39.220001220703125,1920.0999755859375,2.9649999141693115,72.37001037597656,25.816720962524414,3408.60009765625,0.14,0.33,0.78,0.64,1.68
2020-10-06,40.66999816894531,1908.800048828125,2.9655001163482666,71.4890365600586,26.03518295288086,3360.969970703125,0.14,0.32,0.76,0.62,1.66
2020-10-07,39.95000076293945,1890.800048828125,3.0344998836517334,73.06747436523438,26.1948299407959,3419.43994140625,0.16,0.35,0.81,0.65,1.71
2020-10-08,41.189998626708984,1895.0999755859375,3.0420000553131104,73.7924575805664,26.67377471923828,3446.830078125,0.13,0.33,0.78,0.65,1.72
2020-10-09,40.599998474121094,1926.199951171875,3.0794999599456787,74.06775665283203,26.669570922851562,3477.139892578125,0.16,0.34,0.79,0.63,1.73
2020-10-12,39.43000030517578,1928.9000244140625,3.061000108718872,74.48990631103516,26.837627410888672,3534.219970703125,0.16,0.34,0.79,0.63,1.73
2020-10-13,40.20000076293945,1894.5999755859375,3.0425000190734863,73.66397094726562,26.652769088745117,3511.929931640625,0.16,0.31,0.74,0.58,1.7
2020-10-14,41.040000915527344,1907.300048828125,3.047499895095825,74.07695007324219,26.619159698486328,3488.669921875,0.14,0.3,0.73,0.59,1.69
2020-10-15,40.959999084472656,1908.9000244140625,3.0829999446868896,74.34308624267578,26.602354049682617,3483.340087890625,0.14,0.32,0.74,0.6,1.69
2020-10-16,40.880001068115234,1906.4000244140625,3.065000057220459,74.88452911376953,26.888038635253906,3483.81005859375,0.14,0.32,0.76,0.62,1.71
2020-10-19,40.83000183105469,1911.699951171875,3.0810000896453857,73.95763397216797,26.66116714477539,3426.919921875,0.16,0.34,0.78,0.62,1.71
2020-10-20,41.459999084472656,1915.4000244140625,3.1435000896453857,74.34308624267578,26.820817947387695,3443.1201171875,0.14,0.34,0.81,0.67,1.72
2020-10-21,40.029998779296875,1929.5,3.194499969482422,73.590576171875,26.7493953704834,3435.56005859375,0.14,0.36,0.83,0.69,1.74
2020-10-22,40.63999938964844,1904.5999755859375,3.1500000953674316,74.19625091552734,27.127506256103516,3453.489990234375,0.16,0.38,0.87,0.71,1.76
2020-10-23,39.849998474121094,1905.199951171875,3.125499963760376,74.48990631103516,27.203128814697266,3465.389892578125,0.18,0.37,0.85,0.67,1.75
2020-10-26,38.560001373291016,1905.699951171875,3.0885000228881836,72.6269760131836,27.194730758666992,3400.969970703125,0.16,0.35,0.81,0.65,1.72
2020-10-27,39.56999969482422,1911.9000244140625,3.0899999141693115,71.03936004638672,27.173723220825195,3390.679931640625,0.16,0.34,0.79,0.63,1.71
2020-10-28,37.38999938964844,1879.199951171875,3.056999921798706,68.70838928222656,26.383886337280273,3271.030029296875,0.16,0.34,0.79,0.63,1.7
2020-10-29,36.16999816894531,1868.0,3.052000045776367,69.70867156982422,26.45530891418457,3310.110107421875,0.16,0.38,0.85,0.69,1.71
2020-10-30,35.790000915527344,1879.9000244140625,3.0434999465942383,69.62608337402344,26.207435607910156,3269.9599609375,0.14,0.38,0.88,0.74,1.7
2020-11-02,36.810001373291016,1892.5,3.073499917984009,71.50736999511719,26.78300666809082,3310.239990234375,0.16,0.38,0.87,0.71,1.71
2020-11-03,37.65999984741211,1910.4000244140625,3.0869998931884766,73.61811065673828,27.169525146484375,3369.159912109375,0.17,0.39,0.9,0.73,1.72
2020-11-04,39.150001525878906,1896.199951171875,3.1010000705718994,72.85641479492188,26.761999130249023,3443.43994140625,0.14,0.33,0.78,0.64,1.64
2020-11-05,38.790000915527344,1946.800048828125,3.1045000553131104,74.57252502441406,27.001474380493164,3510.449951171875,0.14,0.33,0.79,0.65,1.66
2020-11-06,37.13999938964844,1951.699951171875,3.1489999294281006,74.64591217041016,26.942649841308594,3509.43994140625,0.16,0.36,0.83,0.67,1.65
2020-11-09,40.290000915527344,1854.4000244140625,3.1514999866485596,77.1879653930664,27.44260597229004,3550.5,0.17,0.44,0.96,0.79,1.73
2020-11-10,41.36000061035156,1876.4000244140625,3.1505000591278076,78.54615020751953,27.8375186920166,3545.530029296875,0.19,0.46,0.98,0.79,1.76
2020-11-11,41.45000076293945,1861.5999755859375,3.128999948501587,77.88541412353516,27.94255256652832,3572.659912109375,0.19,0.46,0.98,0.79,1.76
2020-11-12,41.119998931884766,1873.300048828125,3.1429998874664307,76.99522399902344,27.49302101135254,3537.010009765625,0.17,0.4,0.88,0.71,1.71
2020-11-13,40.130001068115234,1886.199951171875,3.17549991607666,78.70214080810547,27.766101837158203,3585.14990234375,0.17,0.41,0.89,0.72,1.72
2020-11-16,41.34000015258789,1887.800048828125,3.2200000286102295,80.62017059326172,28.047584533691406,3626.909912109375,0.19,0.41,0.91,0.72,1.72
2020-11-17,41.43000030517578,1885.0999755859375,3.196500062942505,80.40908813476562,27.497217178344727,3609.530029296875,0.18,0.39,0.87,0.69,1.7
2020-11-18,41.81999969482422,1873.9000244140625,3.197999954223633,80.05117797851562,26.95945930480957,3567.7900390625,0.16,0.4,0.88,0.72,1.7
2020-11-19,41.7400016784668,1861.5,3.2035000324249268,80.25306701660156,26.690580368041992,3581.8701171875,0.18,0.39,0.86,0.68,1.7
2020-11-20,42.150001525878906,1872.4000244140625,3.2934999465942383,79.52809143066406,26.694778442382812,3557.5400390625,0.16,0.38,0.83,0.67,1.69
2020-11-23,43.060001373291016,1837.800048828125,3.259500026702881,80.8587417602539,26.6989803314209,3577.590087890625,0.16,0.39,0.86,0.7,1.71
2020-11-24,44.90999984741211,1804.5999755859375,3.299999952316284,82.27201843261719,26.984668731689453,3635.409912109375,0.16,0.39,0.88,0.72,1.74
2020-11-25,45.709999084472656,1805.5,3.312000036239624,81.64797973632812,27.05609130859375,3629.64990234375,0.17,0.39,0.88,0.71,1.75
2020-11-26,45.709999084472656,1805.5,3.312000036239624,81.64797973632812,27.05609130859375,3629.64990234375,0.17,0.39,0.88,0.71,1.75
2020-11-27,45.529998779296875,1781.9000244140625,3.3994998931884766,81.51033782958984,26.78721046447754,3638.35009765625,0.16,0.37,0.84,0.68,1.75
2020-11-30,45.34000015258789,1775.699951171875,3.4205000400543213,80.78533172607422,26.40069007873535,3621.6298828125,0.16,0.36,0.84,0.68,1.77
2020-12-01,44.54999923706055,1814.0999755859375,3.4679999351501465,80.58344268798828,26.585548400878906,3662.449951171875,0.17,0.42,0.92,0.75,1.81
2020-12-02,45.279998779296875,1830.199951171875,3.4749999046325684,80.6935806274414,26.761999130249023,3669.010009765625,0.16,0.42,0.95,0.79,1.85
2020-12-03,45.63999938964844,1841.0999755859375,3.4790000915527344,80.90465545654297,26.484722137451172,3666.719970703125,0.16,0.4,0.92,0.76,1.86
2020-12-04,46.2599983215332,1840.0,3.5139999389648438,81.86824035644531,26.22003936767578,3699.1201171875,0.16,0.42,0.97,0.81,1.89
2020-12-07,45.7599983215332,1866.0,3.508500099182129,81.4736328125,26.36708641052246,3691.9599609375,0.14,0.4,0.94,0.8,1.88
2020-12-08,45.599998474121094,1874.9000244140625,3.49399995803833,81.86824035644531,26.287263870239258,3702.25,0.14,0.39,0.92,0.78,1.89
2020-12-09,45.52000045776367,1838.5,3.507999897003174,82.0517807006836,26.241046905517578,3672.820068359375,0.16,0.41,0.95,0.79,1.91
2020-12-10,46.779998779296875,1837.4000244140625,3.570499897003174,81.27172088623047,26.106605529785156,3668.10009765625,0.14,0.39,0.92,0.78,1.88
2020-12-11,46.56999969482422,1843.5999755859375,3.5239999294281006,81.46443939208984,26.148618698120117,3663.4599609375,0.11,0.37,0.9,0.79,1.87
2020-12-14,46.9900016784668,1832.0999755859375,3.5220000743865967,80.40908813476562,26.014177322387695,3647.489990234375,0.13,0.37,0.9,0.77,1.88
2020-12-15,47.619998931884766,1855.300048828125,3.5380001068115234,81.52867126464844,26.526729583740234,3694.6201171875,0.11,0.37,0.92,0.81,1.91
2020-12-16,47.81999969482422,1859.0999755859375,3.553999900817871,81.02394104003906,26.22003936767578,3701.169921875,0.13,0.37,0.92,0.79,1.92
2020-12-17,48.36000061035156,1890.4000244140625,3.5969998836517334,81.5195083618164,26.396493911743164,3722.47998046875,0.13,0.38,0.94,0.81,1.94
2020-12-18,49.099998474121094,1888.9000244140625,3.628499984741211,81.52867126464844,26.16962432861328,3709.409912109375,0.13,0.39,0.95,0.82,1.95
2020-12-21,47.7400016784668,1882.800048828125,3.572999954223633,81.03660583496094,25.85271644592285,3694.919921875,0.13,0.39,0.95,0.82,1.95
2020-12-22,47.02000045776367,1870.300048828125,3.5179998874664307,80.65877532958984,25.8018741607666,3687.260009765625,0.13,0.37,0.93,0.8,1.94
2020-12-23,48.119998931884766,1878.0999755859375,3.552000045776367,81.08267211914062,25.751033782958984,3690.010009765625,0.13,0.38,0.96,0.83,1.97
2020-12-24,48.22999954223633,1883.199951171875,3.559999942779541,81.09191131591797,25.933210372924805,3703.06005859375,0.13,0.37,0.94,0.81,1.97
2020-12-25,48.22999954223633,1883.199951171875,3.559999942779541,81.09191131591797,25.933210372924805,3703.06005859375,0.13,0.37,0.94,0.81,1.97
2020-12-28,47.619998931884766,1880.4000244140625,3.569999933242798,81.19327545166016,26.047603607177734,3735.360107421875,0.13,0.38,0.94,0.81,1.97
2020-12-29,48.0,1882.9000244140625,3.552999973297119,80.70487213134766,26.043373107910156,3727.0400390625,0.12,0.37,0.94,0.82,1.96
2020-12-30,48.400001525878906,1893.4000244140625,3.5429999828338623,81.22091674804688,26.174707412719727,3732.0400390625,0.12,0.37,0.93,0.81,1.96
2020-12-31,48.52000045776367,1895.0999755859375,3.5139999389648438,81.59871673583984,26.56449317932129,3756.070068359375,0.13,0.36,0.93,0.8,1.99
2021-01-01,48.52000045776367,1895.0999755859375,3.5139999389648438,81.59871673583984,26.56449317932129,3756.070068359375,0.13,0.36,0.93,0.8,1.99
2021-01-04,47.619998931884766,1946.5999755859375,3.552999973297119,79.6267318725586,25.89508056640625,3700.64990234375,0.11,0.36,0.93,0.82,2.01
2021-01-05,49.93000030517578,1954.4000244140625,3.640500068664551,80.40998077392578,25.890846252441406,3726.860107421875,0.13,0.38,0.96,0.83,2.03
2021-01-06,50.630001068115234,1908.5999755859375,3.6500000953674316,82.32669830322266,26.534832000732422,3748.139892578125,0.14,0.43,1.04,0.9,2.06
2021-01-07,50.83000183105469,1913.5999755859375,3.695499897003174,82.77825164794922,26.187421798706055,3803.7900390625,0.14,0.46,1.08,0.94,2.09
2021-01-08,52.2400016784668,1835.4000244140625,3.6735000610351562,82.57550811767578,26.40772819519043,3824.679931640625,0.14,0.49,1.13,0.99,2.06
2021-01-11,52.25,1850.800048828125,3.563999891281128,82.5478515625,26.161996841430664,3799.610107421875,0.14,0.5,1.15,1.01,2.06
2021-01-12,53.209999084472656,1844.199951171875,3.6050000190734863,83.36798095703125,26.02218246459961,3801.18994140625,0.14,0.5,1.15,1.01,2.08
2021-01-13,52.90999984741211,1854.9000244140625,3.617000102996826,82.64923858642578,26.530597686767578,3809.840087890625,0.14,0.48,1.1,0.96,2.06
2021-01-14,53.56999969482422,1851.4000244140625,3.6679999828338623,82.9349136352539,26.428916931152344,3795.5400390625,0.16,0.49,1.15,0.99,2.09
2021-01-15,52.36000061035156,1829.9000244140625,3.6029999256134033,81.85675048828125,26.687360763549805,3768.25,0.13,0.46,1.11,0.98,2.1
2021-01-18,52.36000061035156,1829.9000244140625,3.6029999256134033,81.85675048828125,26.687360763549805,3768.25,0.13,0.46,1.11,0.98,2.1
2021-01-19,52.97999954223633,1840.199951171875,3.635999917984009,82.12399291992188,26.585668563842773,3798.909912109375,0.14,0.45,1.1,0.96,2.1
2021-01-20,53.2400016784668,1866.5,3.6475000381469727,82.63079833984375,26.742435455322266,3851.85009765625,0.13,0.45,1.1,0.97,2.12
2021-01-21,53.130001068115234,1865.9000244140625,3.6554999351501465,81.9857406616211,26.585668563842773,3853.070068359375,0.13,0.45,1.12,0.99,2.1
2021-01-22,52.27000045776367,1856.199951171875,3.635499954223633,81.56185913085938,26.623804092407227,3841.469970703125,0.13,0.44,1.1,0.97,2.09
2021-01-25,52.77000045776367,1855.199951171875,3.640500068664551,81.00894927978516,27.157634735107422,3855.360107421875,0.13,0.42,1.05,0.92,2.08
2021-01-26,52.61000061035156,1850.9000244140625,3.628000020980835,80.2625503540039,26.886484146118164,3849.6201171875,0.11,0.42,1.05,0.94,2.08
2021-01-27,52.849998474121094,1844.9000244140625,3.571500062942505,78.66835021972656,26.161996841430664,3750.77001953125,0.12,0.41,1.04,0.92,2.08
2021-01-28,52.34000015258789,1837.9000244140625,3.5829999446868896,79.8386459350586,26.475522994995117,3787.3798828125,0.12,0.42,1.07,0.95,2.13
2021-01-29,52.20000076293945,1847.300048828125,3.573499917984009,78.11544799804688,26.331466674804688,3714.239990234375,0.11,0.45,1.11,1.0,2.13
2021-02-01,53.54999923706055,1863.9000244140625,3.562000036239624,78.92638397216797,26.458568572998047,3773.860107421875,0.11,0.42,1.09,0.98,2.11
2021-02-02,54.7599983215332,1833.4000244140625,3.5390000343322754,80.60348510742188,26.674646377563477,3826.31005859375,0.11,0.45,1.12,1.01,2.15
2021-02-03,55.689998626708984,1835.0999755859375,3.5785000324249268,80.65877532958984,26.589908599853516,3830.169921875,0.11,0.46,1.15,1.04,2.19
2021-02-04,56.22999954223633,1791.199951171875,3.565999984741211,81.52499389648438,26.797513961791992,3871.739990234375,0.11,0.46,1.15,1.04,2.17
2021-02-05,56.849998474121094,1813.0,3.6389999389648438,82.00418090820312,26.941566467285156,3886.830078125,0.09,0.47,1.19,1.1,2.21
2021-02-08,57.970001220703125,1834.199951171875,3.678999900817871,82.70453643798828,26.73396110534668,3915.590087890625,0.11,0.48,1.19,1.08,2.22
2021-02-09,58.36000061035156,1837.5,3.7335000038146973,82.91647338867188,26.7720890045166,3911.22998046875,0.11,0.48,1.18,1.07,2.22
2021-02-10,58.68000030517578,1842.699951171875,3.7855000495910645,82.78744506835938,26.87801170349121,3909.8798828125,0.11,0.46,1.15,1.04,2.21
2021-02-11,58.2400016784668,1826.800048828125,3.7874999046325684,82.61238098144531,26.725488662719727,3916.3798828125,0.11,0.46,1.16,1.05,2.2
2021-02-12,59.470001220703125,1823.199951171875,3.802000045776367,83.21134948730469,26.530597686767578,3934.830078125,0.11,0.5,1.2,1.09,2.21
2021-02-15,59.470001220703125,1823.199951171875,3.802000045776367,83.21134948730469,26.530597686767578,3934.830078125,0.11,0.5,1.2,1.09,2.21
2021-02-16,60.04999923706055,1799.0,3.8480000495910645,83.12840270996094,26.234020233154297,3932.590087890625,0.13,0.57,1.3,1.17,2.24
2021-02-17,61.13999938964844,1772.800048828125,3.8359999656677246,82.89804077148438,26.25520896911621,3931.330078125,0.11,0.57,1.29,1.18,2.21
2021-02-18,60.52000045776367,1775.0,3.9165000915527344,82.48336791992188,26.41196632385254,3913.969970703125,0.11,0.56,1.29,1.18,2.16
2021-02-19,59.2400016784668,1777.4000244140625,4.090000152587891,83.83796691894531,26.017948150634766,3906.7099609375,0.11,0.59,1.34,1.23,2.14
2021-02-22,61.4900016784668,1808.4000244140625,4.152500152587891,84.10518646240234,25.50953483581543,3876.5,0.11,0.61,1.37,1.26,2.16
2021-02-23,61.66999816894531,1805.9000244140625,4.1875,84.36325073242188,25.721376419067383,3881.3701171875,0.11,0.59,1.37,1.26,2.16
2021-02-24,63.220001220703125,1797.9000244140625,4.301000118255615,85.95742797851562,25.420562744140625,3925.429931640625,0.12,0.62,1.38,1.26,2.17
2021-02-25,63.529998779296875,1775.4000244140625,4.265999794006348,84.37244415283203,25.191783905029297,3829.340087890625,0.17,0.81,1.54,1.37,2.14
2021-02-26,61.5,1728.800048828125,4.0945000648498535,83.49700927734375,24.72573471069336,3811.14990234375,0.14,0.75,1.44,1.3,2.15
2021-03-01,60.63999938964844,1723.0,4.119500160217285,85.6348876953125,25.27227783203125,3901.820068359375,0.13,0.71,1.45,1.32,2.16
2021-03-02,59.75,1733.5999755859375,4.231500148773193,85.3860855102539,25.19601821899414,3870.2900390625,0.13,0.67,1.42,1.29,2.2
2021-03-03,61.279998779296875,1715.800048828125,4.1529998779296875,85.47821807861328,24.899442672729492,3819.719970703125,0.14,0.73,1.47,1.33,2.21
2021-03-04,63.83000183105469,1700.699951171875,3.990999937057495,84.11441802978516,24.878259658813477,3768.469970703125,0.14,0.77,1.54,1.4,2.2
2021-03-05,66.08999633789062,1698.5,4.086999893188477,86.1048583984375,25.284990310668945,3841.93994140625,0.14,0.79,1.56,1.42,2.22
2021-03-08,65.05000305175781,1678.0,4.103499889373779,87.00792694091797,25.64087677001953,3821.35009765625,0.17,0.86,1.59,1.42,2.21
2021-03-09,64.01000213623047,1716.9000244140625,4.019499778747559,86.64851379394531,25.979816436767578,3875.43994140625,0.17,0.83,1.55,1.38,2.21
2021-03-10,64.44000244140625,1721.800048828125,4.041999816894531,87.92939758300781,26.15776252746582,3898.81005859375,0.16,0.8,1.53,1.37,2.26
2021-03-11,66.0199966430664,1722.5999755859375,4.14300012588501,87.99391174316406,26.0899715423584,3939.340087890625,0.14,0.78,1.54,1.4,2.28
2021-03-12,65.61000061035156,1719.800048828125,4.145500183105469,89.17344665527344,26.44162368774414,3943.340087890625,0.14,0.85,1.64,1.5,2.26
2021-03-15,65.38999938964844,1729.199951171875,4.146500110626221,89.91986083984375,26.780561447143555,3968.93994140625,0.14,0.84,1.62,1.48,2.27
2021-03-16,64.80000305175781,1730.9000244140625,4.078999996185303,88.63896179199219,26.8144588470459,3962.7099609375,0.15,0.83,1.62,1.47,2.3
2021-03-17,64.5999984741211,1727.0999755859375,4.127999782562256,89.66183471679688,26.378074645996094,3974.1201171875,0.13,0.8,1.63,1.5,2.3
2021-03-18,60.0,1732.5,4.117000102996826,89.57888793945312,26.280628204345703,3915.4599609375,0.16,0.86,1.71,1.55,2.27
2021-03-19,61.41999816894531,1741.699951171875,4.123499870300293,88.89700317382812,26.352651596069336,3913.10009765625,0.16,0.9,1.74,1.58,2.31
2021-03-22,61.54999923706055,1738.0999755859375,4.14900016784668,88.84709167480469,26.314664840698242,3940.590087890625,0.15,0.87,1.69,1.54,2.33
2021-03-23,57.7599983215332,1725.0999755859375,4.0879998207092285,87.294189453125,26.707355499267578,3910.52001953125,0.15,0.83,1.63,1.48,2.29
2021-03-24,61.18000030517578,1733.199951171875,4.071499824523926,87.9319839477539,26.715896606445312,3889.139892578125,0.14,0.83,1.62,1.48,2.31
2021-03-25,58.560001373291016,1725.0999755859375,3.984999895095825,89.33698272705078,27.001874923706055,3909.52001953125,0.14,0.82,1.63,1.49,2.32
2021-03-26,60.970001220703125,1732.300048828125,4.078499794006348,90.88060760498047,27.091508865356445,3974.5400390625,0.14,0.85,1.67,1.53,2.34
2021-03-29,61.560001373291016,1712.199951171875,4.043000221252441,90.89910888671875,27.381763458251953,3971.090087890625,0.14,0.89,1.73,1.59,2.36
2021-03-30,60.54999923706055,1683.9000244140625,3.9830000400543213,91.29656219482422,27.134197235107422,3958.550048828125,0.16,0.9,1.73,1.57,2.35
2021-03-31,59.15999984741211,1713.800048828125,4.002999782562256,91.0007553100586,27.334810256958008,3972.889892578125,0.16,0.92,1.74,1.58,2.37
2021-04-01,61.45000076293945,1728.4000244140625,4.003499984741211,91.30580139160156,27.309202194213867,4019.8701171875,0.17,0.9,1.69,1.52,2.35
2021-04-02,61.45000076293945,1728.4000244140625,4.003499984741211,91.30580139160156,27.309202194213867,4019.8701171875,0.19,0.97,1.72,1.53,2.36
2021-04-05,58.650001525878906,1728.800048828125,4.14900016784668,92.43350219726562,27.607988357543945,4077.909912109375,0.17,0.94,1.73,1.56,2.35
2021-04-06,59.33000183105469,1743.0,4.126500129699707,92.21166229248047,27.753108978271484,4073.93994140625,0.16,0.88,1.67,1.51,2.32
2021-04-07,59.77000045776367,1741.5999755859375,4.064000129699707,91.7864761352539,27.71896743774414,4079.949951171875,0.16,0.87,1.68,1.52,2.34
2021-04-08,59.599998474121094,1758.199951171875,4.103499889373779,92.00830841064453,27.697622299194336,4097.169921875,0.14,0.85,1.64,1.5,2.33
2021-04-09,59.31999969482422,1744.800048828125,4.05049991607666,92.9049072265625,27.667747497558594,4128.7998046875,0.16,0.87,1.67,1.51,2.31
2021-04-12,59.70000076293945,1732.699951171875,4.03000020980835,93.24689483642578,27.693355560302734,4127.990234375,0.18,0.89,1.69,1.51,2.33
2021-04-13,60.18000030517578,1747.5999755859375,4.043000221252441,92.79399871826172,28.022024154663086,4141.58984375,0.16,0.85,1.64,1.48,2.33
2021-04-14,63.150001525878906,1736.300048828125,4.139999866485596,92.91413879394531,28.14580535888672,4124.66015625,0.16,0.87,1.64,1.48,2.33
2021-04-15,63.459999084472656,1766.800048828125,4.230500221252441,93.28388977050781,28.4573974609375,4170.419921875,0.16,0.81,1.56,1.4,2.33
2021-04-16,63.130001068115234,1780.199951171875,4.179999828338623,93.48722076416016,28.68789291381836,4185.47021484375,0.16,0.84,1.59,1.43,2.36
2021-04-19,63.380001068115234,1770.5999755859375,4.25,93.09902954101562,28.54276466369629,4163.259765625,0.16,0.85,1.61,1.45,2.34
2021-04-20,62.439998626708984,1778.4000244140625,4.223999977111816,92.07301330566406,28.90558624267578,4134.93994140625,0.15,0.81,1.58,1.43,2.32
2021-04-21,61.349998474121094,1793.0999755859375,4.286499977111816,93.3301010131836,28.662282943725586,4173.419921875,0.15,0.81,1.57,1.42,2.33
2021-04-22,61.43000030517578,1782.0,4.2804999351501465,92.85868072509766,28.4573974609375,4134.97998046875,0.16,0.81,1.57,1.41,2.33
2021-04-23,62.13999938964844,1777.800048828125,4.3429999351501465,93.87545013427734,28.41898536682129,4180.169921875,0.16,0.83,1.58,1.42,2.34
2021-04-26,61.90999984741211,1780.0999755859375,4.447999954223633,93.59815216064453,28.256786346435547,4187.6201171875,0.18,0.85,1.58,1.4,2.36
2021-04-27,62.939998626708984,1778.800048828125,4.743000030517578,94.37460327148438,28.039098739624023,4186.72021484375,0.17,0.88,1.63,1.46,2.39
2021-04-28,63.86000061035156,1773.9000244140625,4.5370001792907715,94.18050384521484,28.00067710876465,4183.18017578125,0.17,0.86,1.63,1.46,2.41
2021-04-29,65.01000213623047,1768.300048828125,4.493000030517578,94.84602355957031,28.256786346435547,4211.47021484375,0.16,0.86,1.65,1.49,2.42
2021-04-30,63.58000183105469,1767.699951171875,4.479000091552734,94.21747589111328,28.478744506835938,4181.169921875,0.16,0.86,1.65,1.49,2.41
2021-05-03,64.48999786376953,1791.800048828125,4.543000221252441,95.18802642822266,28.474472045898438,4192.66015625,0.16,0.84,1.63,1.47,2.42
2021-05-04,65.69000244140625,1776.0,4.535999774932861,95.60396575927734,28.367761611938477,4164.66015625,0.16,0.82,1.61,1.45,2.42
2021-05-05,65.62999725341797,1784.300048828125,4.539000034332275,95.69640350341797,27.889698028564453,4167.58984375,0.16,0.8,1.59,1.43,2.47
2021-05-06,64.70999908447266,1815.699951171875,4.61899995803833,96.3619155883789,28.103118896484375,4201.6201171875,0.16,0.81,1.58,1.42,2.45
2021-05-07,64.9000015258789,1831.300048828125,4.765999794006348,97.3786849975586,28.188486099243164,4232.60009765625,0.14,0.77,1.6,1.46,2.49
2021-05-10,64.91999816894531,1837.5999755859375,4.733500003814697,97.47113037109375,28.474472045898438,4188.43017578125,0.16,0.8,1.63,1.47,2.54
2021-05-11,65.27999877929688,1836.0999755859375,4.778500080108643,96.02916717529297,28.124465942382812,4152.10009765625,0.16,0.8,1.64,1.48,2.53
2021-05-12,66.08000183105469,1822.800048828125,4.752500057220459,93.72756958007812,27.46712875366211,4063.0400390625,0.16,0.87,1.69,1.53,2.54
2021-05-13,63.81999969482422,1824.0,4.70550012588501,95.48381042480469,27.996414184570312,4112.5,0.16,0.84,1.66,1.5,2.51
2021-05-14,65.37000274658203,1838.0999755859375,4.664000034332275,96.80561065673828,28.13300323486328,4173.85009765625,0.16,0.82,1.63,1.47,2.51
2021-05-17,66.2699966430664,1867.5999755859375,4.721499919891357,96.50981140136719,27.90250587463379,4163.2900390625,0.16,0.84,1.64,1.48,2.54
2021-05-18,65.48999786376953,1868.0,4.735499858856201,95.10482788085938,27.898239135742188,4127.830078125,0.16,0.83,1.64,1.48,2.52
2021-05-19,63.36000061035156,1881.5,4.5894999504089355,94.56869506835938,27.851285934448242,4115.68017578125,0.16,0.87,1.68,1.52,2.48
2021-05-20,62.04999923706055,1881.9000244140625,4.581999778747559,94.78131866455078,28.094585418701172,4159.1201171875,0.15,0.83,1.63,1.48,2.41
2021-05-21,63.58000183105469,1876.699951171875,4.495999813079834,95.24348449707031,28.239715576171875,4155.85986328125,0.17,0.84,1.63,1.46,2.43
2021-05-24,66.05000305175781,1884.5,4.541500091552734,95.8350601196289,28.188486099243164,4197.0498046875,0.15,0.82,1.61,1.46,2.44
2021-05-25,66.06999969482422,1898.0,4.521999835968018,95.54852294921875,27.84701919555664,4188.1298828125,0.15,0.79,1.56,1.41,2.42
2021-05-26,66.20999908447266,1901.199951171875,4.5329999923706055,95.8535385131836,27.851285934448242,4195.990234375,0.14,0.8,1.58,1.44,2.4
2021-05-27,66.8499984741211,1895.699951171875,4.666500091552734,97.16609954833984,27.663476943969727,4200.8798828125,0.14,0.81,1.61,1.47,2.42
2021-05-28,66.31999969482422,1902.5,4.682499885559082,97.16609954833984,27.81287384033203,4204.10986328125,0.14,0.79,1.58,1.44,2.42
2021-05-31,66.31999969482422,1902.5,4.682499885559082,97.16609954833984,27.81287384033203,4204.10986328125,0.14,0.79,1.58,1.44,2.42
2021-06-01,67.72000122070312,1905.0,4.6620001792907715,97.54507446289062,27.64212989807129,4202.0400390625,0.16,0.81,1.62,1.46,2.46
2021-06-02,68.83000183105469,1909.9000244140625,4.599999904632568,97.26776885986328,27.787261962890625,4208.1201171875,0.13,0.8,1.59,1.46,2.44
2021-06-03,68.80999755859375,1873.300048828125,4.471499919891357,97.05518341064453,27.95372200012207,4192.85009765625,0.16,0.84,1.63,1.47,2.42
2021-06-04,69.62000274658203,1892.0,4.537499904632568,97.36944580078125,27.91104507446289,4229.89013671875,0.14,0.78,1.56,1.42,2.4
2021-06-07,69.2300033569336,1898.800048828125,4.534999847412109,96.69468688964844,27.962270736694336,4226.52001953125,0.16,0.79,1.57,1.41,2.39
2021-06-08,70.05000305175781,1894.4000244140625,4.563000202178955,96.94424438476562,27.723236083984375,4227.259765625,0.14,0.77,1.53,1.39,2.36
2021-06-09,69.95999908447266,1895.5,4.536499977111816,95.9552001953125,27.970800399780273,4219.5498046875,0.16,0.75,1.5,1.34,2.32
2021-06-10,70.29000091552734,1896.4000244140625,4.489999771118164,95.48381042480469,28.154342651367188,4239.18017578125,0.14,0.73,1.45,1.31,2.35
2021-06-11,70.91000366210938,1879.5999755859375,4.541500091552734,95.67791748046875,28.218368530273438,4247.43994140625,0.16,0.76,1.47,1.31,2.32
2021-06-14,70.87999725341797,1865.9000244140625,4.5320000648498535,95.24348449707031,28.27812957763672,4255.14990234375,0.16,0.8,1.51,1.35,2.36
2021-06-15,72.12000274658203,1856.4000244140625,4.340000152587891,95.65018463134766,28.36349105834961,4246.58984375,0.16,0.79,1.51,1.35,2.38
2021-06-16,72.1500015258789,1861.4000244140625,4.392499923706055,94.74433898925781,27.936649322509766,4223.7001953125,0.21,0.89,1.57,1.36,2.32
2021-06-17,71.04000091552734,1774.800048828125,4.184500217437744,93.28388977050781,28.090320587158203,4221.85986328125,0.23,0.9,1.52,1.29,2.27
2021-06-18,71.63999938964844,1769.0,4.162499904632568,92.07301330566406,27.36041831970215,4166.4501953125,0.26,0.89,1.45,1.19,2.24
2021-06-21,73.66000366210938,1782.9000244140625,4.1875,94.09813690185547,27.714866638183594,4224.7900390625,0.27,0.9,1.5,1.23,2.25
2021-06-22,73.05999755859375,1777.4000244140625,4.234499931335449,94.20014190673828,27.547107696533203,4246.43994140625,0.25,0.87,1.48,1.23,2.31
2021-06-23,73.08000183105469,1783.4000244140625,4.330999851226807,93.98686218261719,27.254600524902344,4241.83984375,0.26,0.9,1.5,1.24,2.34
2021-06-24,73.30000305175781,1776.699951171875,4.311500072479248,94.71939849853516,27.22879409790039,4266.490234375,0.26,0.9,1.49,1.23,2.3
2021-06-25,74.05000305175781,1777.800048828125,4.298999786376953,94.90485382080078,27.52130126953125,4280.7001953125,0.28,0.92,1.54,1.26,2.34
2021-06-28,72.91000366210938,1780.699951171875,4.2779998779296875,94.40412902832031,27.69765853881836,4290.60986328125,0.25,0.9,1.49,1.24,2.33
2021-06-29,72.9800033569336,1763.5999755859375,4.276500225067139,94.21869659423828,27.250301361083984,4291.7998046875,0.27,0.89,1.49,1.22,2.32
2021-06-30,73.47000122070312,1771.5999755859375,4.296500205993652,94.95121765136719,27.19868278503418,4297.5,0.25,0.87,1.45,1.2,2.32
2021-07-01,75.2300033569336,1776.800048828125,4.242000102996826,95.62811279296875,27.495487213134766,4319.93994140625,0.25,0.89,1.48,1.23,2.35
2021-07-02,75.16000366210938,1783.300048828125,4.2820000648498535,95.77645874023438,27.538501739501953,4352.33984375,0.24,0.86,1.44,1.2,2.33
2021-07-05,75.16000366210938,1783.300048828125,4.2820000648498535,95.77645874023438,27.538501739501953,4352.33984375,0.24,0.86,1.44,1.2,2.33
2021-07-06,73.37000274658203,1794.199951171875,4.257999897003174,94.85848999023438,27.654644012451172,4343.5400390625,0.22,0.81,1.37,1.15,2.31
2021-07-07,72.19999694824219,1802.0999755859375,4.328999996185303,95.80429077148438,27.835311889648438,4358.1298828125,0.22,0.79,1.33,1.11,2.28
2021-07-08,72.94000244140625,1800.199951171875,4.271500110626221,94.46905517578125,27.753583908081055,4320.81982421875,0.19,0.74,1.3,1.11,2.22
2021-07-09,74.55999755859375,1810.5999755859375,4.352499961853027,95.9619369506836,27.78799057006836,4369.5498046875,0.23,0.79,1.37,1.14,2.28
2021-07-12,74.0999984741211,1805.9000244140625,4.322999954223633,96.09174346923828,27.878326416015625,4384.6298828125,0.23,0.81,1.38,1.15,2.33
2021-07-13,75.25,1809.9000244140625,4.314499855041504,95.16449737548828,27.667552947998047,4369.2099609375,0.26,0.85,1.42,1.16,2.36
2021-07-14,73.12999725341797,1825.0,4.2769999504089355,95.15522766113281,27.908437728881836,4374.2998046875,0.23,0.8,1.37,1.14,2.34
2021-07-15,71.6500015258789,1829.0,4.333000183105469,95.3406753540039,28.222448348999023,4360.02978515625,0.23,0.78,1.31,1.08,2.32
2021-07-16,71.80999755859375,1815.0,4.332499980926514,94.49687957763672,28.506351470947266,4327.16015625,0.25,0.79,1.31,1.06,2.33
2021-07-19,66.41999816894531,1809.199951171875,4.2104997634887695,92.52181243896484,28.0546932220459,4258.490234375,0.21,0.7,1.19,0.98,2.24
2021-07-20,67.41999816894531,1811.4000244140625,4.273499965667725,95.10884857177734,28.175128936767578,4323.06005859375,0.2,0.69,1.23,1.03,2.26
2021-07-21,70.30000305175781,1803.4000244140625,4.28249979019165,96.01756286621094,27.865427017211914,4358.68994140625,0.22,0.74,1.3,1.08,2.28
2021-07-22,71.91000366210938,1805.4000244140625,4.3480000495910645,95.66519927978516,27.908437728881836,4367.47998046875,0.2,0.71,1.27,1.07,2.28
2021-07-23,72.06999969482422,1801.800048828125,4.406499862670898,96.07320404052734,28.265460968017578,4411.7900390625,0.22,0.72,1.3,1.08,2.35
2021-07-26,71.91000366210938,1799.199951171875,4.589000225067139,96.02684020996094,28.274070739746094,4422.2998046875,0.22,0.73,1.29,1.07,2.4
2021-07-27,71.6500015258789,1799.800048828125,4.546000003814697,95.4983139038086,28.76013946533203,4401.4599609375,0.2,0.71,1.25,1.05,2.38
2021-07-28,72.38999938964844,1799.699951171875,4.479000091552734,95.27574157714844,28.540767669677734,4400.64013671875,0.2,0.72,1.26,1.06,2.41
2021-07-29,73.62000274658203,1831.199951171875,4.519999980926514,96.02684020996094,28.61819076538086,4419.14990234375,0.2,0.73,1.28,1.08,2.43
2021-07-30,73.94999694824219,1812.5999755859375,4.480500221252441,95.84138488769531,28.377307891845703,4395.259765625,0.19,0.69,1.24,1.05,2.4
2021-08-02,71.26000213623047,1822.199951171875,4.432000160217285,95.18303680419922,28.5966854095459,4387.16015625,0.17,0.66,1.2,1.03,2.37
2021-08-03,70.55999755859375,1814.0999755859375,4.382999897003174,96.42554473876953,28.76013946533203,4423.14990234375,0.17,0.65,1.19,1.02,2.38
2021-08-04,68.1500015258789,1814.5,4.329999923706055,95.11811065673828,28.717126846313477,4402.66015625,0.17,0.67,1.19,1.02,2.35
2021-08-05,69.08999633789062,1808.9000244140625,4.3454999923706055,95.56320190429688,29.031137466430664,4429.10009765625,0.21,0.72,1.23,1.02,2.33
2021-08-06,68.27999877929688,1763.0999755859375,4.3454999923706055,96.00830078125,29.013933181762695,4436.52001953125,0.21,0.77,1.31,1.1,2.37
2021-08-09,66.4800033569336,1726.5,4.2870001792907715,95.62811279296875,29.005329132080078,4432.35009765625,0.23,0.79,1.33,1.1,2.37
2021-08-10,68.29000091552734,1731.699951171875,4.351500034332275,96.60173034667969,29.035442352294922,4436.75,0.24,0.82,1.36,1.12,2.4
2021-08-11,69.25,1753.300048828125,4.363999843597412,97.8535385131836,29.306440353393555,4442.41015625,0.23,0.81,1.35,1.12,2.42
2021-08-12,69.08999633789062,1751.800048828125,4.355999946594238,97.66808319091797,29.3365478515625,4460.830078125,0.23,0.83,1.36,1.13,2.41
2021-08-13,68.44000244140625,1778.199951171875,4.38700008392334,97.36209869384766,29.54302406311035,4468.0,0.23,0.79,1.29,1.06,2.37
2021-08-16,67.29000091552734,1789.800048828125,4.322000026702881,97.6958999633789,29.723691940307617,4479.7099609375,0.21,0.75,1.26,1.05,2.36
2021-08-17,66.58999633789062,1787.800048828125,4.199999809265137,96.63883209228516,29.740903854370117,4448.080078125,0.23,0.77,1.26,1.03,2.33
2021-08-18,65.45999908447266,1784.4000244140625,4.116000175476074,95.58173370361328,29.59033966064453,4400.27001953125,0.23,0.79,1.27,1.04,2.32
2021-08-19,63.689998626708984,1783.0999755859375,4.03849983215332,94.91412353515625,29.710786819458008,4405.7998046875,0.22,0.78,1.24,1.02,2.28
2021-08-20,62.31999969482422,1784.0,4.134500026702881,95.16449737548828,30.080713272094727,4441.669921875,0.23,0.8,1.26,1.03,2.27
2021-08-23,65.63999938964844,1806.300048828125,4.234499931335449,95.9433822631836,29.693572998046875,4479.52978515625,0.23,0.78,1.25,1.02,2.27
2021-08-24,67.54000091552734,1808.5,4.255000114440918,96.42554473876953,29.50000762939453,4486.22998046875,0.24,0.8,1.29,1.05,2.3
2021-08-25,68.36000061035156,1791.0,4.264999866485596,97.04684448242188,29.555936813354492,4496.18994140625,0.23,0.84,1.35,1.12,2.35
2021-08-26,67.41999816894531,1795.199951171875,4.245999813079834,96.62027740478516,29.482807159423828,4470.0,0.25,0.84,1.34,1.09,2.33
2021-08-27,68.73999786376953,1819.5,4.316500186920166,97.28789520263672,29.474199295043945,4509.3701171875,0.22,0.79,1.31,1.09,2.39
2021-08-30,69.20999908447266,1812.199951171875,4.361000061035156,97.1766357421875,29.517223358154297,4528.7900390625,0.2,0.77,1.29,1.09,2.37
2021-08-31,68.5,1818.0999755859375,4.360000133514404,96.90774536132812,29.482807159423828,4522.68017578125,0.2,0.77,1.3,1.1,2.33
2021-09-01,68.58999633789062,1816.0,4.263000011444092,96.53683471679688,29.86994743347168,4524.08984375,0.2,0.78,1.31,1.11,2.34
2021-09-02,69.98999786376953,1811.5,4.289999961853027,97.57535552978516,30.140939712524414,4536.9501953125,0.2,0.78,1.29,1.09,2.32
2021-09-03,69.29000091552734,1833.699951171875,4.325500011444092,96.9819107055664,29.89145278930664,4535.43017578125,0.21,0.78,1.33,1.12,2.34
2021-09-06,69.29000091552734,1833.699951171875,4.325500011444092,96.9819107055664,29.89145278930664,4535.43017578125,0.21,0.78,1.33,1.12,2.34
2021-09-07,68.3499984741211,1798.5,4.277500152587891,95.30357360839844,29.49571418762207,4520.02978515625,0.22,0.82,1.38,1.16,2.36
2021-09-08,69.30000305175781,1793.5,4.23199987411499,95.43338775634766,30.02479362487793,4514.06982421875,0.22,0.81,1.35,1.13,2.38
2021-09-09,68.13999938964844,1800.0,4.2835001945495605,94.96976470947266,29.8613338470459,4493.27978515625,0.23,0.79,1.3,1.07,2.38
2021-09-10,69.72000122070312,1792.0999755859375,4.447999954223633,94.54322814941406,29.444087982177734,4458.580078125,0.23,0.82,1.35,1.12,2.4
2021-09-13,70.44999694824219,1794.4000244140625,4.363500118255615,94.79359436035156,29.392473220825195,4468.72998046875,0.21,0.81,1.33,1.12,2.37
2021-09-14,70.45999908447266,1807.0999755859375,4.317999839782715,93.65306854248047,29.293535232543945,4443.0498046875,0.21,0.79,1.28,1.07,2.33
2021-09-15,72.61000061035156,1794.800048828125,4.403500080108643,94.68231964111328,29.25482749938965,4480.7001953125,0.21,0.81,1.31,1.1,2.35
2021-09-16,72.61000061035156,1756.699951171875,4.278500080108643,94.03323364257812,29.009634017944336,4473.75,0.23,0.84,1.34,1.11,2.35
2021-09-17,71.97000122070312,1751.4000244140625,4.245500087738037,93.03180694580078,28.56227684020996,4432.990234375,0.23,0.88,1.37,1.14,2.33
2021-09-20,70.29000091552734,1763.800048828125,4.117000102996826,91.96479034423828,28.509828567504883,4357.72998046875,0.23,0.83,1.31,1.08,2.29
2021-09-21,70.55999755859375,1778.199951171875,4.127999782562256,91.48104095458984,28.431814193725586,4354.18994140625,0.22,0.84,1.33,1.11,2.29
2021-09-22,72.2300033569336,1778.800048828125,4.252500057220459,92.20667266845703,28.414478302001953,4395.64013671875,0.25,0.86,1.32,1.07,2.28
2021-09-23,73.30000305175781,1749.800048828125,4.230999946594238,93.62064361572266,28.262784957885742,4448.97998046875,0.27,0.94,1.41,1.14,2.31
2021-09-24,73.9800033569336,1751.699951171875,4.287499904632568,93.81600189208984,28.232444763183594,4455.47998046875,0.29,0.97,1.47,1.18,2.34
2021-09-27,75.44999694824219,1752.0,4.293499946594238,93.90900421142578,27.898717880249023,4443.10986328125,0.31,0.98,1.48,1.17,2.35
2021-09-28,75.29000091552734,1737.5,4.244999885559082,92.82061767578125,27.547657012939453,4352.6298828125,0.31,1.02,1.54,1.23,2.38
2021-09-29,74.83000183105469,1722.9000244140625,4.199999809265137,92.92293548583984,27.907384872436523,4359.4599609375,0.3,1.01,1.55,1.25,2.37
2021-09-30,75.02999877929688,1757.0,4.090000152587891,91.01593780517578,27.68634605407715,4307.5400390625,0.28,0.98,1.52,1.24,2.37
2021-10-01,75.87999725341797,1758.4000244140625,4.19350004196167,92.2624740600586,27.68634605407715,4357.0400390625,0.27,0.93,1.48,1.21,2.38
2021-10-04,77.62000274658203,1767.5999755859375,4.246500015258789,91.76016235351562,28.067745208740234,4300.4599609375,0.27,0.95,1.49,1.22,2.38
2021-10-05,78.93000030517578,1760.9000244140625,4.202000141143799,92.78340148925781,27.998401641845703,4345.72021484375,0.28,0.98,1.54,1.26,2.45
2021-10-06,77.43000030517578,1761.800048828125,4.1570000648498535,93.1927261352539,28.431814193725586,4363.5498046875,0.3,0.99,1.53,1.23,2.43
2021-10-07,78.30000305175781,1759.199951171875,4.250999927520752,93.91831970214844,28.280120849609375,4399.759765625,0.32,1.02,1.58,1.26,2.46
2021-10-08,79.3499984741211,1757.4000244140625,4.2829999923706055,93.90900421142578,28.072086334228516,4391.33984375,0.32,1.05,1.61,1.29,2.5
2021-10-11,80.5199966430664,1755.699951171875,4.374499797821045,93.15552520751953,27.690683364868164,4361.18994140625,0.32,1.05,1.61,1.29,2.5
2021-10-12,80.63999938964844,1759.300048828125,4.328999996185303,92.8485336303711,27.877050399780273,4350.64990234375,0.35,1.08,1.59,1.24,2.49
2021-10-13,80.44000244140625,1794.699951171875,4.520500183105469,93.04388427734375,28.20210838317871,4363.7998046875,0.37,1.09,1.56,1.19,2.52
2021-10-14,81.30999755859375,1797.9000244140625,4.631499767303467,94.80207824707031,28.54884147644043,4438.259765625,0.36,1.05,1.52,1.16,2.52
2021-10-15,82.27999877929688,1768.300048828125,4.734000205993652,95.71371459960938,28.466487884521484,4471.3701171875,0.41,1.13,1.59,1.18,2.56
2021-10-18,82.44000244140625,1765.699951171875,4.730500221252441,95.7788314819336,28.193445205688477,4486.4599609375,0.44,1.16,1.59,1.15,2.54
2021-10-19,82.95999908447266,1770.5,4.714000225067139,96.3462905883789,28.54884147644043,4519.6298828125,0.41,1.17,1.65,1.24,2.54
2021-10-20,83.87000274658203,1784.9000244140625,4.75600004196167,96.95095825195312,28.99958610534668,4536.18994140625,0.4,1.16,1.65,1.25,2.57
2021-10-21,82.5,1781.9000244140625,4.58650016784668,97.14630889892578,28.99958610534668,4549.77978515625,0.45,1.23,1.68,1.23,2.64
2021-10-22,83.76000213623047,1796.300048828125,4.526000022888184,97.4905014038086,29.14694595336914,4544.89990234375,0.48,1.22,1.66,1.18,2.64
2021-10-25,83.76000213623047,1806.800048828125,4.551499843597412,97.7137451171875,29.021251678466797,4566.47998046875,0.47,1.19,1.64,1.17,2.66
2021-10-26,84.6500015258789,1793.4000244140625,4.486499786376953,97.10908508300781,29.17728614807129,4574.7900390625,0.47,1.2,1.63,1.16,2.69
2021-10-27,82.66000366210938,1798.800048828125,4.38700008392334,95.97418212890625,28.982248306274414,4551.68017578125,0.5,1.16,1.54,1.04,2.65
2021-10-28,82.80999755859375,1802.5999755859375,4.4375,97.17422485351562,29.172948837280273,4596.419921875,0.5,1.18,1.57,1.07,2.57
2021-10-29,83.56999969482422,1783.9000244140625,4.375500202178955,97.2021255493164,28.99958610534668,4605.3798828125,0.48,1.18,1.55,1.07,2.51
2021-11-01,84.05000305175781,1795.800048828125,4.4019999504089355,97.47189331054688,29.103605270385742,4613.669921875,0.5,1.2,1.58,1.08,2.5
2021-11-02,83.91000366210938,1789.4000244140625,4.374000072479248,97.79750061035156,29.129610061645508,4630.64990234375,0.46,1.15,1.56,1.1,2.51
2021-11-03,80.86000061035156,1763.9000244140625,4.326000213623047,97.5835189819336,29.021251678466797,4660.56982421875,0.47,1.19,1.6,1.13,2.53
2021-11-04,78.80999755859375,1793.5,4.326000213623047,97.9742202758789,28.860898971557617,4680.06005859375,0.41,1.1,1.53,1.12,2.56
2021-11-05,81.2699966430664,1816.800048828125,4.348999977111816,98.96959686279297,29.133939743041992,4697.52978515625,0.39,1.04,1.45,1.06,2.54
2021-11-08,81.93000030517578,1828.0,4.40500020980835,99.37891387939453,28.700531005859375,4701.7001953125,0.45,1.13,1.51,1.06,2.62
2021-11-09,84.1500015258789,1830.800048828125,4.380000114440918,99.63008117675781,28.847888946533203,4685.25,0.41,1.08,1.46,1.05,2.63
2021-11-10,81.33999633789062,1848.300048828125,4.328000068664551,99.07193756103516,29.081933975219727,4646.7099609375,0.51,1.23,1.56,1.05,2.7
2021-11-11,81.58999633789062,1863.9000244140625,4.4045000076293945,98.6626205444336,28.90423583984375,4649.27001953125,0.51,1.23,1.56,1.05,2.7
2021-11-12,80.79000091552734,1868.5,4.45550012588501,99.44403839111328,28.886898040771484,4682.85009765625,0.53,1.24,1.58,1.05,2.73
2021-11-15,80.87999725341797,1866.5999755859375,4.4070000648498535,99.63008117675781,29.26830291748047,4682.7998046875,0.53,1.26,1.63,1.1,2.76
2021-11-16,80.76000213623047,1854.0999755859375,4.358500003814697,99.64868927001953,29.129610061645508,4700.89990234375,0.54,1.27,1.63,1.09,2.73
2021-11-17,78.36000061035156,1870.199951171875,4.2729997634887695,99.05332946777344,29.155611038208008,4688.669921875,0.52,1.24,1.6,1.08,2.7
2021-11-18,79.01000213623047,1861.4000244140625,4.309999942779541,98.84864807128906,29.003917694091797,4704.5400390625,0.52,1.22,1.59,1.07,2.73
2021-11-19,76.0999984741211,1851.5999755859375,4.4085001945495605,98.35562896728516,29.168611526489258,4697.9599609375,0.52,1.22,1.54,1.02,2.65
2021-11-22,76.75,1806.300048828125,4.395500183105469,98.62539672851562,29.346317291259766,4682.93994140625,0.63,1.33,1.63,1.0,2.61
2021-11-23,78.5,1783.800048828125,4.423500061035156,98.79283142089844,29.37665557861328,4690.7001953125,0.6,1.33,1.67,1.07,2.62
2021-11-24,78.38999938964844,1784.300048828125,4.458000183105469,98.68122863769531,29.393985748291016,4701.4599609375,0.64,1.34,1.64,1.0,2.61
2021-11-25,78.38999938964844,1784.300048828125,4.458000183105469,98.68122863769531,29.393985748291016,4701.4599609375,0.64,1.34,1.64,1.0,2.61
2021-11-26,68.1500015258789,1785.5,4.281499862670898,96.01138305664062,28.934574127197266,4594.6201171875,0.5,1.16,1.48,0.98,2.55
2021-11-29,69.94999694824219,1782.300048828125,4.336999893188477,96.1788330078125,29.36365509033203,4655.27001953125,0.51,1.18,1.52,1.01,2.54
2021-11-30,66.18000030517578,1773.5999755859375,4.2779998779296875,93.74158477783203,28.505496978759766,4567.0,0.52,1.14,1.43,0.91,2.5
2021-12-01,65.56999969482422,1784.300048828125,4.247499942779541,92.43923950195312,28.55750846862793,4513.0400390625,0.56,1.15,1.43,0.87,2.44
2021-12-02,66.5,1762.699951171875,4.298999786376953,95.1834716796875,28.921571731567383,4577.10009765625,0.63,1.21,1.44,0.81,2.47
2021-12-03,66.26000213623047,1783.9000244140625,4.266499996185303,95.07182312011719,29.21196174621582,4538.43017578125,0.6,1.13,1.35,0.75,2.43
2021-12-06,69.48999786376953,1779.5,4.336999893188477,96.68118286132812,29.658370971679688,4591.669921875,0.65,1.21,1.43,0.78,2.44
2021-12-07,72.05000305175781,1784.699951171875,4.3379998207092285,97.66725158691406,29.879419326782227,4686.75,0.7,1.26,1.48,0.78,2.47
2021-12-08,72.36000061035156,1785.5,4.390999794006348,97.90911102294922,29.849075317382812,4701.2099609375,0.68,1.27,1.52,0.84,2.52
2021-12-09,70.94000244140625,1776.699951171875,4.329999923706055,97.60212707519531,29.810068130493164,4667.4501953125,0.7,1.26,1.49,0.79,2.47
2021-12-10,71.66999816894531,1784.800048828125,4.2829999923706055,98.00212860107422,29.970426559448242,4712.02001953125,0.67,1.25,1.48,0.81,2.44
2021-12-13,71.29000091552734,1788.300048828125,4.28000020980835,96.98816680908203,30.338829040527344,4668.97021484375,0.66,1.21,1.42,0.76,2.4
2021-12-14,70.7300033569336,1772.300048828125,4.254000186920166,96.06719970703125,30.15679931640625,4634.08984375,0.67,1.23,1.44,0.77,2.37
2021-12-15,70.87000274658203,1764.5,4.179500102996826,96.90443420410156,30.650888442993164,4709.85009765625,0.69,1.26,1.47,0.78,2.39
2021-12-16,72.37999725341797,1798.199951171875,4.30049991607666,96.95095825195312,30.806915283203125,4668.669921875,0.64,1.19,1.44,0.8,2.42
2021-12-17,70.86000061035156,1804.9000244140625,4.290999889373779,95.29511260986328,30.343164443969727,4620.64013671875,0.66,1.18,1.41,0.75,2.38
2021-12-20,68.2300033569336,1794.5999755859375,4.288000106811523,93.76839447021484,30.371986389160156,4568.02001953125,0.65,1.17,1.43,0.78,2.39
2021-12-21,71.12000274658203,1788.699951171875,4.3379998207092285,95.63593292236328,30.32831573486328,4649.22998046875,0.7,1.24,1.48,0.78,2.44
2021-12-22,72.76000213623047,1802.199951171875,4.389500141143799,95.90670776367188,30.45935821533203,4696.56005859375,0.68,1.23,1.46,0.78,2.47
2021-12-23,73.79000091552734,1811.699951171875,4.38700008392334,97.03655242919922,30.45498275756836,4725.7900390625,0.71,1.25,1.5,0.79,2.47
2021-12-24,73.79000091552734,1811.699951171875,4.38700008392334,97.03655242919922,30.45498275756836,4725.7900390625,0.71,1.25,1.5,0.79,2.47
2021-12-27,75.56999969482422,1808.800048828125,4.465000152587891,98.06369018554688,30.603500366210938,4791.18994140625,0.76,1.26,1.48,0.72,2.5
2021-12-28,75.9800033569336,1810.9000244140625,4.420000076293945,98.55859375,30.87870216369629,4786.35009765625,0.74,1.27,1.49,0.75,2.5
2021-12-29,76.55999755859375,1805.800048828125,4.4019999504089355,98.73602294921875,31.044694900512695,4793.06005859375,0.75,1.29,1.55,0.8,2.53
2021-12-30,76.98999786376953,1814.0999755859375,4.384500026702881,98.38117218017578,31.158267974853516,4778.72998046875,0.73,1.27,1.52,0.79,2.58
2021-12-31,75.20999908447266,1828.5999755859375,4.454999923706055,98.80137634277344,31.267475128173828,4766.18017578125,0.73,1.26,1.52,0.79,2.56
2022-01-03,76.08000183105469,1800.0999755859375,4.4145002365112305,97.98899841308594,30.957338333129883,4796.56005859375,0.78,1.37,1.63,0.85,2.6
2022-01-04,76.98999786376953,1814.5999755859375,4.466000080108643,99.95924377441406,30.861228942871094,4793.5400390625,0.77,1.37,1.66,0.89,2.57
2022-01-05,77.8499984741211,1825.0999755859375,4.4045000076293945,99.00680541992188,30.843759536743164,4700.580078125,0.83,1.43,1.71,0.88,2.53
2022-01-06,79.45999908447266,1789.199951171875,4.3480000495910645,99.46434020996094,30.524873733520508,4696.0498046875,0.88,1.47,1.73,0.85,2.46
2022-01-07,78.9000015258789,1797.4000244140625,4.4029998779296875,99.43633270263672,30.756391525268555,4677.02978515625,0.87,1.5,1.76,0.89,2.48
2022-01-10,78.2300033569336,1798.800048828125,4.3445000648498535,98.3158187866211,30.555452346801758,4670.2900390625,0.92,1.53,1.78,0.86,2.48
2022-01-11,81.22000122070312,1818.5,4.420499801635742,98.90409851074219,30.28026008605957,4713.06982421875,0.9,1.51,1.75,0.85,2.54
2022-01-12,82.63999938964844,1827.300048828125,4.564000129699707,99.22154998779297,30.376354217529297,4726.35009765625,0.92,1.5,1.74,0.82,2.48
2022-01-13,82.12000274658203,1821.4000244140625,4.533999919891357,99.43633270263672,30.524873733520508,4659.02978515625,0.91,1.47,1.7,0.79,2.43
2022-01-14,83.81999969482422,1816.5,4.411499977111816,98.83873748779297,30.31520652770996,4662.85009765625,0.99,1.55,1.78,0.79,2.44
2022-01-17,83.81999969482422,1816.5,4.411499977111816,98.83873748779297,30.31520652770996,4662.85009765625,0.99,1.55,1.78,0.79,2.44
2022-01-18,85.43000030517578,1812.4000244140625,4.375999927520752,97.69953918457031,29.952648162841797,4577.10986328125,1.06,1.65,1.87,0.81,2.46
2022-01-19,86.95999908447266,1843.199951171875,4.462500095367432,96.60701751708984,30.088064193725586,4532.759765625,1.04,1.62,1.83,0.79,2.4
2022-01-20,86.9000015258789,1842.5999755859375,4.576499938964844,95.37447357177734,30.12738037109375,4482.72998046875,1.08,1.62,1.83,0.75,2.33
2022-01-21,85.13999938964844,1831.800048828125,4.512499809265137,94.49674987792969,30.070581436157227,4397.93994140625,1.01,1.54,1.75,0.74,2.34
2022-01-24,83.30999755859375,1841.699951171875,4.4029998779296875,95.03829956054688,29.782289505004883,4410.1298828125,0.99,1.53,1.75,0.76,2.38
2022-01-25,85.5999984741211,1852.5,4.442999839782715,94.10457611083984,29.314891815185547,4356.4501953125,1.02,1.56,1.78,0.76,2.41
2022-01-26,87.3499984741211,1829.699951171875,4.504499912261963,93.28284454345703,29.074642181396484,4349.93017578125,1.13,1.66,1.85,0.72,2.38
2022-01-27,86.61000061035156,1793.0999755859375,4.413000106811523,92.4518051147461,29.33237075805664,4326.509765625,1.18,1.66,1.81,0.63,2.4
2022-01-28,86.81999969482422,1784.9000244140625,4.302999973297119,93.09607696533203,29.686189651489258,4431.85009765625,1.15,1.61,1.78,0.63,2.44
2022-01-31,88.1500015258789,1795.0,4.317999839782715,94.06720733642578,30.249685287475586,4515.5498046875,1.18,1.62,1.79,0.61,2.44
2022-02-01,88.19999694824219,1801.5,4.428999900817871,95.3651351928711,29.847808837890625,4546.5400390625,1.18,1.63,1.81,0.63,2.43
2022-02-02,88.26000213623047,1810.300048828125,4.491000175476074,96.02809143066406,30.28899383544922,4589.3798828125,1.16,1.6,1.78,0.62,2.41
2022-02-03,90.2699966430664,1804.0999755859375,4.4664998054504395,94.49674987792969,30.153575897216797,4477.43994140625,1.19,1.66,1.82,0.63,2.38
2022-02-04,92.30999755859375,1807.800048828125,4.483500003814697,93.47892761230469,29.91333770751953,4500.52978515625,1.31,1.78,1.93,0.62,2.41
2022-02-07,91.31999969482422,1821.800048828125,4.46150016784668,93.55363464355469,29.869653701782227,4483.8701171875,1.3,1.76,1.92,0.62,2.4
2022-02-08,89.36000061035156,1827.9000244140625,4.459499835968018,94.48741149902344,29.89148712158203,4521.5400390625,1.35,1.81,1.96,0.61,2.42
2022-02-09,89.66000366210938,1836.5999755859375,4.600500106811523,95.78533172607422,30.022537231445312,4587.18017578125,1.36,1.82,1.94,0.58,2.42
2022-02-10,89.87999725341797,1837.4000244140625,4.65749979019165,94.21660614013672,29.262474060058594,4504.080078125,1.61,1.96,2.03,0.42,2.45
2022-02-11,93.0999984741211,1842.0999755859375,4.505000114440918,92.77861022949219,29.279949188232422,4418.64013671875,1.5,1.84,1.92,0.42,2.43
2022-02-14,95.45999908447266,1869.4000244140625,4.507500171661377,92.43312072753906,29.030960083007812,4401.669921875,1.58,1.9,1.98,0.4,2.48
2022-02-15,92.06999969482422,1856.199951171875,4.531499862670898,93.82442474365234,28.895545959472656,4471.06982421875,1.58,1.94,2.05,0.47,2.48
2022-02-16,93.66000366210938,1871.5,4.540500164031982,94.31932830810547,28.961071014404297,4475.009765625,1.52,1.9,2.03,0.51,2.46
2022-02-17,91.76000213623047,1902.0,4.525000095367432,92.59187316894531,28.978538513183594,4380.259765625,1.49,1.85,1.97,0.48,2.43
2022-02-18,91.06999969482422,1899.800048828125,4.519499778747559,91.82616424560547,28.926124572753906,4348.8701171875,1.47,1.82,1.92,0.45,2.41
2022-02-21,91.06999969482422,1899.800048828125,4.519499778747559,91.82616424560547,28.926124572753906,4348.8701171875,1.47,1.82,1.92,0.45,2.41
2022-02-22,92.3499984741211,1907.4000244140625,4.510000228881836,90.93909454345703,28.895545959472656,4304.759765625,1.56,1.85,1.94,0.38,2.45
2022-02-23,92.0999984741211,1910.4000244140625,4.481500148773193,89.26765441894531,28.40631103515625,4225.5,1.58,1.89,1.99,0.41,2.53
2022-02-24,92.80999755859375,1926.300048828125,4.453999996185303,90.40686798095703,28.633460998535156,4288.7001953125,1.54,1.84,1.96,0.42,2.55
2022-02-25,91.58999633789062,1887.5999755859375,4.4720001220703125,92.56385040283203,29.520198822021484,4384.64990234375,1.55,1.86,1.97,0.42,2.54
2022-02-28,95.72000122070312,1900.699951171875,4.444499969482422,93.27349853515625,29.673080444335938,4373.93994140625,1.44,1.71,1.83,0.39,2.62
2022-03-01,103.41000366210938,1943.800048828125,4.58650016784668,91.8822021484375,29.415361404418945,4306.259765625,1.31,1.56,1.72,0.41,2.62
2022-03-02,110.5999984741211,1922.300048828125,4.6554999351501465,93.84309387207031,29.773557662963867,4386.5400390625,1.5,1.74,1.86,0.36,2.71
2022-03-03,107.66999816894531,1935.9000244140625,4.771500110626221,93.94580841064453,30.2977352142334,4363.490234375,1.53,1.74,1.86,0.33,2.69
2022-03-04,115.68000030517578,1966.5999755859375,4.928999900817871,93.7403793334961,30.966064453125,4328.8701171875,1.5,1.65,1.74,0.24,2.67
2022-03-07,119.4000015258789,1995.9000244140625,4.7220001220703125,91.22856903076172,31.36794090270996,4201.08984375,1.55,1.71,1.78,0.23,2.77
2022-03-08,123.69999694824219,2043.300048828125,4.700500011444092,90.66830444335938,30.883071899414062,4170.7001953125,1.63,1.8,1.86,0.23,2.9
2022-03-09,108.69999694824219,1988.199951171875,4.564000129699707,92.31172943115234,30.664661407470703,4277.8798828125,1.68,1.87,1.94,0.26,2.84
2022-03-10,106.0199966430664,2000.4000244140625,4.643499851226807,92.19035339355469,30.86997413635254,4259.52001953125,1.72,1.92,1.98,0.26,2.86
2022-03-11,109.33000183105469,1985.0,4.616000175476074,91.45266723632812,30.765134811401367,4204.31005859375,1.75,1.96,2.0,0.25,2.94
2022-03-14,103.01000213623047,1960.800048828125,4.512499809265137,91.76079559326172,30.73018455505371,4173.10986328125,1.87,2.1,2.14,0.27,2.93
2022-03-15,96.44000244140625,1929.699951171875,4.501500129699707,93.21749114990234,31.123327255249023,4262.4501953125,1.85,2.1,2.15,0.3,2.84
2022-03-16,95.04000091552734,1909.199951171875,4.5879998207092285,94.4500503540039,31.066537857055664,4357.85986328125,1.95,2.18,2.19,0.24,2.8
2022-03-17,102.9800033569336,1943.199951171875,4.690499782562256,95.66394805908203,31.19757652282715,4411.669921875,1.94,2.17,2.2,0.26,2.91
2022-03-18,104.69999694824219,1929.300048828125,4.730500221252441,96.02809143066406,30.93111228942871,4463.1201171875,1.97,2.14,2.14,0.17,2.86
2022-03-21,112.12000274658203,1929.5,4.701499938964844,96.24452209472656,31.137788772583008,4461.18017578125,2.14,2.33,2.32,0.18,2.9
2022-03-22,111.76000213623047,1921.5,4.689000129699707,96.76917266845703,31.181772232055664,4511.60986328125,2.18,2.39,2.38,0.2,2.91
2022-03-23,114.93000030517578,1937.300048828125,4.762499809265137,95.8416519165039,31.225746154785156,4456.240234375,2.13,2.34,2.32,0.19,2.94
2022-03-24,112.33999633789062,1962.199951171875,4.729000091552734,96.57241821289062,31.546751022338867,4520.16015625,2.13,2.37,2.34,0.21,2.92
2022-03-25,113.9000015258789,1954.199951171875,4.685999870300293,97.1720199584961,32.00408172607422,4543.06005859375,2.3,2.55,2.48,0.18,2.95
2022-03-28,105.95999908447266,1939.800048828125,4.714000225067139,97.20013427734375,32.210758209228516,4575.52001953125,2.35,2.54,2.46,0.11,2.95
2022-03-29,104.23999786376953,1912.199951171875,4.7164998054504395,98.0995101928711,32.50978088378906,4631.60009765625,2.35,2.49,2.41,0.06,2.86
2022-03-30,107.81999969482422,1933.5,4.739500045776367,97.98709106445312,32.77801513671875,4602.4501953125,2.31,2.44,2.35,0.04,2.86
2022-03-31,100.27999877929688,1949.199951171875,4.743000030517578,96.4787368774414,32.742835998535156,4530.41015625,2.28,2.42,2.32,0.04,2.84
2022-04-01,99.2699966430664,1923.699951171875,4.682499885559082,95.72923278808594,33.20016860961914,4545.85986328125,2.44,2.55,2.39,-0.05,2.8
2022-04-04,103.27999877929688,1934.0,4.776500225067139,95.60743713378906,32.94511032104492,4582.64013671875,2.43,2.56,2.42,-0.01,2.8
2022-04-05,101.95999908447266,1927.5,4.790999889373779,94.24897003173828,33.151790618896484,4525.1201171875,2.51,2.69,2.54,0.03,2.84
2022-04-06,96.2300033569336,1923.0999755859375,4.733500003814697,93.51821899414062,33.811397552490234,4481.14990234375,2.5,2.7,2.61,0.11,2.83
2022-04-07,96.02999877929688,1937.800048828125,4.695000171661377,93.8367691040039,33.727848052978516,4500.2099609375,2.47,2.7,2.66,0.19,2.82
2022-04-08,98.26000213623047,1945.5999755859375,4.71999979019165,93.31211853027344,33.84218215942383,4488.27978515625,2.53,2.76,2.72,0.19,2.87
2022-04-11,94.29000091552734,1948.199951171875,4.628499984741211,93.0123062133789,33.38046646118164,4412.52978515625,2.5,2.79,2.79,0.29,2.91
2022-04-12,100.5999984741211,1976.0999755859375,4.703999996185303,92.8624267578125,33.50798416137695,4397.4501953125,2.39,2.66,2.72,0.33,2.86
2022-04-13,104.25,1984.699951171875,4.706999778747559,93.73371887207031,33.44202423095703,4446.58984375,2.37,2.66,2.7,0.33,2.8
2022-04-14,106.94999694824219,1974.9000244140625,4.7170000076293945,93.63066864013672,33.45961380004883,4392.58984375,2.47,2.79,2.83,0.36,2.89
2022-04-15,106.94999694824219,1974.9000244140625,4.7170000076293945,93.63066864013672,33.45961380004883,4392.58984375,2.47,2.79,2.83,0.36,2.89
2022-04-18,108.20999908447266,1986.4000244140625,4.796000003814697,93.30274200439453,33.27931594848633,4391.68994140625,2.46,2.79,2.85,0.39,2.92
2022-04-19,102.55999755859375,1959.0,4.714000225067139,94.99847412109375,33.494789123535156,4462.2099609375,2.61,2.91,2.93,0.32,2.93
2022-04-20,102.75,1955.5999755859375,4.649499893188477,95.51376342773438,33.76742935180664,4459.4501953125,2.6,2.87,2.85,0.25,2.92
2022-04-21,103.79000091552734,1948.199951171875,4.703499794006348,94.53942108154297,33.20895767211914,4393.66015625,2.68,2.96,2.9,0.22,3.02
2022-04-22,102.06999969482422,1934.300048828125,4.582499980926514,92.21598815917969,32.65049362182617,4271.77978515625,2.72,2.94,2.9,0.18,2.98
2022-04-25,98.54000091552734,1896.0,4.448999881744385,92.21598815917969,32.42622756958008,4296.1201171875,2.63,2.84,2.81,0.18,2.91
2022-04-26,101.69999694824219,1904.0999755859375,4.440000057220459,90.20171356201172,32.10082244873047,4175.2001953125,2.54,2.79,2.77,0.23,2.85
2022-04-27,102.0199966430664,1888.699951171875,4.454500198364258,90.53899383544922,31.94691276550293,4183.9599609375,2.58,2.81,2.82,0.24,2.88
2022-04-28,105.36000061035156,1891.300048828125,4.41349983215332,91.5602035522461,32.30310821533203,4287.5,2.63,2.86,2.85,0.22,2.97
2022-04-29,104.69000244140625,1911.699951171875,4.394999980926514,89.1336669921875,31.335676193237305,4131.93017578125,2.7,2.92,2.89,0.19,2.88
2022-05-02,105.16999816894531,1863.5999755859375,4.255499839782715,89.32105255126953,31.01466941833496,4155.3798828125,2.73,3.01,2.99,0.26,2.81
2022-05-03,102.41000366210938,1870.5999755859375,4.270999908447266,89.9112777709961,31.133399963378906,4175.47998046875,2.78,3.01,2.97,0.19,2.83
2022-05-04,107.80999755859375,1868.800048828125,4.328499794006348,92.5157699584961,31.828187942504883,4300.169921875,2.66,2.93,2.93,0.27,2.86
2022-05-05,108.26000213623047,1875.699951171875,4.284999847412109,90.09867858886719,31.502782821655273,4146.8701171875,2.71,3.01,3.05,0.34,2.87
2022-05-06,109.7699966430664,1882.800048828125,4.261499881744385,89.48969268798828,31.75343894958496,4123.33984375,2.72,3.06,3.12,0.4,2.86
2022-05-09,103.08999633789062,1858.5999755859375,4.192999839782715,87.32553100585938,31.515975952148438,3991.239990234375,2.61,2.95,3.05,0.44,2.75
2022-05-10,99.76000213623047,1841.0,4.1545000076293945,86.75403594970703,31.133399963378906,4001.050048828125,2.62,2.91,2.99,0.37,2.65
2022-05-11,105.70999908447266,1853.699951171875,4.212500095367432,85.96707916259766,31.357664108276367,3935.179931640625,2.66,2.89,2.91,0.25,2.7
2022-05-12,106.12999725341797,1824.5999755859375,4.105000019073486,86.1263427734375,31.041051864624023,3930.080078125,2.56,2.81,2.84,0.28,2.59
2022-05-13,110.48999786376953,1808.199951171875,4.180500030517578,87.22248840332031,31.41043472290039,4023.889892578125,2.61,2.89,2.93,0.32,2.69
2022-05-16,114.19999694824219,1814.0,4.196499824523926,87.10069274902344,31.507179260253906,4008.010009765625,2.58,2.83,2.88,0.3,2.68
2022-05-17,112.4000015258789,1818.9000244140625,4.239500045776367,89.07746124267578,31.832582473754883,4088.85009765625,2.71,2.96,2.98,0.27,2.71
2022-05-18,109.58999633789062,1815.9000244140625,4.182000160217285,85.7609634399414,31.524770736694336,3923.679931640625,2.68,2.89,2.89,0.21,2.72
2022-05-19,112.20999908447266,1841.199951171875,4.284999847412109,84.99271392822266,31.458803176879883,3900.7900390625,2.63,2.84,2.84,0.21,2.59
2022-05-20,113.2300033569336,1842.0999755859375,4.281000137329102,84.0746078491211,31.546751022338867,3901.360107421875,2.6,2.8,2.78,0.18,2.55
2022-05-23,110.29000091552734,1847.800048828125,4.347499847412109,85.45179748535156,31.924928665161133,3973.75,2.65,2.88,2.86,0.21,2.6
2022-05-24,109.7699966430664,1865.4000244140625,4.325500011444092,85.40495300292969,32.56254196166992,3941.47998046875,2.5,2.76,2.76,0.26,2.55
2022-05-25,110.33000183105469,1846.300048828125,4.2769999504089355,85.9015121459961,32.540557861328125,3978.72998046875,2.48,2.71,2.75,0.27,2.56
2022-05-26,114.08999633789062,1847.5999755859375,4.255000114440918,87.64405822753906,32.632896423339844,4057.840087890625,2.46,2.7,2.75,0.29,2.62
2022-05-27,115.06999969482422,1851.300048828125,4.303999900817871,89.44284057617188,33.143001556396484,4158.240234375,2.47,2.71,2.74,0.27,2.63
2022-05-30,115.06999969482422,1851.300048828125,4.303999900817871,89.44284057617188,33.143001556396484,4158.240234375,2.47,2.71,2.74,0.27,2.63
2022-05-31,114.66999816894531,1842.699951171875,4.295000076293945,88.72145080566406,32.6856689453125,4132.14990234375,2.53,2.81,2.85,0.32,2.64
2022-06-01,115.26000213623047,1848.699951171875,4.329999923706055,88.17809295654297,32.632896423339844,4101.22998046875,2.66,2.94,2.94,0.28,2.65
2022-06-02,116.87000274658203,1871.4000244140625,4.553999900817871,89.86442565917969,32.8527717590332,4176.81982421875,2.65,2.92,2.92,0.27,2.66
2022-06-03,118.87000274658203,1850.199951171875,4.477499961853027,89.51778411865234,32.69446563720703,4108.5400390625,2.66,2.95,2.96,0.3,2.74
2022-06-06,118.5,1843.699951171875,4.439499855041504,89.89253997802734,32.83958435058594,4121.43017578125,2.73,3.03,3.04,0.31,2.76
2022-06-07,119.41000366210938,1852.0999755859375,4.439499855041504,91.10110473632812,33.03746795654297,4160.68017578125,2.75,2.99,2.98,0.23,2.73
2022-06-08,122.11000061035156,1856.5,4.458499908447266,89.45221710205078,32.39104461669922,4115.77001953125,2.78,3.03,3.03,0.25,2.75
2022-06-09,121.51000213623047,1852.800048828125,4.388999938964844,87.69087982177734,31.61271095275879,4017.820068359375,2.83,3.07,3.04,0.21,2.75
2022-06-10,120.66999816894531,1875.5,4.301000118255615,85.10514068603516,31.3708553314209,3900.860107421875,3.06,3.25,3.15,0.09,2.76
2022-06-13,120.93000030517578,1831.800048828125,4.2164998054504395,82.54750061035156,29.92852020263672,3749.6298828125,3.4,3.56,3.43,0.03,2.74
2022-06-14,118.93000030517578,1813.5,4.161499977111816,82.34138488769531,29.17216682434082,3735.47998046875,3.45,3.61,3.49,0.04,2.6
2022-06-15,115.30999755859375,1819.5999755859375,4.167500019073486,83.1377182006836,29.361257553100586,3789.989990234375,3.2,3.38,3.33,0.13,2.7
2022-06-16,117.58999633789062,1849.9000244140625,4.111999988555908,80.36458587646484,28.793996810913086,3666.77001953125,3.14,3.35,3.28,0.14,2.62
2022-06-17,109.55999755859375,1840.5999755859375,4.017499923706055,80.15847778320312,28.525760650634766,3674.840087890625,3.17,3.34,3.25,0.08,2.58
2022-06-20,109.55999755859375,1840.5999755859375,4.017499923706055,80.15847778320312,28.525760650634766,3674.840087890625,3.17,3.34,3.25,0.08,2.58
2022-06-21,110.6500015258789,1838.800048828125,4.043000221252441,81.62076568603516,29.06875228881836,3764.7900390625,3.21,3.38,3.31,0.1,2.61
2022-06-22,106.19000244140625,1838.4000244140625,3.9514999389648438,81.16909790039062,29.374591827392578,3759.889892578125,3.06,3.22,3.16,0.1,2.54
2022-06-23,104.2699966430664,1829.800048828125,3.758500099182129,80.75505065917969,30.066068649291992,3795.72998046875,3.01,3.14,3.09,0.08,2.5
2022-06-24,107.62000274658203,1830.300048828125,3.759999990463257,83.5780258178711,30.589115142822266,3911.739990234375,3.04,3.18,3.13,0.09,2.56
2022-06-27,109.56999969482422,1824.800048828125,3.7790000438690186,83.38040924072266,30.837337493896484,3900.110107421875,3.08,3.24,3.2,0.12,2.55
2022-06-28,111.76000213623047,1821.199951171875,3.7839999198913574,82.41119384765625,30.722087860107422,3821.550048828125,3.1,3.25,3.2,0.1,2.48
2022-06-29,109.77999877929688,1817.5,3.7790000438690186,81.9312973022461,30.7442569732666,3818.830078125,3.06,3.15,3.1,0.04,2.36
2022-06-30,105.76000213623047,1807.300048828125,3.7144999504089355,82.18535614013672,31.0855712890625,3785.3798828125,2.92,3.01,2.98,0.06,2.33
2022-07-01,108.43000030517578,1801.5,3.61899995803833,82.9005126953125,31.847957611083984,3825.330078125,2.84,2.88,2.88,0.04,2.34
2022-07-04,108.43000030517578,1801.5,3.61899995803833,82.9005126953125,31.847957611083984,3825.330078125,2.84,2.88,2.88,0.04,2.34
2022-07-05,99.5,1763.9000244140625,3.424999952316284,81.65840911865234,30.761985778808594,3831.389892578125,2.82,2.82,2.82,0.0,2.3
2022-07-06,98.52999877929688,1736.5,3.4179999828338623,82.12890625,31.081125259399414,3845.080078125,2.97,2.96,2.93,-0.04,2.29
2022-07-07,102.7300033569336,1739.699951171875,3.5820000171661377,83.0981216430664,31.05010414123535,3902.6201171875,3.03,3.05,3.01,-0.02,2.33
2022-07-08,104.79000091552734,1742.300048828125,3.5320000648498535,82.72172546386719,30.948156356811523,3899.3798828125,3.12,3.13,3.09,-0.03,2.37
2022-07-11,104.08999633789062,1731.699951171875,3.4375,82.16654205322266,31.1431884765625,3854.429931640625,3.07,3.05,2.99,-0.08,2.32
2022-07-12,95.83999633789062,1724.800048828125,3.2964999675750732,81.91248321533203,30.99247932434082,3818.800048828125,3.03,3.01,2.96,-0.07,2.32
2022-07-13,96.30000305175781,1735.5,3.325500011444092,80.9150390625,30.863933563232422,3801.780029296875,3.13,3.02,2.91,-0.22,2.31
2022-07-14,95.77999877929688,1705.800048828125,3.2105000019073486,80.4539566040039,30.863933563232422,3790.3798828125,3.15,3.06,2.96,-0.19,2.34
2022-07-15,97.58999633789062,1703.5999755859375,3.234499931335449,81.7148666381836,30.92156410217285,3863.159912109375,3.13,3.05,2.93,-0.2,2.36
2022-07-18,102.5999984741211,1710.199951171875,3.3480000495910645,81.22555541992188,30.49159812927246,3830.85009765625,3.15,3.06,2.96,-0.19,2.37
2022-07-19,104.22000122070312,1710.699951171875,3.2915000915527344,84.123779296875,30.686634063720703,3936.68994140625,3.23,3.14,3.01,-0.22,2.39
2022-07-20,102.26000213623047,1700.199951171875,3.3294999599456787,84.77304077148438,30.278837203979492,3959.89990234375,3.25,3.18,3.04,-0.21,2.38
2022-07-21,96.3499984741211,1713.4000244140625,3.302000045776367,85.38468933105469,30.35862159729004,3998.949951171875,3.1,3.0,2.91,-0.19,2.33
2022-07-22,94.69999694824219,1727.4000244140625,3.3485000133514404,85.11182403564453,30.775287628173828,3961.6298828125,2.98,2.87,2.77,-0.21,2.34
2022-07-25,96.69999694824219,1719.0999755859375,3.3510000705718994,85.51644134521484,31.160913467407227,3966.840087890625,3.0,2.89,2.81,-0.19,2.36
2022-07-26,94.9800033569336,1717.699951171875,3.382499933242798,85.05534362792969,31.347084045410156,3921.050048828125,3.02,2.89,2.81,-0.21,2.36
2022-07-27,97.26000213623047,1719.0999755859375,3.429500102996826,86.37274932861328,31.373680114746094,4023.610107421875,2.96,2.82,2.78,-0.18,2.42
2022-07-28,96.41999816894531,1750.300048828125,3.4749999046325684,88.17940521240234,32.499549865722656,4072.429931640625,2.85,2.69,2.68,-0.17,2.48
2022-07-29,98.62000274658203,1762.9000244140625,3.5840001106262207,89.99549865722656,32.7787971496582,4130.2900390625,2.89,2.7,2.67,-0.22,2.53
2022-08-01,93.88999938964844,1787.699951171875,3.552000045776367,90.08960723876953,32.81427001953125,4118.6298828125,2.9,2.66,2.6,-0.3,2.51
2022-08-02,94.41999816894531,1789.699951171875,3.5244998931884766,89.13920593261719,32.747772216796875,4091.18994140625,3.06,2.85,2.75,-0.31,2.48
2022-08-03,90.66000366210938,1776.4000244140625,3.4695000648498535,89.9766845703125,32.9516716003418,4155.169921875,3.1,2.86,2.73,-0.37,2.5
2022-08-04,88.54000091552734,1806.9000244140625,3.4830000400543213,90.3060302734375,33.02259063720703,4151.93994140625,3.03,2.76,2.68,-0.35,2.46
2022-08-05,89.01000213623047,1791.199951171875,3.552999973297119,90.44718933105469,32.90290832519531,4145.18994140625,3.24,2.97,2.83,-0.41,2.46
2022-08-08,90.76000213623047,1805.199951171875,3.5875000953674316,90.4189453125,32.9516716003418,4140.06005859375,3.21,2.91,2.77,-0.44,2.48
2022-08-09,90.5,1812.300048828125,3.5924999713897705,90.08960723876953,33.319576263427734,4122.47021484375,3.28,2.97,2.8,-0.48,2.47
2022-08-10,91.93000030517578,1813.699951171875,3.6554999351501465,92.06568145751953,33.46585464477539,4210.240234375,3.23,2.93,2.78,-0.45,2.43
2022-08-11,94.33999633789062,1807.199951171875,3.7105000019073486,92.55496215820312,33.4614143371582,4207.27001953125,3.23,2.98,2.87,-0.36,2.47
2022-08-12,92.08999633789062,1815.5,3.6760001182556152,93.94761657714844,34.006622314453125,4280.14990234375,3.25,2.97,2.84,-0.41,2.47
2022-08-15,89.41000366210938,1798.0999755859375,3.628999948501587,94.17347717285156,34.29030990600586,4297.14013671875,3.2,2.91,2.79,-0.41,2.44
2022-08-16,86.52999877929688,1789.699951171875,3.6364998817443848,94.59691619873047,34.387821197509766,4305.2001953125,3.25,2.95,2.82,-0.43,2.44
2022-08-17,88.11000061035156,1776.699951171875,3.5980000495910645,93.84412384033203,34.330196380615234,4274.0400390625,3.28,3.04,2.89,-0.39,2.46
2022-08-18,90.5,1771.199951171875,3.6465001106262207,94.22052001953125,34.45873260498047,4283.740234375,3.22,3.02,2.88,-0.34,2.52
2022-08-19,90.7699966430664,1762.9000244140625,3.683500051498413,93.00665283203125,34.44100570678711,4228.47998046875,3.25,3.11,2.98,-0.27,2.55
2022-08-22,90.2300033569336,1748.4000244140625,3.6705000400543213,91.23762512207031,33.971160888671875,4137.990234375,3.32,3.17,3.03,-0.29,2.57
2022-08-23,93.73999786376953,1761.199951171875,3.7044999599456787,91.40697479248047,33.76726150512695,4128.72998046875,3.29,3.18,3.05,-0.24,2.58
2022-08-24,94.88999938964844,1761.5,3.6605000495910645,91.70808410644531,33.87364959716797,4140.77001953125,3.36,3.2,3.11,-0.25,2.62
2022-08-25,92.5199966430664,1771.4000244140625,3.7105000019073486,93.11016082763672,34.081974029541016,4199.1201171875,3.35,3.15,3.03,-0.32,2.6
2022-08-26,93.05999755859375,1749.800048828125,3.7114999294281006,89.88258361816406,33.558929443359375,4057.659912109375,3.37,3.2,3.04,-0.33,2.57
2022-08-29,97.01000213623047,1749.699951171875,3.626499891281128,89.47796630859375,33.660884857177734,4030.610107421875,3.42,3.27,3.12,-0.3,2.58
2022-08-30,91.63999938964844,1736.300048828125,3.5450000762939453,88.1888198852539,33.16886520385742,3986.159912109375,3.46,3.27,3.11,-0.35,2.55
2022-08-31,89.55000305175781,1726.199951171875,3.5185000896453857,87.44544982910156,32.9516716003418,3955.0,3.45,3.3,3.15,-0.3,2.48
2022-09-01,86.61000061035156,1709.300048828125,3.4144999980926514,87.5677719116211,33.425960540771484,3966.85009765625,3.51,3.39,3.26,-0.25,2.45
2022-09-02,86.87000274658203,1722.5999755859375,3.4214999675750732,86.72090911865234,33.06692123413086,3924.260009765625,3.4,3.3,3.2,-0.2,2.47
2022-09-05,86.87000274658203,1722.5999755859375,3.4214999675750732,86.72090911865234,33.06692123413086,3924.260009765625,3.4,3.3,3.2,-0.2,2.47
2022-09-06,86.87999725341797,1712.9000244140625,3.4690001010894775,86.86204528808594,33.15114212036133,3908.18994140625,3.5,3.43,3.33,-0.17,2.48
2022-09-07,81.94000244140625,1727.800048828125,3.437999963760376,88.25469970703125,34.18836212158203,3979.8701171875,3.45,3.37,3.27,-0.18,2.45
2022-09-08,83.54000091552734,1720.199951171875,3.5360000133514404,88.5181655883789,34.16176223754883,4006.179931640625,3.48,3.39,3.29,-0.19,2.41
2022-09-09,86.79000091552734,1728.5999755859375,3.5810000896453857,89.66616821289062,34.299163818359375,4067.360107421875,3.56,3.45,3.33,-0.23,2.42
2022-09-12,87.77999877929688,1740.5999755859375,3.625499963760376,90.2025375366211,34.62717819213867,4110.41015625,3.58,3.47,3.37,-0.21,2.42
2022-09-13,87.30999755859375,1717.4000244140625,3.5810000896453857,86.80557250976562,33.70520782470703,3932.68994140625,3.75,3.58,3.42,-0.33,2.44
2022-09-14,88.4800033569336,1709.0999755859375,3.5455000400543213,86.6362075805664,33.980018615722656,3946.010009765625,3.78,3.6,3.41,-0.37,2.46
2022-09-15,85.0999984741211,1677.300048828125,3.5234999656677246,85.73285675048828,33.13340377807617,3901.35009765625,3.87,3.66,3.45,-0.42,2.43
2022-09-16,85.11000061035156,1683.5,3.561000108718872,83.94498443603516,33.00929641723633,3873.330078125,3.85,3.62,3.45,-0.4,2.38
2022-09-19,85.7300033569336,1678.199951171875,3.557499885559082,85.08430480957031,33.45153045654297,3899.889892578125,3.95,3.69,3.49,-0.46,2.34
2022-09-20,84.44999694824219,1671.0999755859375,3.5480000972747803,84.0253677368164,32.96511459350586,3855.929931640625,3.96,3.75,3.57,-0.39,2.4
2022-09-21,82.94000244140625,1675.699951171875,3.51200008392334,82.90968322753906,32.51438903808594,3789.929931640625,4.02,3.74,3.51,-0.51,2.38
2022-09-22,83.48999786376953,1681.0999755859375,3.498500108718872,81.66165924072266,32.398372650146484,3757.989990234375,4.11,3.91,3.7,-0.41,2.41
2022-09-23,78.73999786376953,1655.5999755859375,3.371500015258789,80.12995910644531,32.02351379394531,3693.22998046875,4.2,3.96,3.69,-0.51,2.37
2022-09-26,76.70999908447266,1633.4000244140625,3.313499927520752,79.2884750366211,31.251483917236328,3655.0400390625,4.27,4.15,3.88,-0.39,2.32
2022-09-27,78.5,1636.199951171875,3.322999954223633,79.02374267578125,30.724897384643555,3647.2900390625,4.3,4.21,3.97,-0.33,2.33
2022-09-28,82.1500015258789,1670.0,3.381999969482422,80.76343536376953,31.05513572692871,3719.0400390625,4.07,3.92,3.72,-0.35,2.33
2022-09-29,81.2300033569336,1668.5999755859375,3.440000057220459,79.36412048339844,29.810068130493164,3640.469970703125,4.16,3.98,3.76,-0.4,2.19
2022-09-30,79.48999786376953,1672.0,3.441999912261963,78.32408142089844,29.23439598083496,3585.6201171875,4.22,4.06,3.83,-0.39,2.15
2022-10-03,83.62999725341797,1702.0,3.4579999446868896,80.68779754638672,30.091211318969727,3678.429931640625,4.12,3.9,3.67,-0.45,2.24
2022-10-04,86.5199966430664,1730.5,3.5179998874664307,83.49589538574219,30.729358673095703,3790.929931640625,4.1,3.84,3.62,-0.48,2.24
2022-10-05,87.76000213623047,1720.800048828125,3.5325000286102295,83.04206085205078,30.046585083007812,3783.280029296875,4.15,3.96,3.76,-0.39,2.22
2022-10-06,88.44999694824219,1720.800048828125,3.4749999046325684,82.08711242675781,29.055891036987305,3744.52001953125,4.23,4.05,3.83,-0.4,2.22
2022-10-07,92.63999938964844,1709.300048828125,3.4124999046325684,80.51761627197266,28.453441619873047,3639.659912109375,4.3,4.14,3.89,-0.41,2.27
2022-10-10,91.12999725341797,1675.199951171875,3.4535000324249268,80.80123138427734,28.502527236938477,3612.389892578125,4.3,4.14,3.89,-0.41,2.27
2022-10-11,89.3499984741211,1686.0,3.4779999256134033,80.78234100341797,28.39988899230957,3588.840087890625,4.3,4.14,3.93,-0.37,2.31
2022-10-12,87.2699966430664,1677.5,3.444499969482422,80.14885711669922,27.45382308959961,3577.030029296875,4.28,4.12,3.91,-0.37,2.29
2022-10-13,89.11000061035156,1677.0,3.4674999713897705,81.91692352294922,28.141063690185547,3669.909912109375,4.47,4.21,3.97,-0.5,2.34
2022-10-14,85.61000061035156,1648.9000244140625,3.450500011444092,80.12049865722656,27.734968185424805,3583.070068359375,4.48,4.25,4.0,-0.48,2.41
2022-10-17,85.45999908447266,1664.0,3.4554998874664307,81.86964416503906,28.315099716186523,3677.949951171875,4.45,4.24,4.02,-0.43,2.45
2022-10-18,82.81999969482422,1655.800048828125,3.4065001010894775,83.8457260131836,28.832759857177734,3719.97998046875,4.43,4.21,4.01,-0.42,2.41
2022-10-19,85.55000305175781,1634.199951171875,3.3605000972747803,83.25007629394531,28.45790672302246,3695.159912109375,4.55,4.35,4.14,-0.41,2.42
2022-10-20,85.9800033569336,1636.800048828125,3.4509999752044678,81.61436462402344,27.739431381225586,3665.780029296875,4.62,4.45,4.24,-0.38,2.51
2022-10-21,85.05000305175781,1656.300048828125,3.5230000019073486,83.85518646240234,28.25262451171875,3752.75,4.49,4.34,4.21,-0.28,2.52
2022-10-24,84.58000183105469,1654.0999755859375,3.4795000553131104,84.97084045410156,28.489139556884766,3797.340087890625,4.5,4.36,4.25,-0.25,2.59
2022-10-25,85.31999969482422,1658.0,3.450500011444092,86.11488342285156,29.06035804748535,3859.110107421875,4.42,4.25,4.1,-0.32,2.51
2022-10-26,87.91000366210938,1669.199951171875,3.629499912261963,86.41744232177734,29.046966552734375,3830.60009765625,4.39,4.2,4.04,-0.35,2.44
2022-10-27,89.08000183105469,1665.5999755859375,3.625499963760376,87.42911529541016,29.279020309448242,3807.300048828125,4.3,4.09,3.96,-0.34,2.45
2022-10-28,87.9000015258789,1644.800048828125,3.4660000801086426,89.46190643310547,30.08228874206543,3901.06005859375,4.41,4.19,4.02,-0.39,2.51
2022-10-31,86.52999877929688,1640.699951171875,3.4135000705718994,89.20661926269531,29.801143646240234,3871.97998046875,4.51,4.27,4.1,-0.41,2.52
2022-11-01,88.37000274658203,1649.699951171875,3.509500026702881,89.12152862548828,29.91716766357422,3856.10009765625,4.54,4.27,4.07,-0.47,2.51
2022-11-02,90.0,1650.0,3.505500078201294,87.55203247070312,29.627099990844727,3759.68994140625,4.61,4.3,4.1,-0.51,2.53
2022-11-03,88.16999816894531,1630.9000244140625,3.4565000534057617,88.46915435791016,29.756515502929688,3719.889892578125,4.71,4.36,4.14,-0.57,2.4
2022-11-04,92.61000061035156,1676.5999755859375,3.7144999504089355,89.88737487792969,29.93948745727539,3770.550048828125,4.66,4.33,4.17,-0.49,2.48
2022-11-07,91.79000091552734,1680.5,3.629499912261963,90.85176849365234,29.368274688720703,3806.800048828125,4.72,4.39,4.22,-0.5,2.53
2022-11-08,88.91000366210938,1716.0,3.7054998874664307,91.64598846435547,29.573549270629883,3828.110107421875,4.67,4.31,4.14,-0.53,2.5
2022-11-09,85.83000183105469,1713.699951171875,3.741499900817871,90.36956024169922,29.34149742126465,3748.570068359375,4.61,4.27,4.12,-0.49,2.42
2022-11-10,86.47000122070312,1753.699951171875,3.7960000038146973,94.16097259521484,30.724897384643555,3956.3701171875,4.34,3.95,3.82,-0.52,2.39
2022-11-11,88.95999908447266,1769.4000244140625,3.9509999752044678,94.10424041748047,30.381275177001953,3992.929931640625,4.34,3.95,3.82,-0.52,2.39
2022-11-14,85.87000274658203,1776.9000244140625,3.8550000190734863,93.52749633789062,30.019805908203125,3957.25,4.4,4.0,3.88,-0.52,2.37
2022-11-15,86.91999816894531,1776.800048828125,3.8394999504089355,94.1704330444336,30.35004425048828,3991.72998046875,4.37,3.93,3.8,-0.57,2.35
2022-11-16,85.58999633789062,1775.800048828125,3.7880001068115234,93.48966979980469,30.622257232666016,3958.7900390625,4.35,3.83,3.67,-0.68,2.29
2022-11-17,81.63999938964844,1763.0,3.689500093460083,93.32894897460938,30.086740493774414,3946.56005859375,4.43,3.93,3.77,-0.66,2.28
2022-11-18,80.08000183105469,1754.4000244140625,3.631999969482422,94.01914978027344,30.724897384643555,3965.340087890625,4.51,3.99,3.82,-0.69,2.25
2022-11-21,79.7300033569336,1739.5999755859375,3.571500062942505,94.32169342041016,30.863243103027344,3949.93994140625,4.48,3.97,3.83,-0.65,2.31
2022-11-22,80.94999694824219,1739.9000244140625,3.614500045776367,95.04973602294922,31.12653160095215,4003.580078125,4.47,3.93,3.76,-0.71,2.32
2022-11-23,77.94000244140625,1745.5999755859375,3.617500066757202,95.40901947021484,31.474611282348633,4027.260009765625,4.46,3.88,3.71,-0.75,2.32
2022-11-24,77.94000244140625,1745.5999755859375,3.617500066757202,95.40901947021484,31.474611282348633,4027.260009765625,4.46,3.88,3.71,-0.75,2.32
2022-11-25,76.27999877929688,1754.0,3.626499891281128,95.77774810791016,31.657573699951172,4026.1201171875,4.42,3.85,3.68,-0.74,2.32
2022-11-28,77.23999786376953,1740.300048828125,3.6105000972747803,94.03807067871094,31.331811904907227,3963.93994140625,4.46,3.88,3.69,-0.77,2.26
2022-11-29,78.19999694824219,1748.4000244140625,3.630000114440918,94.61479949951172,31.099761962890625,3957.6298828125,4.48,3.92,3.75,-0.73,2.25
2022-11-30,80.55000305175781,1746.0,3.7295000553131104,96.17484283447266,31.876243591308594,4080.110107421875,4.38,3.82,3.68,-0.7,2.34
2022-12-01,81.22000122070312,1815.199951171875,3.813999891281128,96.20321655273438,31.849472045898438,4076.570068359375,4.25,3.68,3.53,-0.72,2.36
2022-12-02,79.9800033569336,1809.5999755859375,3.8480000495910645,96.7516098022461,31.69774055480957,4071.699951171875,4.28,3.67,3.51,-0.77,2.43
2022-12-05,76.93000030517578,1781.300048828125,3.7894999980926514,95.13481140136719,31.51923370361328,3998.840087890625,4.41,3.8,3.6,-0.81,2.39
2022-12-06,74.25,1782.4000244140625,3.811500072479248,94.00968933105469,31.715591430664062,3941.260009765625,4.34,3.73,3.51,-0.83,2.31
2022-12-07,72.01000213623047,1798.0,3.8554999828338623,93.88679504394531,31.568328857421875,3933.919921875,4.26,3.62,3.42,-0.84,2.26
2022-12-08,71.45999908447266,1801.5,3.880500078201294,94.44461059570312,31.77360725402832,3963.510009765625,4.31,3.71,3.48,-0.83,2.28
2022-12-09,71.0199966430664,1810.699951171875,3.875999927520752,93.6693115234375,31.608497619628906,3934.3798828125,4.33,3.75,3.57,-0.76,2.26
2022-12-12,73.16999816894531,1792.300048828125,3.7985000610351562,95.27664184570312,32.3314208984375,3990.56005859375,4.39,3.8,3.61,-0.78,2.28
2022-12-13,75.38999938964844,1825.5,3.8394999504089355,95.63594055175781,32.42959976196289,4019.64990234375,4.22,3.66,3.51,-0.71,2.24
2022-12-14,77.27999877929688,1818.699951171875,3.875,95.45628356933594,32.389442443847656,3995.320068359375,4.23,3.64,3.49,-0.74,2.19
2022-12-15,76.11000061035156,1787.800048828125,3.763000011444092,93.14929962158203,31.99673843383789,3895.75,4.23,3.62,3.44,-0.79,2.16
2022-12-16,74.29000091552734,1800.199951171875,3.7614998817443848,92.752197265625,31.45230484008789,3852.360107421875,4.17,3.61,3.48,-0.69,2.13
2022-12-19,75.19000244140625,1797.699951171875,3.7829999923706055,92.26390075683594,31.327219009399414,3817.659912109375,4.25,3.7,3.57,-0.68,2.15
2022-12-20,76.08999633789062,1825.4000244140625,3.797499895095825,92.37789154052734,31.336227416992188,3821.6201171875,4.25,3.79,3.69,-0.56,2.24
2022-12-21,78.29000091552734,1825.4000244140625,3.805999994277954,94.11639404296875,31.772628784179688,3878.43994140625,4.21,3.78,3.68,-0.53,2.27
2022-12-22,77.48999786376953,1795.300048828125,3.751499891281128,92.91939544677734,31.57917594909668,3822.389892578125,4.24,3.79,3.67,-0.57,2.19
2022-12-23,79.55999755859375,1804.199951171875,3.802999973297119,93.47039794921875,31.90311050415039,3844.820068359375,4.31,3.86,3.75,-0.56,2.2
2022-12-26,79.55999755859375,1804.199951171875,3.802999973297119,93.47039794921875,31.90311050415039,3844.820068359375,4.31,3.86,3.75,-0.56,2.2
2022-12-27,79.52999877929688,1823.0999755859375,3.8334999084472656,93.7553939819336,32.10106658935547,3829.25,4.32,3.94,3.84,-0.48,2.26
2022-12-28,78.95999908447266,1815.800048828125,3.8320000171661377,92.52989196777344,31.795127868652344,3783.219970703125,4.31,3.97,3.88,-0.43,2.28
2022-12-29,78.4000015258789,1826.0,3.821000099182129,93.6698989868164,32.02458572387695,3849.280029296875,4.34,3.94,3.83,-0.51,2.27
2022-12-30,80.26000213623047,1826.199951171875,3.805500030517578,93.29938507080078,31.718643188476562,3839.5,4.41,3.99,3.88,-0.53,2.3
2023-01-02,80.26000213623047,1826.199951171875,3.805500030517578,93.29938507080078,31.718643188476562,3839.5,4.41,3.99,3.88,-0.53,2.3
2023-01-03,76.93000030517578,1846.0999755859375,3.7660000324249268,93.4989013671875,31.718643188476562,3824.139892578125,4.4,3.94,3.79,-0.61,2.26
2023-01-04,72.83999633789062,1859.0,3.739500045776367,94.32540893554688,32.006587982177734,3852.969970703125,4.36,3.85,3.69,-0.67,2.22
2023-01-05,73.66999816894531,1840.5999755859375,3.818000078201294,93.30889892578125,31.313732147216797,3808.10009765625,4.45,3.9,3.71,-0.74,2.22
2023-01-06,73.7699966430664,1869.699951171875,3.9084999561309814,95.8644027709961,31.94361114501953,3895.080078125,4.24,3.69,3.55,-0.69,2.21
2023-01-09,74.62999725341797,1877.800048828125,4.018499851226807,95.4368896484375,32.15956115722656,3892.090087890625,4.19,3.66,3.53,-0.66,2.22
2023-01-10,75.12000274658203,1876.5,4.066999912261963,95.95941162109375,32.168556213378906,3919.25,4.24,3.72,3.61,-0.63,2.24
2023-01-11,77.41000366210938,1878.9000244140625,4.1545000076293945,96.88088989257812,32.42950439453125,3969.610107421875,4.2,3.66,3.54,-0.66,2.23
2023-01-12,78.38999938964844,1898.800048828125,4.185999870300293,97.45088958740234,32.209049224853516,3983.169921875,4.12,3.53,3.43,-0.69,2.21
2023-01-13,79.86000061035156,1921.699951171875,4.207499980926514,97.3368911743164,32.09207534790039,3999.090087890625,4.22,3.6,3.49,-0.73,2.18
2023-01-16,79.86000061035156,1921.699951171875,4.207499980926514,97.3368911743164,32.09207534790039,3999.090087890625,4.22,3.6,3.49,-0.73,2.18
2023-01-17,80.18000030517578,1909.9000244140625,4.215000152587891,96.51040649414062,32.04707336425781,3990.969970703125,4.18,3.6,3.53,-0.65,2.17
2023-01-18,79.4800033569336,1907.0,4.228499889373779,94.69589233398438,31.277734756469727,3928.860107421875,4.06,3.43,3.37,-0.69,2.12
2023-01-19,80.33000183105469,1923.9000244140625,4.226500034332275,92.7483901977539,30.962800979614258,3898.85009765625,4.09,3.48,3.39,-0.7,2.2
2023-01-20,81.30999755859375,1928.199951171875,4.248499870300293,94.0403823852539,31.147260665893555,3972.610107421875,4.14,3.56,3.48,-0.66,2.23
2023-01-23,81.62000274658203,1928.5999755859375,4.254000186920166,95.06639099121094,31.156259536743164,4019.81005859375,4.21,3.61,3.52,-0.69,2.28
2023-01-24,80.12999725341797,1935.4000244140625,4.245500087738037,95.69340515136719,31.313732147216797,4016.949951171875,4.12,3.58,3.46,-0.66,2.27
2023-01-25,80.1500015258789,1942.5999755859375,4.239999771118164,95.16139221191406,30.89081573486328,4016.219970703125,4.11,3.54,3.46,-0.65,2.29
2023-01-26,81.01000213623047,1930.0,4.267000198364258,95.68389892578125,30.994295120239258,4060.429931640625,4.17,3.58,3.49,-0.68,2.33
2023-01-27,79.68000030517578,1929.4000244140625,4.223999977111816,96.08290100097656,30.994295120239258,4070.56005859375,4.19,3.62,3.52,-0.67,2.33
2023-01-30,77.9000015258789,1922.9000244140625,4.203499794006348,95.14239501953125,30.854814529418945,4017.77001953125,4.25,3.68,3.55,-0.7,2.29
2023-01-31,78.87000274658203,1929.5,4.228499889373779,96.75739288330078,31.084272384643555,4076.60009765625,4.21,3.63,3.52,-0.69,2.24
2023-02-01,76.41000366210938,1942.800048828125,4.111000061035156,97.46037292480469,31.138254165649414,4119.2099609375,4.09,3.48,3.39,-0.7,2.25
2023-02-02,75.87999725341797,1930.800048828125,4.093999862670898,98.22039031982422,31.20574951171875,4179.759765625,4.09,3.49,3.4,-0.69,2.22
2023-02-03,73.38999938964844,1876.5999755859375,4.063000202178955,97.70738983154297,30.553380966186523,4136.47998046875,4.3,3.67,3.53,-0.77,2.22
2023-02-06,74.11000061035156,1879.5,4.043499946594238,97.46990203857422,30.81432342529297,4111.080078125,4.44,3.81,3.63,-0.81,2.25
2023-02-07,77.13999938964844,1884.800048828125,4.088500022888184,97.77388000488281,30.80082893371582,4164.0,4.47,3.85,3.67,-0.8,2.31
2023-02-08,78.47000122070312,1890.699951171875,4.043499946594238,97.22290802001953,30.283432006835938,4117.85986328125,4.45,3.82,3.63,-0.82,2.34
2023-02-09,78.05999755859375,1878.5,4.105500221252441,96.34888458251953,29.869516372680664,4081.5,4.48,3.87,3.67,-0.81,2.33
2023-02-10,79.72000122070312,1874.5,4.027500152587891,97.03288269042969,30.46339225769043,4090.4599609375,4.5,3.93,3.74,-0.76,2.33
2023-02-13,80.13999938964844,1863.5,4.086999893188477,97.91638946533203,30.64786148071289,4137.2900390625,4.52,3.93,3.72,-0.8,2.31
2023-02-14,79.05999755859375,1865.4000244140625,4.110000133514404,97.65039825439453,30.517383575439453,4136.1298828125,4.6,4.0,3.77,-0.83,2.31
2023-02-15,78.58999633789062,1845.300048828125,4.052000045776367,98.25838470458984,30.71534538269043,4147.60009765625,4.62,4.04,3.81,-0.81,2.35
2023-02-16,78.48999786376953,1851.800048828125,4.165500164031982,97.24189758300781,30.481395721435547,4090.409912109375,4.62,4.06,3.86,-0.76,2.37
2023-02-17,76.33999633789062,1850.199951171875,4.113999843597412,97.8783950805664,30.809833526611328,4079.090087890625,4.6,4.03,3.82,-0.78,2.36
2023-02-20,76.33999633789062,1850.199951171875,4.113999843597412,97.8783950805664,30.809833526611328,4079.090087890625,4.6,4.03,3.82,-0.78,2.36
2023-02-21,76.16000366210938,1842.5,4.234499931335449,95.63639831542969,30.233943939208984,3997.340087890625,4.67,4.16,3.95,-0.72,2.42
2023-02-22,73.94999694824219,1841.5,4.202499866485596,95.3989028930664,30.116966247558594,3991.050048828125,4.66,4.13,3.93,-0.73,2.41
2023-02-23,75.38999938964844,1826.800048828125,4.072999954223633,95.84539031982422,29.95949363708496,4012.320068359375,4.66,4.09,3.88,-0.78,2.39
2023-02-24,76.31999969482422,1817.0999755859375,3.9549999237060547,95.29439544677734,29.96849250793457,3970.0400390625,4.78,4.19,3.95,-0.83,2.38
2023-02-27,75.68000030517578,1824.9000244140625,4.008999824523926,96.139892578125,29.766040802001953,3982.239990234375,4.78,4.17,3.92,-0.86,2.36
2023-02-28,77.05000305175781,1836.699951171875,4.097499847412109,95.92138671875,29.244138717651367,3970.14990234375,4.81,4.18,3.92,-0.89,2.43
2023-03-01,77.69000244140625,1845.4000244140625,4.168000221252441,96.3013916015625,28.762733459472656,3951.389892578125,4.89,4.27,4.01,-0.88,2.44
2023-03-02,78.16000366210938,1840.5,4.084000110626221,97.431884765625,29.30712890625,3981.35009765625,4.89,4.32,4.08,-0.81,2.48
2023-03-03,79.68000030517578,1854.5999755859375,4.078000068664551,98.48638916015625,29.806529998779297,4045.639892578125,4.86,4.26,3.97,-0.89,2.52
2023-03-06,80.45999908447266,1854.5999755859375,4.100500106811523,98.30590057373047,29.95050048828125,4048.419921875,4.89,4.27,3.98,-0.91,2.49
2023-03-07,77.58000183105469,1820.0,3.9865000247955322,97.04238891601562,29.460098266601562,3986.3701171875,5.0,4.31,3.97,-1.03,2.38
2023-03-08,76.66000366210938,1818.5999755859375,4.041500091552734,97.27037811279297,29.685054779052734,3992.010009765625,5.05,4.34,3.98,-1.07,2.32
2023-03-09,75.72000122070312,1834.5999755859375,4.054500102996826,95.83589172363281,29.446596145629883,3918.320068359375,4.9,4.22,3.93,-0.97,2.3
2023-03-10,76.68000030517578,1867.199951171875,4.045499801635742,94.04988861083984,28.983192443847656,3861.590087890625,4.6,3.96,3.7,-0.9,2.26
2023-03-13,74.80000305175781,1916.5,4.069499969482422,93.51790618896484,29.428606033325195,3855.760009765625,4.03,3.68,3.55,-0.48,2.24
2023-03-14,71.33000183105469,1910.9000244140625,4.010499954223633,94.50590515136719,29.815523147583008,3919.2900390625,4.2,3.78,3.64,-0.56,2.31
2023-03-15,67.61000061035156,1931.300048828125,3.8564999103546143,92.17839813232422,30.220443725585938,3891.929931640625,3.93,3.59,3.51,-0.42,2.29
2023-03-16,68.3499984741211,1923.0,3.885499954223633,93.36589813232422,30.422908782958984,3960.280029296875,4.14,3.72,3.56,-0.58,2.22
2023-03-17,66.73999786376953,1973.5,3.9135000705718994,91.83641052246094,30.130462646484375,3916.639892578125,3.81,3.44,3.39,-0.42,2.1
2023-03-20,67.63999938964844,1982.800048828125,3.9755001068115234,93.0526123046875,30.36614418029785,3951.570068359375,3.92,3.56,3.47,-0.45,2.14
2023-03-21,69.33000183105469,1941.0999755859375,4.018499851226807,94.13052368164062,29.754287719726562,4002.8701171875,4.17,3.73,3.59,-0.58,2.23
2023-03-22,70.9000015258789,1949.5999755859375,4.06850004196167,92.32765197753906,29.169626235961914,3936.969970703125,3.96,3.54,3.48,-0.48,2.28
2023-03-23,69.95999908447266,1995.9000244140625,4.145999908447266,92.0605697631836,28.87049674987793,3948.719970703125,3.76,3.39,3.38,-0.38,2.19
2023-03-24,69.26000213623047,1983.800048828125,4.101500034332275,92.44213104248047,29.772411346435547,3970.989990234375,3.76,3.41,3.38,-0.38,2.22
2023-03-27,72.80999755859375,1953.800048828125,4.104499816894531,93.21479034423828,29.808671951293945,3977.530029296875,3.94,3.59,3.53,-0.41,2.24
2023-03-28,73.19999694824219,1973.5,4.111999988555908,93.69172668457031,29.890249252319336,3971.27001953125,4.02,3.63,3.55,-0.47,2.31
2023-03-29,72.97000122070312,1966.9000244140625,4.114999771118164,95.05581665039062,30.325353622436523,4027.81005859375,4.08,3.67,3.57,-0.51,2.33
2023-03-30,74.37000274658203,1980.300048828125,4.0904998779296875,95.2561264038086,30.456785202026367,4050.830078125,4.1,3.66,3.55,-0.55,2.34
2023-03-31,75.66999816894531,1969.0,4.104499816894531,96.51527404785156,30.67887306213379,4109.31005859375,4.06,3.6,3.48,-0.58,2.32
2023-04-03,80.41999816894531,2000.4000244140625,4.059500217437744,96.68695831298828,30.470382690429688,4124.509765625,3.97,3.52,3.43,-0.54,2.29
2023-04-04,80.70999908447266,2038.199951171875,3.9835000038146973,94.52162170410156,30.62447738647461,4100.60009765625,3.84,3.39,3.35,-0.49,2.25
2023-04-05,80.61000061035156,2035.5999755859375,3.997999906539917,93.29109191894531,31.41762924194336,4090.3798828125,3.79,3.36,3.3,-0.49,2.23
2023-04-06,80.69999694824219,2026.4000244140625,4.026000022888184,93.2624740600586,31.639699935913086,4105.02001953125,3.82,3.37,3.3,-0.52,2.24
2023-04-07,80.69999694824219,2026.4000244140625,4.026000022888184,93.2624740600586,31.639699935913086,4105.02001953125,3.97,3.49,3.39,-0.58,2.25
2023-04-10,79.73999786376953,2003.800048828125,3.9865000247955322,94.1114501953125,31.576257705688477,4109.10986328125,4.0,3.52,3.41,-0.59,2.27
2023-04-11,81.52999877929688,2019.0,4.024499893188477,94.67424011230469,31.603450775146484,4108.93994140625,4.03,3.54,3.43,-0.6,2.29
2023-04-12,83.26000213623047,2024.9000244140625,4.084499835968018,94.98902893066406,31.57172393798828,4091.949951171875,3.95,3.46,3.41,-0.54,2.27
2023-04-13,82.16000366210938,2055.300048828125,4.124000072479248,95.34197998046875,31.576257705688477,4146.22021484375,3.96,3.51,3.45,-0.51,2.29
2023-04-14,82.5199966430664,2015.800048828125,4.107500076293945,95.22750091552734,31.222742080688477,4137.64013671875,4.08,3.6,3.52,-0.56,2.3
2023-04-17,80.83000183105469,2007.0,4.065999984741211,95.98107147216797,31.394962310791016,4151.31982421875,4.18,3.69,3.6,-0.58,2.32
2023-04-18,80.86000061035156,2019.699951171875,4.0894999504089355,96.43896484375,31.231809616088867,4154.8701171875,4.19,3.69,3.58,-0.61,2.28
2023-04-19,79.16000366210938,2007.300048828125,4.072000026702881,96.36262512207031,31.472017288208008,4154.52001953125,4.24,3.71,3.6,-0.64,2.28
2023-04-20,77.29000091552734,2019.0999755859375,4.021999835968018,96.1909408569336,31.462947845458984,4129.7900390625,4.14,3.63,3.54,-0.6,2.26
2023-04-21,77.87000274658203,1990.5,3.9800000190734863,95.97154235839844,31.553592681884766,4133.52001953125,4.17,3.66,3.57,-0.6,2.28
2023-04-24,78.76000213623047,1999.800048828125,3.953000068664551,96.20046997070312,31.712221145629883,4137.0400390625,4.12,3.6,3.52,-0.6,2.28
2023-04-25,77.06999969482422,2004.5,3.8459999561309814,94.42621612548828,31.68049430847168,4071.6298828125,3.86,3.43,3.4,-0.46,2.25
2023-04-26,74.30000305175781,1996.0,3.8499999046325684,92.64244079589844,30.937210083007812,4055.989990234375,3.9,3.46,3.43,-0.47,2.25
2023-04-27,74.76000213623047,1999.0,3.864500045776367,94.47391510009766,31.30884552001953,4135.35009765625,4.07,3.6,3.53,-0.54,2.27
2023-04-28,76.77999877929688,1999.0999755859375,3.869999885559082,95.38965606689453,31.263538360595703,4169.47998046875,4.04,3.51,3.44,-0.6,2.18
2023-05-01,75.66000366210938,1992.199951171875,3.9170000553131104,95.90476989746094,31.317914962768555,4167.8701171875,4.14,3.64,3.59,-0.55,2.23
2023-05-02,71.66000366210938,2023.300048828125,3.8480000495910645,94.90316009521484,30.937210083007812,4119.580078125,3.97,3.46,3.44,-0.53,2.2
2023-05-03,68.5999984741211,2037.0,3.8315000534057617,94.54069519042969,30.851091384887695,4090.75,3.89,3.37,3.38,-0.51,2.2
2023-05-04,68.55999755859375,2055.699951171875,3.8499999046325684,93.51049041748047,31.086767196655273,4061.219970703125,3.75,3.29,3.37,-0.38,2.19
2023-05-05,71.33999633789062,2024.800048828125,3.871500015258789,94.92225646972656,31.28618812561035,4136.25,3.92,3.41,3.44,-0.48,2.21
2023-05-08,73.16000366210938,2033.199951171875,3.9179999828338623,94.57884979248047,31.191017150878906,4138.1201171875,4.0,3.49,3.52,-0.48,2.23
2023-05-09,73.70999908447266,2042.9000244140625,3.8889999389648438,94.78870391845703,31.150222778320312,4119.169921875,4.01,3.51,3.53,-0.48,2.23
2023-05-10,72.55999755859375,2037.0999755859375,3.828000068664551,94.44532012939453,31.435754776000977,4137.64013671875,3.9,3.37,3.43,-0.47,2.17
2023-05-11,70.87000274658203,2020.5,3.697499990463257,93.87297058105469,31.113964080810547,4130.6201171875,3.89,3.36,3.39,-0.5,2.16
2023-05-12,70.04000091552734,2019.800048828125,3.7165000438690186,93.93974304199219,31.28618812561035,4124.080078125,3.98,3.45,3.46,-0.52,2.18
2023-05-15,71.11000061035156,2022.699951171875,3.737499952316284,94.39762115478516,30.891883850097656,4136.27978515625,3.99,3.46,3.5,-0.49,2.19
2023-05-16,70.86000061035156,1993.0,3.6545000076293945,93.119384765625,30.2075138092041,4109.89990234375,4.06,3.52,3.54,-0.52,2.19
2023-05-17,72.83000183105469,1984.9000244140625,3.743000030517578,94.7219467163086,30.098737716674805,4158.77001953125,4.12,3.58,3.57,-0.55,2.22
2023-05-18,71.86000061035156,1959.800048828125,3.68149995803833,95.40874481201172,30.00809669494629,4198.0498046875,4.24,3.69,3.65,-0.59,2.23
2023-05-19,71.55000305175781,1981.5999755859375,3.7225000858306885,95.1798095703125,29.9627685546875,4191.97998046875,4.28,3.76,3.7,-0.58,2.24
2023-05-22,71.98999786376953,1977.199951171875,3.6740000247955322,95.16072845458984,29.97183609008789,4192.6298828125,4.29,3.77,3.72,-0.57,2.24
2023-05-23,72.91000366210938,1974.5,3.6414999961853027,94.01605224609375,29.867597579956055,4145.580078125,4.26,3.76,3.7,-0.56,2.26
2023-05-24,74.33999633789062,1964.5999755859375,3.553499937057495,92.80460357666016,29.672704696655273,4115.240234375,4.31,3.75,3.73,-0.58,2.25
2023-05-25,71.83000183105469,1943.699951171875,3.5804998874664307,93.10985565185547,29.27386474609375,4151.27978515625,4.5,3.9,3.83,-0.67,2.25
2023-05-26,72.66999816894531,1944.300048828125,3.6735000610351562,93.80619812011719,29.27386474609375,4205.4501953125,4.54,3.92,3.8,-0.74,2.23
2023-05-29,72.66999816894531,1944.300048828125,3.6735000610351562,93.80619812011719,29.27386474609375,4205.4501953125,4.54,3.92,3.8,-0.74,2.23
2023-05-30,69.45999908447266,1958.0,3.6579999923706055,93.6631088256836,29.160558700561523,4205.52001953125,4.46,3.81,3.69,-0.77,2.22
2023-05-31,68.08999633789062,1963.9000244140625,3.63100004196167,92.3848876953125,29.42796516418457,4179.830078125,4.4,3.74,3.64,-0.76,2.18
2023-06-01,70.0999984741211,1995.5,3.7065000534057617,93.5677261352539,29.210411071777344,4221.02001953125,4.33,3.7,3.61,-0.72,2.16
2023-06-02,71.73999786376953,1969.5999755859375,3.7225000858306885,96.28633117675781,29.514076232910156,4282.3701171875,4.5,3.84,3.69,-0.81,2.18
2023-06-05,72.1500015258789,1974.300048828125,3.762500047683716,95.61859130859375,29.654577255249023,4273.7900390625,4.46,3.82,3.69,-0.77,2.19
2023-06-06,71.73999786376953,1981.5,3.7669999599456787,96.21955108642578,29.631912231445312,4283.85009765625,4.51,3.85,3.7,-0.81,2.2
2023-06-07,72.52999877929688,1958.4000244140625,3.754499912261963,97.76485443115234,30.134994506835938,4267.52001953125,4.56,3.93,3.79,-0.77,2.21
2023-06-08,71.29000091552734,1978.5999755859375,3.7964999675750732,97.93656158447266,30.266429901123047,4293.93017578125,4.52,3.87,3.73,-0.79,2.2
2023-06-09,70.16999816894531,1977.199951171875,3.7890000343322754,97.67903900146484,30.089672088623047,4298.85986328125,4.59,3.92,3.75,-0.84,2.2
2023-06-12,67.12000274658203,1969.699951171875,3.750499963760376,98.37535858154297,30.035282135009766,4338.93017578125,4.55,3.89,3.73,-0.82,2.17
2023-06-13,69.41999816894531,1958.5999755859375,3.8285000324249268,99.52005004882812,30.030752182006836,4369.009765625,4.67,4.01,3.84,-0.83,2.2
2023-06-14,68.2699966430664,1968.9000244140625,3.865999937057495,99.2529525756836,30.01262664794922,4372.58984375,4.74,4.06,3.83,-0.91,2.21
2023-06-15,70.62000274658203,1970.699951171875,3.8965001106262207,100.75055694580078,30.338947296142578,4425.83984375,4.62,3.91,3.72,-0.9,2.21
2023-06-16,71.77999877929688,1971.199951171875,3.884500026702881,100.58839416503906,30.502105712890625,4409.58984375,4.7,3.99,3.77,-0.93,2.22
2023-06-19,71.77999877929688,1971.199951171875,3.884500026702881,100.58839416503906,30.502105712890625,4409.58984375,4.7,3.99,3.77,-0.93,2.22
2023-06-20,70.5,1947.699951171875,3.878499984741211,99.84138488769531,30.144378662109375,4388.7099609375,4.68,3.96,3.74,-0.94,2.22
2023-06-21,72.52999877929688,1944.9000244140625,3.9110000133514404,100.39686584472656,30.38652229309082,4365.68994140625,4.68,3.95,3.72,-0.96,2.21
2023-06-22,69.51000213623047,1923.699951171875,3.8884999752044678,99.66898345947266,30.153518676757812,4381.89013671875,4.77,4.03,3.8,-0.97,2.24
2023-06-23,69.16000366210938,1929.5999755859375,3.805999994277954,98.91240692138672,29.710351943969727,4348.330078125,4.71,3.99,3.74,-0.97,2.21
2023-06-26,69.37000274658203,1933.800048828125,3.7864999771118164,99.73602294921875,30.002748489379883,4328.81982421875,4.65,3.96,3.72,-0.93,2.18
2023-06-27,67.69999694824219,1923.800048828125,3.7815001010894775,100.93318939208984,30.011884689331055,4378.41015625,4.74,4.02,3.77,-0.97,2.2
2023-06-28,69.55999755859375,1922.199951171875,3.7204999923706055,100.93318939208984,29.568721771240234,4376.85986328125,4.71,3.97,3.71,-1.0,2.18
2023-06-29,69.86000061035156,1917.9000244140625,3.677500009536743,101.9100341796875,29.568721771240234,4396.43994140625,4.87,4.14,3.85,-1.02,2.2
2023-06-30,70.63999938964844,1929.4000244140625,3.740999937057495,102.78155517578125,29.897666931152344,4450.3798828125,4.87,4.13,3.81,-1.06,2.22
2023-07-03,69.79000091552734,1929.5,3.7790000438690186,102.80071258544922,30.121538162231445,4455.58984375,4.94,4.19,3.86,-1.08,2.25
2023-07-04,69.79000091552734,1929.5,3.7790000438690186,102.80071258544922,30.121538162231445,4455.58984375,4.94,4.19,3.86,-1.08,2.25
2023-07-05,71.79000091552734,1927.0999755859375,3.753499984741211,102.2452392578125,30.46418571472168,4446.81982421875,4.94,4.25,3.95,-0.99,2.26
2023-07-06,71.80000305175781,1915.4000244140625,3.7200000286102295,101.47905731201172,30.09412384033203,4411.58984375,4.99,4.37,4.05,-0.94,2.27
2023-07-07,73.86000061035156,1932.5,3.7669999599456787,101.70891571044922,29.874826431274414,4398.9501953125,4.94,4.35,4.06,-0.88,2.27
2023-07-10,72.98999786376953,1931.0,3.7715001106262207,103.15505981445312,29.746902465820312,4409.52978515625,4.85,4.25,4.01,-0.84,2.25
2023-07-11,74.83000183105469,1937.0999755859375,3.753499984741211,104.37135314941406,30.11696434020996,4439.259765625,4.88,4.24,3.99,-0.89,2.24
2023-07-12,75.75,1961.699951171875,3.8420000076293945,104.18938446044922,30.555561065673828,4472.16015625,4.72,4.07,3.86,-0.86,2.26
2023-07-13,76.88999938964844,1963.800048828125,3.929500102996826,104.32347869873047,30.6606388092041,4510.0400390625,4.59,3.93,3.76,-0.83,2.24
2023-07-14,75.41999816894531,1964.4000244140625,3.921999931335449,104.01699829101562,30.54185676574707,4505.419921875,4.74,4.04,3.83,-0.91,2.24
2023-07-17,74.1500015258789,1956.4000244140625,3.8320000171661377,104.40966796875,30.19007110595703,4522.7900390625,4.74,4.02,3.81,-0.93,2.25
2023-07-18,75.75,1980.800048828125,3.815999984741211,104.9938735961914,29.957061767578125,4554.97998046875,4.74,4.0,3.8,-0.94,2.23
2023-07-19,75.3499984741211,1980.800048828125,3.799499988555908,104.94598388671875,30.263164520263672,4565.72021484375,4.74,3.98,3.75,-0.99,2.22
2023-07-20,75.62999725341797,1970.9000244140625,3.817500114440918,105.41526794433594,30.815975189208984,4534.8701171875,4.8,4.08,3.85,-0.95,2.35
2023-07-21,77.06999969482422,1966.5999755859375,3.802999973297119,104.91725158691406,31.277420043945312,4536.33984375,4.82,4.09,3.84,-0.98,2.35
2023-07-24,78.73999786376953,1962.199951171875,3.8405001163482666,105.15668487548828,31.195180892944336,4554.64013671875,4.81,4.13,3.86,-0.95,2.38
2023-07-25,79.62999725341797,1963.699951171875,3.9019999504089355,105.02261352539062,31.25000762939453,4567.4599609375,4.85,4.15,3.91,-0.94,2.39
2023-07-26,78.77999877929688,1970.0999755859375,3.890500068664551,105.76004028320312,31.25000762939453,4566.75,4.82,4.09,3.86,-0.96,2.36
2023-07-27,80.08999633789062,1945.699951171875,3.8635001182556152,104.85022735595703,30.69719123840332,4537.41015625,4.91,4.24,4.01,-0.9,2.37
2023-07-28,80.58000183105469,1960.4000244140625,3.9170000553131104,105.50146484375,30.628660202026367,4582.22998046875,4.87,4.18,3.96,-0.91,2.38
2023-07-31,81.80000305175781,1970.5,3.994499921798706,105.7504653930664,30.64236831665039,4588.9599609375,4.88,4.18,3.97,-0.91,2.37
2023-08-01,81.37000274658203,1978.800048828125,3.8935000896453857,106.0665054321289,30.26773452758789,4576.72998046875,4.92,4.24,4.05,-0.87,2.37
2023-08-02,79.48999786376953,1975.0,3.827500104904175,104.9555435180664,30.26773452758789,4513.39013671875,4.88,4.24,4.08,-0.8,2.36
2023-08-03,81.55000305175781,1968.800048828125,3.875999927520752,104.29474639892578,29.577857971191406,4501.89013671875,4.9,4.3,4.2,-0.7,2.37
2023-08-04,82.81999969482422,1976.0999755859375,3.8450000286102295,103.66265106201172,29.235206604003906,4478.02978515625,4.78,4.15,4.05,-0.73,2.38
2023-08-07,81.94000244140625,1970.0,3.812999963760376,104.93640899658203,29.230636596679688,4518.43994140625,4.76,4.16,4.09,-0.67,2.41
2023-08-08,82.91999816894531,1959.9000244140625,3.747999906539917,104.45755004882812,29.367698669433594,4499.3798828125,4.74,4.1,4.02,-0.72,2.36
2023-08-09,84.4000015258789,1950.5999755859375,3.7674999237060547,104.40009307861328,29.431659698486328,4467.7099609375,4.79,4.12,4.0,-0.79,2.34
2023-08-10,82.81999969482422,1948.9000244140625,3.750999927520752,104.1127700805664,29.34028434753418,4468.830078125,4.82,4.21,4.09,-0.73,2.33
2023-08-11,83.19000244140625,1946.5999755859375,3.7144999504089355,104.28516387939453,29.500186920166016,4464.0498046875,4.89,4.31,4.16,-0.73,2.36
2023-08-14,82.51000213623047,1944.0,3.7244999408721924,104.32347869873047,29.267183303833008,4489.72021484375,4.96,4.36,4.19,-0.77,2.36
2023-08-15,80.98999786376953,1935.199951171875,3.6614999771118164,102.99224090576172,28.792037963867188,4437.85986328125,4.92,4.36,4.21,-0.71,2.32
2023-08-16,79.37999725341797,1928.300048828125,3.6514999866485596,102.4176254272461,28.919963836669922,4404.330078125,4.97,4.42,4.28,-0.69,2.32
2023-08-17,80.38999938964844,1915.199951171875,3.685499906539917,101.55567932128906,28.85600471496582,4370.35986328125,4.94,4.42,4.3,-0.64,2.33
2023-08-18,81.25,1916.5,3.6989998817443848,101.7472152709961,29.006771087646484,4369.7099609375,4.92,4.38,4.26,-0.66,2.32
2023-08-21,80.72000122070312,1923.0,3.7119998931884766,101.62271881103516,28.82402229309082,4399.77001953125,4.97,4.46,4.34,-0.63,2.34
2023-08-22,80.3499984741211,1926.0,3.750499963760376,101.38329315185547,28.906259536743164,4387.5498046875,5.02,4.49,4.34,-0.68,2.35
2023-08-23,78.88999938964844,1948.0999755859375,3.803499937057495,102.42720031738281,29.020475387573242,4436.009765625,4.95,4.36,4.19,-0.76,2.35
2023-08-24,79.05000305175781,1947.0999755859375,3.7674999237060547,101.18218231201172,28.851430892944336,4376.31005859375,4.98,4.39,4.23,-0.75,2.32
2023-08-25,79.83000183105469,1939.9000244140625,3.759999990463257,102.03455352783203,29.07073211669922,4405.7099609375,5.03,4.44,4.25,-0.78,2.33
2023-08-28,80.0999984741211,1946.800048828125,3.753999948501587,102.86774444580078,29.066160202026367,4433.31005859375,4.98,4.38,4.2,-0.78,2.3
2023-08-29,81.16000366210938,1965.0999755859375,3.7929999828338623,103.6530532836914,29.17581558227539,4497.6298828125,4.87,4.26,4.12,-0.75,2.29
2023-08-30,81.62999725341797,1973.0,3.7850000858306885,104.12236785888672,29.043319702148438,4514.8701171875,4.9,4.27,4.12,-0.78,2.26
2023-08-31,83.62999725341797,1965.9000244140625,3.7725000381469727,103.6530532836914,28.764625549316406,4507.66015625,4.85,4.23,4.09,-0.76,2.24
2023-09-01,85.55000305175781,1967.0999755859375,3.8125,104.19898223876953,28.618425369262695,4515.77001953125,4.87,4.29,4.18,-0.69,2.26
2023-09-04,85.55000305175781,1967.0999755859375,3.8125,104.19898223876953,28.618425369262695,4515.77001953125,4.87,4.29,4.18,-0.69,2.26
2023-09-05,86.69000244140625,1952.5999755859375,3.811000108718872,102.44636535644531,28.17983055114746,4496.830078125,4.94,4.37,4.27,-0.67,2.29
2023-09-06,87.54000091552734,1944.199951171875,3.748500108718872,102.00581359863281,28.243791580200195,4465.47998046875,5.01,4.44,4.3,-0.71,2.3
2023-09-07,86.87000274658203,1942.5,3.7260000705718994,101.67061614990234,28.613859176635742,4451.14013671875,4.94,4.38,4.27,-0.67,2.32
2023-09-08,87.51000213623047,1942.699951171875,3.680500030517578,101.16301727294922,28.865137100219727,4457.490234375,4.98,4.39,4.26,-0.72,2.33
2023-09-11,87.29000091552734,1947.199951171875,3.7699999809265137,101.19176483154297,28.983922958374023,4487.4599609375,4.97,4.4,4.29,-0.68,2.35
2023-09-12,88.83999633789062,1935.0999755859375,3.752000093460083,100.82781982421875,29.020475387573242,4461.89990234375,4.98,4.41,4.27,-0.71,2.34
2023-09-13,88.5199966430664,1932.5,3.75600004196167,100.15742492675781,29.367698669433594,4467.43994140625,4.96,4.39,4.25,-0.71,2.35
2023-09-14,90.16000366210938,1932.800048828125,3.7825000286102295,101.14387512207031,29.797155380249023,4505.10009765625,5.0,4.42,4.29,-0.71,2.34
2023-09-15,90.7699966430664,1946.199951171875,3.7634999752044678,100.55967712402344,29.669231414794922,4450.31982421875,5.02,4.45,4.33,-0.69,2.35
2023-09-18,91.4800033569336,1953.4000244140625,3.741499900817871,100.67121887207031,29.647127151489258,4453.52978515625,5.05,4.46,4.32,-0.73,2.36
2023-09-19,91.19999694824219,1953.699951171875,3.7139999866485596,100.24810028076172,29.485919952392578,4443.9501953125,5.08,4.51,4.37,-0.71,2.37
2023-09-20,90.27999877929688,1967.0999755859375,3.746500015258789,99.85384368896484,29.513559341430664,4402.2001953125,5.12,4.52,4.35,-0.77,2.35
2023-09-21,89.62999725341797,1939.5999755859375,3.6665000915527344,98.2190933227539,29.204973220825195,4330.0,5.12,4.61,4.49,-0.63,2.38
2023-09-22,90.02999877929688,1945.5999755859375,3.6654999256134033,97.8825454711914,29.149703979492188,4320.06005859375,5.1,4.57,4.44,-0.66,2.37
2023-09-25,89.68000030517578,1936.5999755859375,3.6494998931884766,98.37297058105469,29.10825538635254,4337.43994140625,5.09,4.62,4.55,-0.54,2.37
2023-09-26,90.38999938964844,1919.800048828125,3.625,96.87286376953125,28.237768173217773,4273.52978515625,5.04,4.62,4.56,-0.48,2.33
2023-09-27,93.68000030517578,1890.9000244140625,3.627000093460083,97.59405517578125,27.694292068481445,4274.509765625,5.1,4.67,4.61,-0.49,2.34
2023-09-28,91.70999908447266,1878.5999755859375,3.694499969482422,98.00755310058594,27.09554672241211,4299.7001953125,5.04,4.62,4.59,-0.45,2.39
2023-09-29,90.79000091552734,1866.0999755859375,3.7260000705718994,97.48826599121094,27.1416072845459,4288.0498046875,5.03,4.6,4.59,-0.44,2.35
2023-10-02,88.81999969482422,1847.199951171875,3.631999969482422,96.53628540039062,25.87963104248047,4288.39013671875,5.12,4.72,4.69,-0.43,2.35
2023-10-03,89.2300033569336,1841.5,3.615499973297119,95.8631591796875,26.179004669189453,4229.4501953125,5.15,4.8,4.81,-0.34,2.36
2023-10-04,84.22000122070312,1834.800048828125,3.5840001106262207,96.1708755493164,26.1513729095459,4263.75,5.05,4.72,4.73,-0.32,2.33
2023-10-05,82.30999755859375,1831.800048828125,3.546999931335449,95.603515625,25.99938201904297,4258.18994140625,5.03,4.68,4.72,-0.31,2.31
2023-10-06,82.79000091552734,1845.199951171875,3.624500036239624,96.91131591796875,26.367839813232422,4308.5,5.08,4.75,4.78,-0.3,2.31
2023-10-09,86.37999725341797,1864.300048828125,3.6424999237060547,98.4306640625,26.630367279052734,4335.66015625,5.08,4.75,4.78,-0.3,2.31
2023-10-10,85.97000122070312,1875.300048828125,3.631999969482422,99.02686309814453,26.994216918945312,4358.240234375,4.96,4.62,4.66,-0.3,2.32
2023-10-11,83.48999786376953,1887.300048828125,3.614000082015991,99.62305450439453,27.4317684173584,4376.9501953125,4.99,4.59,4.58,-0.41,2.32
2023-10-12,82.91000366210938,1883.0,3.5940001010894775,98.71916198730469,27.008041381835938,4349.60986328125,5.06,4.69,4.7,-0.36,2.34
2023-10-13,87.69000244140625,1941.5,3.5799999237060547,97.84407806396484,27.3120174407959,4327.77978515625,5.04,4.65,4.63,-0.41,2.34
2023-10-16,86.66000366210938,1934.300048828125,3.5869998931884766,98.88263702392578,27.59296226501465,4373.6298828125,5.09,4.72,4.71,-0.38,2.38
2023-10-17,86.66000366210938,1935.699951171875,3.575500011444092,99.19033813476562,27.519271850585938,4373.2001953125,5.19,4.86,4.83,-0.36,2.41
2023-10-18,88.31999969482422,1968.300048828125,3.5820000171661377,96.7959213256836,27.27977752685547,4314.60009765625,5.19,4.92,4.91,-0.28,2.44
2023-10-19,89.37000274658203,1980.5,3.5915000438690186,95.90161895751953,27.008041381835938,4278.0,5.14,4.95,4.98,-0.16,2.49
2023-10-20,88.75,1994.4000244140625,3.5420000553131104,94.91114807128906,26.727088928222656,4224.16015625,5.07,4.86,4.93,-0.14,2.47
2023-10-23,85.48999786376953,1987.800048828125,3.572999954223633,94.46881103515625,26.501405715942383,4217.0400390625,5.05,4.81,4.86,-0.19,2.41
2023-10-24,83.73999786376953,1986.0999755859375,3.609999895095825,95.18041229248047,27.183053970336914,4247.68017578125,5.02,4.82,4.83,-0.19,2.4
2023-10-25,85.38999938964844,1994.9000244140625,3.572000026702881,93.95915222167969,27.335041046142578,4186.77001953125,5.08,4.89,4.95,-0.13,2.43
2023-10-26,83.20999908447266,1997.4000244140625,3.56850004196167,93.5649185180664,27.5699405670166,4137.22998046875,5.02,4.79,4.86,-0.16,2.42
2023-10-27,85.54000091552734,1998.5,3.634000062942505,92.73792266845703,27.049489974975586,4117.3701171875,4.99,4.76,4.84,-0.15,2.42
2023-10-30,82.30999755859375,2005.5999755859375,3.6494998931884766,93.891845703125,27.256746292114258,4166.81982421875,5.03,4.8,4.88,-0.15,2.44
2023-10-31,81.0199966430664,1994.300048828125,3.6414999961853027,94.58419036865234,27.491640090942383,4193.7998046875,5.07,4.82,4.88,-0.19,2.42
2023-11-01,80.44000244140625,1987.5,3.6449999809265137,94.89192962646484,27.80483055114746,4237.85986328125,4.95,4.67,4.77,-0.18,2.41
2023-11-02,82.45999908447266,1993.5,3.6670000553131104,96.84400177001953,28.32527732849121,4317.77978515625,4.98,4.65,4.67,-0.31,2.4
2023-11-03,80.51000213623047,1999.199951171875,3.674499988555908,97.6998519897461,28.4910888671875,4358.33984375,4.83,4.49,4.57,-0.26,2.39
2023-11-06,80.81999969482422,1988.5999755859375,3.7095000743865967,97.44020080566406,28.41739273071289,4365.97998046875,4.93,4.6,4.67,-0.26,2.42
2023-11-07,77.37000274658203,1973.5,3.6700000762939453,97.19979858398438,28.210134506225586,4378.3798828125,4.91,4.53,4.58,-0.33,2.39
2023-11-08,75.33000183105469,1957.800048828125,3.628000020980835,97.42095947265625,28.002878189086914,4382.77978515625,4.93,4.51,4.49,-0.44,2.34
2023-11-09,75.73999786376953,1969.800048828125,3.634999990463257,97.20941162109375,27.634416580200195,4347.35009765625,5.03,4.65,4.62,-0.41,2.33
2023-11-10,77.16999816894531,1937.699951171875,3.5834999084472656,98.61336517333984,27.781803131103516,4415.240234375,5.04,4.65,4.61,-0.43,2.32
2023-11-13,78.26000213623047,1950.199951171875,3.6624999046325684,98.69991302490234,27.45018768310547,4411.5498046875,5.02,4.66,4.63,-0.39,2.31
2023-11-14,78.26000213623047,1966.5,3.682499885559082,100.68083190917969,28.546354293823242,4495.7001953125,4.8,4.42,4.44,-0.36,2.28
2023-11-15,76.66000366210938,1964.300048828125,3.7174999713897705,100.89238739013672,28.458845138549805,4502.8798828125,4.9,4.52,4.53,-0.37,2.31
2023-11-16,72.9000015258789,1987.300048828125,3.7044999599456787,100.91162109375,28.61083221435547,4508.240234375,4.83,4.43,4.45,-0.38,2.27
2023-11-17,75.88999938964844,1984.699951171875,3.737499952316284,101.55590057373047,28.68913459777832,4514.02001953125,4.88,4.45,4.44,-0.44,2.28
2023-11-20,77.5999984741211,1980.300048828125,3.8125,101.8636245727539,28.60162353515625,4547.3798828125,4.89,4.44,4.42,-0.47,2.3
2023-11-21,77.7699966430664,2001.5999755859375,3.814500093460083,101.78668975830078,28.661497116088867,4538.18994140625,4.86,4.41,4.41,-0.45,2.25
2023-11-22,77.0999984741211,1992.800048828125,3.7664999961853027,102.00785827636719,28.79966926574707,4556.6201171875,4.89,4.44,4.42,-0.47,2.26
2023-11-23,77.0999984741211,1993.300048828125,3.7790000438690186,102.00785827636719,28.79966926574707,4556.6201171875,4.89,4.44,4.42,-0.47,2.26
2023-11-24,75.54000091552734,2003.0,3.7964999675750732,102.25786590576172,28.87335968017578,4559.33984375,4.92,4.49,4.47,-0.45,2.26
2023-11-27,74.86000061035156,2012.4000244140625,3.762500047683716,101.680908203125,28.919418334960938,4550.43017578125,4.84,4.38,4.39,-0.45,2.21
2023-11-28,76.41000366210938,2040.0,3.8010001182556152,101.44051361083984,29.011533737182617,4554.89013671875,4.73,4.29,4.34,-0.39,2.22
2023-11-29,77.86000061035156,2047.0999755859375,3.7860000133514404,101.82515716552734,28.781246185302734,4550.580078125,4.64,4.22,4.27,-0.37,2.21
2023-11-30,75.95999908447266,2038.0999755859375,3.8289999961853027,102.94062042236328,28.905603408813477,4567.7998046875,4.73,4.31,4.37,-0.36,2.23
2023-12-01,74.06999969482422,2089.699951171875,3.9089999198913574,104.56574249267578,29.260242462158203,4594.6298828125,4.56,4.14,4.22,-0.34,2.22
2023-12-04,73.04000091552734,2042.199951171875,3.820499897003174,104.73884582519531,29.14510154724121,4569.77978515625,4.64,4.23,4.28,-0.36,2.21
2023-12-05,72.31999969482422,2036.300048828125,3.7725000381469727,103.89262390136719,28.937841415405273,4567.18017578125,4.57,4.14,4.18,-0.39,2.17
2023-12-06,69.37999725341797,2047.9000244140625,3.7165000438690186,104.35418701171875,29.324722290039062,4549.33984375,4.6,4.12,4.12,-0.48,2.14
2023-12-07,69.33999633789062,2046.4000244140625,3.7844998836517334,104.45035552978516,29.260242462158203,4585.58984375,4.58,4.11,4.14,-0.44,2.17
2023-12-08,71.2300033569336,2014.5,3.819999933242798,104.77731323242188,29.204973220825195,4604.3701171875,4.71,4.24,4.23,-0.48,2.21
2023-12-11,71.31999969482422,1993.699951171875,3.7799999713897705,105.77738189697266,29.393808364868164,4622.43994140625,4.71,4.25,4.23,-0.48,2.19
2023-12-12,68.61000061035156,1993.199951171875,3.7860000133514404,106.25818634033203,29.274063110351562,4643.7001953125,4.73,4.23,4.2,-0.53,2.16
2023-12-13,69.47000122070312,1997.300048828125,3.7860000133514404,107.44097900390625,30.37943458557129,4707.08984375,4.46,4.0,4.04,-0.42,2.16
2023-12-14,71.58000183105469,2044.9000244140625,3.8884999752044678,108.82569122314453,29.983341217041016,4719.5498046875,4.37,3.9,3.92,-0.45,2.22
2023-12-15,71.43000030517578,2035.699951171875,3.884999990463257,108.68144226074219,29.4628963470459,4719.18994140625,4.44,3.91,3.91,-0.53,2.22
2023-12-18,72.47000122070312,2040.5,3.8480000495910645,108.67662048339844,29.396411895751953,4740.56005859375,4.43,3.94,3.95,-0.48,2.21
2023-12-19,73.44000244140625,2052.10009765625,3.8959999084472656,109.51779174804688,29.563777923583984,4768.3701171875,4.41,3.94,3.93,-0.48,2.19
2023-12-20,74.22000122070312,2047.699951171875,3.9014999866485596,107.7484130859375,28.964040756225586,4698.35009765625,4.34,3.86,3.86,-0.48,2.19
2023-12-21,73.88999938964844,2051.300048828125,3.9084999561309814,108.86032104492188,29.015182495117188,4746.75,4.33,3.87,3.89,-0.44,2.19
2023-12-22,73.55999755859375,2069.10009765625,3.8954999446868896,109.38243103027344,29.11281394958496,4754.6298828125,4.31,3.87,3.9,-0.41,2.19
2023-12-25,73.55999755859375,2069.10009765625,3.8954999446868896,109.38243103027344,29.11281394958496,4754.6298828125,4.31,3.87,3.9,-0.41,2.19
2023-12-26,75.56999969482422,2069.800048828125,3.8954999446868896,110.15592193603516,29.28948211669922,4774.75,4.26,3.89,3.89,-0.37,2.18
2023-12-27,74.11000061035156,2093.10009765625,3.94350004196167,110.3202896118164,29.270883560180664,4781.580078125,4.2,3.78,3.79,-0.41,2.15
2023-12-28,71.7699966430664,2083.5,3.9130001068115234,110.34928894042969,29.48009490966797,4783.35009765625,4.26,3.83,3.84,-0.42,2.16
2023-12-29,71.6500015258789,2071.800048828125,3.880500078201294,110.21395111083984,29.44290542602539,4769.830078125,4.23,3.84,3.88,-0.35,2.16
2024-01-01,71.6500015258789,2071.800048828125,3.880500078201294,110.21395111083984,29.44290542602539,4769.830078125,4.23,3.84,3.88,-0.35,2.16
2024-01-02,70.37999725341797,2073.39990234375,3.86899995803833,109.10203552246094,29.87062644958496,4742.830078125,4.33,3.93,3.95,-0.38,2.21
2024-01-03,72.69999694824219,2042.800048828125,3.8475000858306885,107.47769165039062,29.982202529907227,4704.81005859375,4.33,3.9,3.91,-0.42,2.2
2024-01-04,72.19000244140625,2050.0,3.8310000896453857,107.61305236816406,29.88922119140625,4688.68017578125,4.38,3.97,3.99,-0.39,2.22
2024-01-05,73.80999755859375,2049.800048828125,3.7945001125335693,107.73873901367188,30.000795364379883,4697.240234375,4.4,4.02,4.05,-0.35,2.22
2024-01-08,70.7699966430664,2033.5,3.799499988555908,108.444580078125,30.21930503845215,4763.5400390625,4.36,3.97,4.01,-0.35,2.22
2024-01-09,72.23999786376953,2033.0,3.748500108718872,108.10616302490234,29.972904205322266,4756.5,4.36,3.97,4.02,-0.34,2.22
2024-01-10,71.37000274658203,2027.800048828125,3.7809998989105225,108.65727233886719,29.968252182006836,4783.4501953125,4.37,3.99,4.04,-0.33,2.22
2024-01-11,72.0199966430664,2019.199951171875,3.7764999866485596,108.4058837890625,29.270883560180664,4780.240234375,4.26,3.9,3.98,-0.28,2.22
2024-01-12,72.68000030517578,2051.60009765625,3.740000009536743,108.39622497558594,29.438255310058594,4783.830078125,4.14,3.84,3.96,-0.18,2.27
2024-01-15,72.68000030517578,2051.60009765625,3.740000009536743,108.39622497558594,29.438255310058594,4783.830078125,4.14,3.84,3.96,-0.18,2.27
2024-01-16,72.4000015258789,2030.199951171875,3.7664999961853027,107.30364990234375,29.117464065551758,4765.97998046875,4.22,3.95,4.07,-0.15,2.3
2024-01-17,72.55999755859375,2006.5,3.7325000762939453,106.57849884033203,28.694395065307617,4739.2099609375,4.34,4.02,4.1,-0.24,2.3
2024-01-18,74.08000183105469,2021.5999755859375,3.744999885559082,108.0191421508789,28.38755226135254,4780.93994140625,4.34,4.04,4.14,-0.2,2.34
2024-01-19,73.41000366210938,2029.300048828125,3.7869999408721924,108.7249526977539,28.350360870361328,4839.81005859375,4.39,4.08,4.15,-0.24,2.34
2024-01-22,75.19000244140625,2022.199951171875,3.7639999389648438,109.56613159179688,28.206233978271484,4850.43017578125,4.37,4.03,4.11,-0.26,2.31
2024-01-23,74.37000274658203,2025.800048828125,3.7904999256134033,109.47911834716797,28.257375717163086,4864.60009765625,4.31,4.06,4.14,-0.17,2.29
2024-01-24,75.08999633789062,2016.0,3.882499933242798,108.80230712890625,27.871501922607422,4868.5498046875,4.34,4.06,4.18,-0.16,2.3
2024-01-25,77.36000061035156,2017.800048828125,3.865499973297119,109.84652709960938,28.37360382080078,4894.16015625,4.28,4.01,4.14,-0.14,2.29
2024-01-26,78.01000213623047,2017.300048828125,3.8505001068115234,109.67249298095703,28.457286834716797,4890.97021484375,4.34,4.04,4.15,-0.19,2.3
2024-01-29,76.77999877929688,2025.4000244140625,3.872999906539917,110.38797760009766,28.63860511779785,4927.93017578125,4.29,3.97,4.08,-0.21,2.3
2024-01-30,77.81999969482422,2031.5,3.9065001010894775,110.42664337158203,28.62930679321289,4924.97021484375,4.36,4.0,4.06,-0.3,2.26
2024-01-31,75.8499984741211,2048.39990234375,3.9024999141693115,109.15037536621094,28.56886863708496,4845.64990234375,4.27,3.91,3.99,-0.28,2.26
2024-02-01,73.81999969482422,2071.10009765625,3.8524999618530273,111.00677490234375,29.11281394958496,4906.18994140625,4.2,3.8,3.87,-0.33,2.19
2024-02-02,72.27999877929688,2053.699951171875,3.821500062942505,111.75127410888672,28.587465286254883,4958.60986328125,4.36,3.99,4.03,-0.33,2.21
2024-02-05,72.77999877929688,2042.9000244140625,3.7720000743865967,111.14213562011719,27.99237632751465,4942.81005859375,4.46,4.13,4.17,-0.29,2.27
2024-02-06,73.30999755859375,2051.39990234375,3.7825000286102295,112.13803100585938,28.094654083251953,4954.22998046875,4.39,4.03,4.09,-0.3,2.24
2024-02-07,73.86000061035156,2051.699951171875,3.737499952316284,112.88250732421875,28.113256454467773,4995.06005859375,4.41,4.06,4.09,-0.32,2.23
2024-02-08,76.22000122070312,2047.9000244140625,3.7054998874664307,112.90184020996094,27.913339614868164,4997.91015625,4.46,4.12,4.15,-0.31,2.24
2024-02-09,76.83999633789062,2038.699951171875,3.686000108718872,113.07588195800781,28.0202693939209,5026.60986328125,4.48,4.14,4.17,-0.31,2.25
2024-02-12,76.91999816894531,2033.0,3.7284998893737793,113.2402572631836,28.345712661743164,5021.83984375,4.46,4.13,4.17,-0.29,2.24
2024-02-13,77.87000274658203,2007.199951171875,3.7139999866485596,112.08000946044922,27.876144409179688,4953.169921875,4.64,4.31,4.31,-0.33,2.29
2024-02-14,76.63999938964844,2004.300048828125,3.700500011444092,113.95574188232422,28.029571533203125,5000.6201171875,4.56,4.25,4.27,-0.29,2.3
2024-02-15,78.02999877929688,2014.9000244140625,3.756500005722046,114.80658721923828,28.49913215637207,5029.72998046875,4.56,4.22,4.24,-0.32,2.3
2024-02-16,79.19000244140625,2024.0999755859375,3.8380000591278076,114.12010192871094,28.466585159301758,5005.56982421875,4.64,4.29,4.3,-0.34,2.33
2024-02-19,79.19000244140625,2024.0999755859375,3.8380000591278076,114.12010192871094,28.466585159301758,5005.56982421875,4.64,4.29,4.3,-0.34,2.33
2024-02-20,78.18000030517578,2039.800048828125,3.866499900817871,113.76237487792969,28.44799041748047,4975.509765625,4.59,4.25,4.27,-0.32,2.32
2024-02-21,77.91000366210938,2034.300048828125,3.874500036239624,114.21678924560547,28.824567794799805,4981.7998046875,4.64,4.3,4.32,-0.32,2.34
2024-02-22,78.61000061035156,2030.699951171875,3.8975000381469727,115.62843322753906,28.601411819458008,5087.02978515625,4.69,4.33,4.33,-0.36,2.31
2024-02-23,76.48999786376953,2049.39990234375,3.881999969482422,116.23756408691406,28.805973052978516,5088.7998046875,4.67,4.28,4.26,-0.41,2.3
2024-02-26,77.58000183105469,2038.9000244140625,3.8239998817443848,116.06351470947266,28.23878288269043,5069.52978515625,4.69,4.29,4.28,-0.41,2.31
2024-02-27,78.87000274658203,2044.0999755859375,3.8310000896453857,116.23756408691406,28.773427963256836,5078.18017578125,4.7,4.32,4.31,-0.39,2.32
2024-02-28,78.54000091552734,2042.699951171875,3.827500104904175,116.63398742675781,28.86176300048828,5069.759765625,4.64,4.26,4.27,-0.37,2.33
2024-02-29,78.26000213623047,2054.699951171875,3.8345000743865967,116.9917221069336,28.871061325073242,5096.27001953125,4.64,4.26,4.25,-0.39,2.33
2024-03-01,79.97000122070312,2095.699951171875,3.8550000190734863,117.49449157714844,28.694395065307617,5137.080078125,4.54,4.17,4.19,-0.35,2.32
2024-03-04,78.73999786376953,2126.300048828125,3.8519999980926514,117.919921875,29.17790412902832,5130.9501953125,4.61,4.21,4.22,-0.39,2.34
2024-03-05,78.1500015258789,2141.89990234375,3.8440001010894775,116.95304870605469,29.094219207763672,5078.64990234375,4.54,4.13,4.13,-0.41,2.32
2024-03-06,79.12999725341797,2158.199951171875,3.870500087738037,117.56217956542969,29.373165130615234,5104.759765625,4.55,4.12,4.11,-0.44,2.3
2024-03-07,78.93000030517578,2165.199951171875,3.9195001125335693,118.50971984863281,29.563777923583984,5157.35986328125,4.5,4.07,4.09,-0.41,2.28
2024-03-08,78.01000213623047,2185.5,3.884999990463257,118.24866485595703,29.638166427612305,5123.68994140625,4.48,4.06,4.09,-0.39,2.28
2024-03-11,77.93000030517578,2188.60009765625,3.922499895095825,117.6395263671875,29.78693962097168,5117.93994140625,4.51,4.08,4.1,-0.41,2.27
2024-03-12,77.55999755859375,2166.10009765625,3.924999952316284,118.16163635253906,29.498693466186523,5175.27001953125,4.58,4.15,4.16,-0.42,2.3
2024-03-13,79.72000122070312,2180.800048828125,4.052499771118164,118.48072052001953,29.6986083984375,5165.31005859375,4.61,4.19,4.19,-0.42,2.3
2024-03-14,81.26000213623047,2167.5,4.0370001792907715,117.97793579101562,29.461498260498047,5150.47998046875,4.68,4.29,4.29,-0.39,2.3
2024-03-15,81.04000091552734,2161.5,4.112500190734863,117.99727630615234,29.503341674804688,5117.08984375,4.72,4.33,4.31,-0.41,2.32
2024-03-18,82.72000122070312,2164.300048828125,4.114500045776367,118.20675659179688,29.639280319213867,5149.419921875,4.73,4.36,4.34,-0.39,2.31
2024-03-19,83.47000122070312,2159.699951171875,4.058499813079834,119.22511291503906,29.901784896850586,5178.509765625,4.68,4.31,4.3,-0.38,2.3
2024-03-20,81.68000030517578,2161.0,4.03849983215332,120.6605224609375,29.939279556274414,5224.6201171875,4.59,4.25,4.27,-0.32,2.31
2024-03-21,81.06999969482422,2184.699951171875,4.046500205993652,121.85343170166016,29.892406463623047,5241.52978515625,4.62,4.26,4.27,-0.35,2.34
2024-03-22,80.62999725341797,2160.0,3.996000051498413,121.43639373779297,29.93459701538086,5234.18017578125,4.59,4.2,4.22,-0.37,2.35
2024-03-25,81.94999694824219,2176.39990234375,4.006999969482422,120.65081024169922,30.07522201538086,5218.18994140625,4.54,4.23,4.25,-0.29,2.33
2024-03-26,81.62000274658203,2177.199951171875,3.996000051498413,120.2143783569336,29.733034133911133,5203.580078125,4.56,4.22,4.24,-0.32,2.32
2024-03-27,81.3499984741211,2190.60009765625,3.992500066757202,122.1444091796875,30.56272315979004,5248.490234375,4.54,4.18,4.2,-0.34,2.32
2024-03-28,83.16999816894531,2217.39990234375,4.003499984741211,122.16380310058594,30.77366065979004,5254.35009765625,4.59,4.21,4.2,-0.39,2.32
2024-03-29,83.16999816894531,2217.39990234375,4.003499984741211,122.16380310058594,30.77366065979004,5254.35009765625,4.59,4.21,4.2,-0.39,2.32
2024-04-01,83.70999908447266,2257.10009765625,4.046000003814697,121.22303009033203,30.58616065979004,5243.77001953125,4.72,4.34,4.33,-0.39,2.35
2024-04-02,85.1500015258789,2281.800048828125,4.070000171661377,120.6605224609375,30.63772964477539,5205.81005859375,4.7,4.35,4.36,-0.34,2.36
2024-04-03,85.43000030517578,2315.0,4.192999839782715,121.28123474121094,30.515850067138672,5211.490234375,4.68,4.34,4.36,-0.32,2.36
2024-04-04,86.58999633789062,2308.5,4.246500015258789,120.2143783569336,30.454910278320312,5147.2099609375,4.65,4.3,4.31,-0.34,2.34
2024-04-05,86.91000366210938,2345.39990234375,4.239500045776367,121.8825454711914,30.543977737426758,5204.33984375,4.73,4.38,4.39,-0.34,2.37
2024-04-08,86.43000030517578,2351.0,4.2769999504089355,121.6691665649414,30.74553871154785,5202.39013671875,4.78,4.43,4.42,-0.36,2.38
2024-04-09,85.2300033569336,2362.39990234375,4.285999774932861,121.3879165649414,30.91428565979004,5209.91015625,4.74,4.37,4.36,-0.38,2.36
2024-04-10,86.20999908447266,2348.39990234375,4.2820000648498535,120.35015869140625,30.38459587097168,5160.64013671875,4.97,4.61,4.55,-0.42,2.4
2024-04-11,85.0199966430664,2372.699951171875,4.251999855041504,120.48595428466797,30.323659896850586,5199.06005859375,4.93,4.61,4.56,-0.37,2.4
2024-04-12,85.66000366210938,2374.10009765625,4.257500171661377,119.19602966308594,30.093969345092773,5123.41015625,4.88,4.54,4.5,-0.38,2.39
2024-04-15,85.41000366210938,2383.0,4.379000186920166,118.34253692626953,29.817407608032227,5061.81982421875,4.93,4.65,4.63,-0.3,2.43
2024-04-16,85.36000061035156,2407.800048828125,4.305500030517578,118.07097625732422,29.423654556274414,5051.41015625,4.97,4.69,4.67,-0.3,2.43
2024-04-17,82.69000244140625,2388.39990234375,4.34250020980835,117.4599609375,30.037721633911133,5022.2099609375,4.93,4.62,4.59,-0.34,2.39
2024-04-18,82.7300033569336,2398.0,4.440499782562256,117.05262756347656,30.20647430419922,5011.1201171875,4.98,4.68,4.64,-0.34,2.4
2024-04-19,83.13999938964844,2413.800048828125,4.501999855041504,116.8392562866211,30.670536041259766,4967.22998046875,4.97,4.66,4.62,-0.35,2.41
2024-04-22,82.8499984741211,2346.39990234375,4.500500202178955,117.72183990478516,30.9517879486084,5010.60009765625,4.97,4.66,4.62,-0.35,2.41
2024-04-23,83.36000061035156,2342.10009765625,4.490499973297119,119.36090087890625,31.097103118896484,5070.5498046875,4.86,4.63,4.61,-0.25,2.41
2024-04-24,82.80999755859375,2338.39990234375,4.4670000076293945,118.41044616699219,31.284603118896484,5071.6298828125,4.89,4.64,4.65,-0.24,2.41
2024-04-25,83.56999969482422,2342.5,4.570499897003174,118.76927947998047,31.368980407714844,5048.419921875,4.96,4.7,4.7,-0.26,2.42
2024-04-26,83.8499984741211,2347.199951171875,4.568999767303467,118.96326446533203,31.02679443359375,5099.9599609375,4.96,4.68,4.67,-0.29,2.43
2024-04-29,82.62999725341797,2357.699951171875,4.658999919891357,119.75853729248047,31.448667526245117,5116.169921875,4.97,4.65,4.63,-0.34,2.41
2024-04-30,81.93000030517578,2302.89990234375,4.564499855041504,117.85761260986328,31.284603118896484,5035.68994140625,5.04,4.72,4.69,-0.35,2.41
2024-05-01,79.0,2311.0,4.552499771118164,117.56666564941406,31.645544052124023,5018.39013671875,4.96,4.64,4.63,-0.33,2.38
2024-05-02,78.94999694824219,2309.60009765625,4.49399995803833,118.24555969238281,31.814298629760742,5064.2001953125,4.87,4.57,4.58,-0.29,2.37
2024-05-03,78.11000061035156,2308.60009765625,4.573500156402588,119.0699462890625,32.06742477416992,5127.7900390625,4.81,4.48,4.5,-0.31,2.35
2024-05-06,78.4800033569336,2331.199951171875,4.634500026702881,120.27256774902344,32.23148727416992,5180.740234375,4.82,4.48,4.49,-0.33,2.35
2024-05-07,78.37999725341797,2324.199951171875,4.625500202178955,120.60232543945312,32.59711837768555,5187.7001953125,4.82,4.48,4.47,-0.35,2.32
2024-05-08,78.98999786376953,2322.300048828125,4.561999797821045,120.60232543945312,32.939308166503906,5187.669921875,4.84,4.5,4.48,-0.36,2.31
2024-05-09,79.26000213623047,2340.300048828125,4.607500076293945,121.80494689941406,33.44086456298828,5214.080078125,4.8,4.47,4.45,-0.35,2.32
2024-05-10,78.26000213623047,2375.0,4.69350004196167,121.89224243164062,33.40806198120117,5222.68017578125,4.87,4.52,4.5,-0.37,2.34
2024-05-13,79.12000274658203,2343.0,4.804500102996826,121.37821960449219,33.40806198120117,5221.419921875,4.85,4.5,4.48,-0.37,2.33
2024-05-14,78.0199966430664,2359.89990234375,4.953499794006348,121.34912109375,33.49711608886719,5246.68017578125,4.81,4.46,4.45,-0.36,2.33
2024-05-15,78.62999725341797,2394.89990234375,4.9695000648498535,122.1444091796875,33.99869155883789,5308.14990234375,4.73,4.35,4.36,-0.37,2.31
2024-05-16,79.2300033569336,2385.5,4.892000198364258,121.4170150756836,33.881500244140625,5297.10009765625,4.78,4.4,4.38,-0.4,2.31
2024-05-17,80.05999755859375,2417.39990234375,5.057000160217285,121.55278778076172,33.90962219238281,5303.27001953125,4.83,4.44,4.42,-0.41,2.32
2024-05-20,79.80000305175781,2438.5,5.087500095367432,121.7855453491211,33.85337448120117,5308.1298828125,4.82,4.46,4.44,-0.38,2.33
2024-05-21,79.26000213623047,2425.89990234375,5.11899995803833,121.3879165649414,34.15806579589844,5321.41015625,4.82,4.43,4.41,-0.41,2.32
2024-05-22,77.56999969482422,2392.89990234375,4.867499828338623,121.53338623046875,33.75493621826172,5307.009765625,4.86,4.47,4.43,-0.43,2.33
2024-05-23,76.87000274658203,2337.199951171875,4.816500186920166,120.09799194335938,33.18305587768555,5267.83984375,4.91,4.52,4.47,-0.44,2.3
2024-05-24,77.72000122070312,2334.5,4.778500080108643,120.70901489257812,33.515872955322266,5304.72021484375,4.93,4.53,4.46,-0.47,2.32
2024-05-27,77.72000122070312,2334.5,4.778500080108643,120.70901489257812,33.515872955322266,5304.72021484375,4.93,4.53,4.46,-0.47,2.32
2024-05-28,79.83000183105469,2356.5,4.875500202178955,119.23482513427734,33.48306655883789,5306.0400390625,4.94,4.56,4.54,-0.4,2.34
2024-05-29,79.2300033569336,2341.199951171875,4.805500030517578,117.54725646972656,33.05180358886719,5266.9501953125,4.96,4.63,4.61,-0.35,2.36
2024-05-30,77.91000366210938,2342.89990234375,4.671999931335449,118.35224151611328,33.49711608886719,5235.47998046875,4.92,4.57,4.55,-0.37,2.36
2024-05-31,76.98999786376953,2322.89990234375,4.610000133514404,119.78765106201172,34.08774948120117,5277.509765625,4.89,4.52,4.51,-0.38,2.35
2024-06-03,74.22000122070312,2369.300048828125,4.677000045776367,118.32315063476562,33.69867706298828,5283.39990234375,4.82,4.42,4.41,-0.41,2.33
2024-06-04,73.25,2347.39990234375,4.547999858856201,118.03218841552734,33.68461608886719,5291.33984375,4.77,4.35,4.33,-0.44,2.31
2024-06-05,74.06999969482422,2375.5,4.619500160217285,119.22511291503906,33.492435455322266,5354.02978515625,4.72,4.31,4.29,-0.43,2.3
2024-06-06,75.55000305175781,2390.89990234375,4.690999984741211,118.51712799072266,33.14555740356445,5352.9599609375,4.72,4.29,4.28,-0.44,2.28
2024-06-07,75.52999877929688,2325.0,4.494500160217285,118.6432113647461,32.78461456298828,5346.990234375,4.87,4.46,4.43,-0.44,2.3
2024-06-10,77.73999786376953,2327.0,4.55649995803833,119.01175689697266,33.20649337768555,5360.7900390625,4.87,4.48,4.47,-0.4,2.31
2024-06-11,77.9000015258789,2326.60009765625,4.5229997634887695,118.3328628540039,33.00493240356445,5375.31982421875,4.81,4.41,4.39,-0.42,2.27
2024-06-12,78.5,2354.800048828125,4.581500053405762,119.45787811279297,32.789302825927734,5421.02978515625,4.75,4.32,4.31,-0.44,2.22
2024-06-13,78.62000274658203,2318.0,4.507500171661377,118.69169616699219,32.86430358886719,5433.740234375,4.68,4.24,4.24,-0.44,2.21
2024-06-14,78.44999694824219,2349.10009765625,4.551000118255615,117.49877166748047,32.78461456298828,5431.60009765625,4.67,4.22,4.2,-0.47,2.17
2024-06-17,80.33000183105469,2329.0,4.521500110626221,118.79838562011719,32.423675537109375,5473.22998046875,4.75,4.3,4.28,-0.47,2.22
2024-06-18,81.56999969482422,2346.89990234375,4.561999797821045,119.4384765625,32.43773651123047,5487.02978515625,4.69,4.24,4.22,-0.47,2.21
2024-06-19,81.56999969482422,2346.89990234375,4.561999797821045,119.4384765625,32.43773651123047,5487.02978515625,4.69,4.24,4.22,-0.47,2.21
2024-06-20,82.16999816894531,2369.0,4.618000030517578,119.51607513427734,32.71898651123047,5473.169921875,4.7,4.26,4.25,-0.45,2.25
2024-06-21,80.7300033569336,2331.199951171875,4.49399995803833,119.263916015625,32.52680206298828,5464.6201171875,4.7,4.26,4.25,-0.45,2.23
2024-06-24,81.62999725341797,2344.39990234375,4.5269999504089355,119.77095031738281,32.95444107055664,5447.8701171875,4.71,4.27,4.25,-0.46,2.22
2024-06-25,80.83000183105469,2330.800048828125,4.38100004196167,118.74908447265625,32.642574310302734,5469.2998046875,4.65,4.25,4.23,-0.42,2.22
2024-06-26,80.9000015258789,2313.199951171875,4.367499828338623,118.42794036865234,32.50553894042969,5477.89990234375,4.71,4.32,4.32,-0.39,2.26
2024-06-27,81.73999786376953,2336.60009765625,4.328499794006348,118.55445098876953,32.56224822998047,5482.8701171875,4.7,4.29,4.29,-0.41,2.26
2024-06-28,81.54000091552734,2339.60009765625,4.390500068664551,118.6031265258789,32.19839096069336,5460.47998046875,4.71,4.33,4.36,-0.35,2.28
2024-07-01,83.37999725341797,2338.89990234375,4.426499843597412,117.32823944091797,31.976295471191406,5475.08984375,4.77,4.44,4.48,-0.29,2.32
2024-07-02,82.80999755859375,2333.39990234375,4.429500102996826,117.97054290771484,32.14168167114258,5509.009765625,4.74,4.39,4.43,-0.31,2.3
2024-07-03,83.87999725341797,2369.39990234375,4.540999889373779,118.39873504638672,32.335418701171875,5537.02001953125,4.71,4.33,4.36,-0.35,2.27
2024-07-04,83.87999725341797,2369.39990234375,4.540999889373779,118.39873504638672,32.335418701171875,5537.02001953125,4.71,4.33,4.36,-0.35,2.27
2024-07-05,83.16000366210938,2397.699951171875,4.6585001945495605,117.97054290771484,32.392127990722656,5567.18994140625,4.6,4.22,4.28,-0.32,2.28
2024-07-08,82.33000183105469,2363.5,4.622000217437744,118.11652374267578,32.425209045410156,5572.85009765625,4.62,4.23,4.28,-0.34,2.27
2024-07-09,81.41000366210938,2367.89990234375,4.578000068664551,117.60072326660156,32.519710540771484,5576.97998046875,4.62,4.24,4.3,-0.32,2.26
2024-07-10,82.0999984741211,2379.699951171875,4.607500076293945,118.65176391601562,32.82685852050781,5633.91015625,4.62,4.24,4.28,-0.34,2.27
2024-07-11,82.62000274658203,2421.89990234375,4.508500099182129,120.16022491455078,33.42698287963867,5584.5400390625,4.5,4.13,4.2,-0.3,2.25
2024-07-12,82.20999908447266,2420.699951171875,4.598499774932861,120.85118103027344,33.672698974609375,5615.35009765625,4.45,4.1,4.18,-0.27,2.24
2024-07-15,81.91000366210938,2428.89990234375,4.5289998054504395,121.71732330322266,32.85521697998047,5631.22021484375,4.44,4.13,4.23,-0.21,2.27
2024-07-16,80.76000213623047,2467.800048828125,4.443999767303467,124.75370025634766,33.11037826538086,5667.2001953125,4.43,4.09,4.17,-0.26,2.26
2024-07-17,82.8499984741211,2459.89990234375,4.39900016784668,123.15765380859375,33.12928009033203,5588.27001953125,4.42,4.07,4.16,-0.26,2.26
2024-07-18,82.81999969482422,2456.39990234375,4.265999794006348,122.1941909790039,33.100929260253906,5544.58984375,4.46,4.11,4.2,-0.26,2.31
2024-07-19,80.12999725341797,2399.10009765625,4.218999862670898,121.52268981933594,33.13873291015625,5505.0,4.49,4.16,4.25,-0.24,2.32
2024-07-22,79.77999877929688,2394.699951171875,4.180500030517578,122.7586441040039,33.41752624511719,5564.41015625,4.5,4.17,4.26,-0.24,2.3
2024-07-23,76.95999908447266,2407.300048828125,4.145999908447266,122.52507781982422,33.20961380004883,5555.740234375,4.4,4.15,4.25,-0.15,2.29
2024-07-24,77.58999633789062,2415.699951171875,4.098999977111816,119.88772583007812,33.58291244506836,5427.1298828125,4.37,4.12,4.28,-0.09,2.28
2024-07-25,78.27999877929688,2353.5,4.112500190734863,120.85118103027344,33.304115295410156,5399.22021484375,4.41,4.13,4.27,-0.14,2.28
2024-07-26,77.16000366210938,2381.0,4.104499816894531,122.91436004638672,33.63017272949219,5459.10009765625,4.36,4.06,4.2,-0.16,2.27
2024-07-29,75.80999755859375,2377.800048828125,4.061999797821045,122.70026397705078,33.781375885009766,5463.5400390625,4.36,4.05,4.17,-0.19,2.25
2024-07-30,74.7300033569336,2405.0,4.063000202178955,123.06034088134766,33.956214904785156,5436.43994140625,4.35,4.03,4.15,-0.2,2.25
2024-07-31,77.91000366210938,2426.5,4.159999847412109,124.43254089355469,34.39567565917969,5522.2998046875,4.29,3.97,4.09,-0.2,2.24
2024-08-01,76.30999755859375,2480.800048828125,4.066500186920166,122.12606811523438,35.014686584472656,5446.68017578125,4.16,3.84,3.99,-0.17,2.2
2024-08-02,73.5199966430664,2469.800048828125,4.084000110626221,119.44005584716797,35.07139205932617,5346.56005859375,3.88,3.62,3.8,-0.08,2.04
2024-08-05,72.94000244140625,2444.39990234375,3.9839999675750732,117.3671646118164,34.14522933959961,5186.330078125,3.89,3.62,3.78,-0.11,2.07
2024-08-06,73.19999694824219,2431.60009765625,4.011499881744385,118.77828979492188,34.433475494384766,5240.02978515625,3.99,3.73,3.9,-0.09,2.12
2024-08-07,75.2300033569336,2432.39990234375,3.9375,118.2041015625,34.62721252441406,5199.5,4.0,3.79,3.96,-0.04,2.11
2024-08-08,76.19000244140625,2463.300048828125,3.944999933242798,120.92904663085938,34.665016174316406,5319.31005859375,4.04,3.83,3.99,-0.05,2.12
2024-08-09,76.83999633789062,2473.39990234375,3.9800000190734863,120.94850158691406,34.78314971923828,5344.16015625,4.05,3.8,3.94,-0.11,2.1
2024-08-12,80.05999755859375,2504.0,4.054999828338623,120.33538818359375,34.844573974609375,5344.39013671875,4.01,3.75,3.9,-0.11,2.11
2024-08-13,78.3499984741211,2507.800048828125,4.035999774932861,121.60054779052734,35.04776382446289,5434.43017578125,3.93,3.68,3.85,-0.08,2.09
2024-08-14,76.9800033569336,2479.699951171875,4.025000095367432,122.09687805175781,35.024139404296875,5455.2099609375,3.94,3.67,3.83,-0.11,2.06
2024-08-15,78.16000366210938,2492.39990234375,4.138999938964844,123.7415771484375,35.019412994384766,5543.22021484375,4.08,3.79,3.92,-0.16,2.12
2024-08-16,76.6500015258789,2537.800048828125,4.127500057220459,123.56640625,35.17535400390625,5554.25,4.06,3.77,3.89,-0.17,2.08
2024-08-19,74.37000274658203,2541.300048828125,4.166500091552734,124.31575012207031,35.406890869140625,5608.25,4.06,3.75,3.86,-0.2,2.07
2024-08-20,74.04000091552734,2550.60009765625,4.149499893188477,123.97514343261719,35.3312873840332,5597.1201171875,3.99,3.7,3.82,-0.17,2.07
2024-08-21,71.93000030517578,2547.5,4.18149995803833,124.7245101928711,35.58173370361328,5620.85009765625,3.92,3.64,3.79,-0.13,2.07
2024-08-22,73.01000213623047,2516.699951171875,4.140999794006348,124.56878662109375,35.53920364379883,5570.64013671875,3.99,3.72,3.86,-0.13,2.1
2024-08-23,74.83000183105469,2546.300048828125,4.194499969482422,125.81448364257812,35.638423919677734,5634.60986328125,3.9,3.65,3.81,-0.09,2.13
2024-08-26,77.41999816894531,2555.199951171875,4.21150016784668,125.67823791503906,35.869972229003906,5616.83984375,3.91,3.66,3.82,-0.09,2.15
2024-08-27,75.52999877929688,2552.89990234375,4.230500221252441,125.75609588623047,35.58645248413086,5625.7998046875,3.83,3.66,3.83,0.0,2.15
2024-08-28,74.5199966430664,2537.800048828125,4.144999980926514,125.69771575927734,35.58645248413086,5592.18017578125,3.83,3.63,3.84,0.01,2.15
2024-08-29,75.91000366210938,2560.300048828125,4.147500038146973,126.58332061767578,35.780189514160156,5591.9599609375,3.87,3.66,3.87,0.0,2.16
2024-08-30,73.55000305175781,2527.60009765625,4.144999980926514,127.93605041503906,36.04953384399414,5648.39990234375,3.91,3.71,3.91,0.0,2.15
2024-09-02,73.55000305175781,2527.60009765625,4.144999980926514,127.93605041503906,36.04953384399414,5648.39990234375,3.91,3.71,3.91,0.0,2.15
2024-09-03,70.33999633789062,2523.0,4.0320000648498535,125.10404968261719,35.997554779052734,5528.93017578125,3.88,3.65,3.84,-0.04,2.11
2024-09-04,69.19999694824219,2526.0,4.019499778747559,125.23056030273438,36.30470275878906,5520.06982421875,3.76,3.56,3.77,0.01,2.07
2024-09-05,69.1500015258789,2543.10009765625,4.077499866485596,123.77076721191406,36.21492385864258,5503.41015625,3.75,3.54,3.73,-0.02,2.03
2024-09-06,67.66999816894531,2524.60009765625,4.014500141143799,122.51535034179688,35.869972229003906,5408.419921875,3.66,3.5,3.72,0.06,2.03
2024-09-09,68.70999908447266,2532.699951171875,4.084499835968018,124.39362335205078,36.23381805419922,5471.0498046875,3.68,3.49,3.7,0.02,2.04
2024-09-10,65.75,2543.10009765625,4.040500164031982,124.60770416259766,36.403934478759766,5495.52001953125,3.59,3.43,3.65,0.06,2.02
2024-09-11,67.30999755859375,2542.39990234375,4.083000183105469,124.83155059814453,36.5173454284668,5554.1298828125,3.62,3.45,3.65,0.03,2.04
2024-09-12,68.97000122070312,2580.60009765625,4.132999897003174,125.79500579833984,36.5976676940918,5595.759765625,3.64,3.47,3.68,0.04,2.05
2024-09-13,68.6500015258789,2610.699951171875,4.175000190734863,127.06990814208984,37.112735748291016,5626.02001953125,3.57,3.43,3.66,0.09,2.08
2024-09-16,70.08999633789062,2608.89990234375,4.2129998207092285,127.72193145751953,37.39624786376953,5633.08984375,3.56,3.41,3.63,0.07,2.09
2024-09-17,71.19000244140625,2592.39990234375,4.213500022888184,128.42262268066406,37.36790466308594,5634.580078125,3.59,3.44,3.65,0.06,2.12
2024-09-18,70.91000366210938,2598.60009765625,4.23799991607666,128.31561279296875,37.08438491821289,5618.259765625,3.61,3.47,3.7,0.09,2.12
2024-09-19,71.94999694824219,2614.60009765625,4.285999774932861,130.5247344970703,36.86701202392578,5713.64013671875,3.59,3.49,3.73,0.14,2.17
2024-09-20,71.91999816894531,2646.199951171875,4.281499862670898,129.60992431640625,37.840431213378906,5702.5498046875,3.55,3.48,3.73,0.18,2.15
2024-09-23,70.37000274658203,2652.5,4.289000034332275,130.47987365722656,38.215789794921875,5718.56982421875,3.57,3.51,3.75,0.18,2.17
2024-09-24,71.55999755859375,2677.0,4.429500102996826,131.4171905517578,37.94462203979492,5732.93017578125,3.49,3.47,3.74,0.25,2.19
2024-09-25,69.69000244140625,2684.699951171875,4.427999973297119,130.8020782470703,38.14442825317383,5722.259765625,3.53,3.52,3.79,0.26,2.18
2024-09-26,67.66999816894531,2694.89990234375,4.580999851226807,131.4562225341797,37.88277053833008,5745.3701171875,3.6,3.55,3.79,0.19,2.16
2024-09-27,68.18000030517578,2668.10009765625,4.540999889373779,131.6417236328125,38.258609771728516,5738.169921875,3.55,3.5,3.75,0.2,2.15
2024-09-30,68.16999816894531,2659.39990234375,4.495999813079834,132.23731994628906,38.429866790771484,5762.47998046875,3.66,3.58,3.81,0.15,2.18
2024-10-01,69.83000183105469,2690.300048828125,4.5355000495910645,132.30564880371094,38.73910140991211,5708.75,3.61,3.51,3.74,0.13,2.19
2024-10-02,70.0999984741211,2669.699951171875,4.5960001945495605,132.06155395507812,38.75812911987305,5709.5400390625,3.63,3.55,3.79,0.16,2.21
2024-10-03,73.70999908447266,2679.199951171875,4.501999855041504,131.38787841796875,38.74385452270508,5699.93994140625,3.7,3.62,3.85,0.15,2.21
2024-10-04,74.37999725341797,2667.800048828125,4.522500038146973,132.30564880371094,38.6820068359375,5751.06982421875,3.93,3.81,3.98,0.05,2.23
2024-10-07,77.13999938964844,2666.0,4.519000053405762,131.98345947265625,37.792388916015625,5695.93994140625,3.99,3.86,4.03,0.04,2.27
2024-10-08,73.56999969482422,2635.39990234375,4.4120001792907715,132.2763671875,37.81142044067383,5751.1298828125,3.98,3.86,4.04,0.06,2.27
2024-10-09,73.23999786376953,2626.0,4.355000019073486,133.45774841308594,37.487918853759766,5792.0400390625,3.99,3.91,4.06,0.07,2.29
2024-10-10,75.8499984741211,2639.300048828125,4.385000228881836,132.77430725097656,37.373741149902344,5780.0498046875,3.98,3.91,4.09,0.11,2.33
2024-10-11,75.55999755859375,2676.300048828125,4.451499938964844,135.14683532714844,37.70199966430664,5815.02978515625,3.95,3.88,4.08,0.13,2.33
2024-10-14,73.83000183105469,2665.60009765625,4.363500118255615,135.9571990966797,38.177734375,5859.85009765625,3.95,3.88,4.08,0.13,2.33
2024-10-15,70.58000183105469,2678.89990234375,4.30049991607666,134.9125213623047,38.3489990234375,5815.259765625,3.95,3.86,4.03,0.08,2.28
2024-10-16,70.38999938964844,2691.300048828125,4.331500053405762,135.9571990966797,39.110172271728516,5842.47021484375,3.93,3.84,4.02,0.09,2.27
2024-10-17,70.66999816894531,2707.5,4.286499977111816,135.56666564941406,38.76288986206055,5841.47021484375,3.96,3.9,4.09,0.13,2.3
2024-10-18,69.22000122070312,2730.0,4.3460001945495605,135.9767608642578,38.98647689819336,5864.669921875,3.95,3.88,4.08,0.13,2.31
2024-10-21,70.55999755859375,2738.89990234375,4.322999954223633,135.49832153320312,38.83424377441406,5853.97998046875,4.02,3.98,4.19,0.17,2.31
2024-10-22,72.08999633789062,2759.800048828125,4.3480000495910645,133.85806274414062,38.696285247802734,5851.2001953125,4.03,4.0,4.2,0.17,2.33
2024-10-23,70.7699966430664,2729.39990234375,4.304500102996826,133.46751403808594,39.06735610961914,5797.419921875,4.07,4.05,4.24,0.17,2.31
2024-10-24,70.19000244140625,2748.89990234375,4.319499969482422,132.54974365234375,38.81521224975586,5809.85986328125,4.07,4.03,4.21,0.14,2.3
2024-10-25,71.77999877929688,2754.60009765625,4.3394999504089355,132.19825744628906,38.23957824707031,5808.1201171875,4.11,4.07,4.25,0.14,2.29
2024-10-28,67.37999725341797,2755.89990234375,4.331999778747559,132.58880615234375,38.53929138183594,5823.52001953125,4.12,4.11,4.28,0.16,2.29
2024-10-29,67.20999908447266,2781.10009765625,4.332499980926514,132.4130401611328,37.716270446777344,5832.919921875,4.11,4.11,4.28,0.17,2.3
2024-10-30,68.61000061035156,2800.800048828125,4.327499866485596,132.18849182128906,37.625877380371094,5813.669921875,4.15,4.14,4.29,0.14,2.34
2024-10-31,69.26000213623047,2749.300048828125,4.313499927520752,130.66537475585938,38.015987396240234,5705.4501953125,4.16,4.15,4.28,0.12,2.33
2024-11-01,69.48999786376953,2749.199951171875,4.347499847412109,130.8411102294922,37.169166564941406,5728.7998046875,4.21,4.22,4.37,0.16,2.33
2024-11-04,71.47000122070312,2746.199951171875,4.4070000648498535,130.69467163085938,36.72673416137695,5712.68994140625,4.17,4.17,4.31,0.14,2.28
2024-11-05,71.98999786376953,2749.699951171875,4.450500011444092,132.88169860839844,37.27859115600586,5782.759765625,4.19,4.16,4.26,0.07,2.27
2024-11-06,71.69000244140625,2676.300048828125,4.222499847412109,138.08566284179688,36.893253326416016,5929.0400390625,4.27,4.27,4.42,0.15,2.38
2024-11-07,72.36000061035156,2705.800048828125,4.409999847412109,137.2557830810547,36.95985412597656,5973.10009765625,4.21,4.17,4.31,0.1,2.33
2024-11-08,70.37999725341797,2694.800048828125,4.286499977111816,138.73007202148438,37.66869354248047,5995.5400390625,4.26,4.2,4.3,0.04,2.35
2024-11-11,68.04000091552734,2617.699951171875,4.210999965667725,139.8040771484375,37.77335739135742,6001.35009765625,4.26,4.2,4.3,0.04,2.35
2024-11-12,68.12000274658203,2606.300048828125,4.119500160217285,138.60313415527344,37.34043502807617,5983.990234375,4.34,4.32,4.43,0.09,2.35
2024-11-13,68.43000030517578,2586.5,4.065999984741211,138.89602661132812,37.273834228515625,5985.3798828125,4.27,4.3,4.44,0.17,2.35
2024-11-14,68.69999694824219,2572.89990234375,4.072999954223633,136.55279541015625,37.145381927490234,5949.169921875,4.34,4.32,4.43,0.09,2.33
2024-11-15,67.0199966430664,2570.10009765625,4.051000118255615,135.82052612304688,37.70199966430664,5870.6201171875,4.31,4.3,4.43,0.12,2.33
2024-11-18,69.16000366210938,2614.60009765625,4.107999801635742,135.635009765625,38.030250549316406,5893.6201171875,4.29,4.28,4.42,0.13,2.34
2024-11-19,69.38999938964844,2631.0,4.130000114440918,135.51785278320312,38.27287673950195,5916.97998046875,4.27,4.25,4.39,0.12,2.34
2024-11-20,68.87000274658203,2651.699951171875,4.143499851226807,135.664306640625,38.291908264160156,5917.10986328125,4.31,4.28,4.41,0.1,2.35
2024-11-21,70.0999984741211,2674.89990234375,4.11299991607666,137.3631591796875,38.95793533325195,5948.7099609375,4.34,4.3,4.43,0.09,2.34
2024-11-22,71.23999786376953,2712.199951171875,4.073999881744385,139.2768096923828,38.74860763549805,5969.33984375,4.37,4.3,4.41,0.04,2.34
2024-11-25,68.94000244140625,2618.5,4.0914998054504395,140.14576721191406,38.81997299194336,5987.3701171875,4.21,4.17,4.27,0.06,2.29
2024-11-26,68.7699966430664,2621.300048828125,4.039000034332275,140.311767578125,39.43843078613281,6021.6298828125,4.21,4.17,4.3,0.09,2.28
2024-11-27,68.72000122070312,2639.89990234375,4.066999912261963,139.7942657470703,39.43843078613281,5998.740234375,4.19,4.11,4.25,0.06,2.26
2024-11-28,68.72000122070312,2639.89990234375,4.066999912261963,139.7942657470703,39.43843078613281,5998.740234375,4.19,4.11,4.25,0.06,2.26
2024-11-29,68.0,2657.0,4.08050012588501,140.58514404296875,39.452701568603516,6032.3798828125,4.13,4.05,4.18,0.05,2.26
2024-12-02,68.0999984741211,2658.5,4.075500011444092,139.55018615722656,38.605892181396484,6047.14990234375,4.17,4.08,4.19,0.02,2.26
2024-12-03,69.94000244140625,2667.89990234375,4.145999908447266,138.67147827148438,38.27287673950195,6049.8798828125,4.17,4.11,4.23,0.06,2.28
2024-12-04,68.54000091552734,2676.199951171875,4.142000198364258,139.2768096923828,38.268123626708984,6086.490234375,4.13,4.07,4.19,0.06,2.29
2024-12-05,68.30000305175781,2648.39990234375,4.135000228881836,137.5877227783203,38.38705825805664,6075.10986328125,4.15,4.07,4.17,0.02,2.25
2024-12-06,67.19999694824219,2659.60009765625,4.138500213623047,137.23622131347656,37.911319732666016,6090.27001953125,4.1,4.03,4.15,0.05,2.24
2024-12-09,68.37000274658203,2685.800048828125,4.223499774932861,136.04507446289062,37.43558883666992,6052.85009765625,4.13,4.07,4.2,0.07,2.27
2024-12-10,68.58999633789062,2718.39990234375,4.223499774932861,135.713134765625,37.1644172668457,6034.91015625,4.15,4.09,4.22,0.07,2.29
2024-12-11,70.29000091552734,2756.699951171875,4.214000225067139,135.40069580078125,36.93130874633789,6084.18994140625,4.15,4.13,4.26,0.11,2.3
2024-12-12,70.0199966430664,2709.39990234375,4.195000171661377,134.53172302246094,36.91227722167969,6051.25,4.18,4.18,4.32,0.14,2.32
2024-12-13,71.29000091552734,2675.800048828125,4.14900016784668,134.1802520751953,36.93606185913086,6051.08984375,4.25,4.25,4.4,0.15,2.33
2024-12-16,70.70999908447266,2670.0,4.143499851226807,134.2974090576172,36.64110565185547,6074.080078125,4.25,4.25,4.39,0.14,2.32
2024-12-17,70.08000183105469,2662.0,4.0914998054504395,133.06719970703125,36.48887252807617,6050.60986328125,4.25,4.26,4.4,0.15,2.31
2024-12-18,70.58000183105469,2653.300048828125,4.099999904632568,129.30825805664062,35.62779235839844,5872.16015625,4.35,4.4,4.5,0.15,2.32
2024-12-19,69.91000366210938,2608.10009765625,4.020500183105469,129.1422576904297,35.78954315185547,5867.080078125,4.32,4.43,4.57,0.25,2.29
2024-12-20,69.45999908447266,2645.10009765625,4.040999889373779,130.65560913085938,36.36042404174805,5930.85009765625,4.3,4.37,4.52,0.22,2.29
2024-12-23,69.23999786376953,2628.199951171875,4.0229997634887695,130.62619018554688,36.48418045043945,5974.06982421875,4.3,4.44,4.59,0.29,2.32
2024-12-24,70.0999984741211,2635.5,4.049499988555908,131.64669799804688,36.68565368652344,6040.0400390625,4.29,4.43,4.59,0.3,2.35
2024-12-25,70.0999984741211,2635.5,4.049499988555908,131.64669799804688,36.68565368652344,6040.0400390625,4.29,4.43,4.59,0.3,2.35
2024-12-26,69.62000274658203,2653.89990234375,4.072000026702881,131.7448272705078,36.599300384521484,6037.58984375,4.3,4.42,4.58,0.28,2.35
2024-12-27,70.5999984741211,2631.89990234375,4.0625,130.7635498046875,36.4937744140625,5970.83984375,4.31,4.45,4.62,0.31,2.34
2024-12-30,70.98999786376953,2618.10009765625,4.045499801635742,129.4486541748047,36.340274810791016,5906.93994140625,4.24,4.37,4.55,0.31,2.31
2024-12-31,71.72000122070312,2641.0,3.9860000610351562,129.29164123535156,36.306705474853516,5881.6298828125,4.25,4.38,4.58,0.33,2.34
2025-01-01,71.72000122070312,2641.0,3.9860000610351562,129.29164123535156,36.306705474853516,5881.6298828125,4.25,4.38,4.58,0.33,2.34
2025-01-02,73.12999725341797,2669.0,3.9885001182556152,128.8402862548828,36.58491134643555,5868.5498046875,4.25,4.38,4.57,0.32,2.34
2025-01-03,73.95999908447266,2654.699951171875,4.0395002365112305,130.23367309570312,36.97345733642578,5942.47021484375,4.28,4.41,4.6,0.32,2.34
2025-01-06,73.55999755859375,2647.39990234375,4.126999855041504,129.9490966796875,36.56092834472656,5975.3798828125,4.28,4.42,4.62,0.34,2.34
2025-01-07,74.25,2665.39990234375,4.1605000495910645,129.821533203125,36.46978759765625,5909.02978515625,4.3,4.46,4.67,0.37,2.38
2025-01-08,73.31999969482422,2672.39990234375,4.227499961853027,130.33180236816406,36.46019744873047,5918.25,4.28,4.45,4.67,0.39,2.4
2025-01-09,73.91999816894531,2690.800048828125,4.2795000076293945,130.33180236816406,36.46019744873047,5918.25,4.27,4.46,4.68,0.41,2.39
2025-01-10,76.56999969482422,2715.0,4.274499893188477,128.8697052001953,36.253936767578125,5827.0400390625,4.4,4.59,4.77,0.37,2.43
2025-01-13,78.81999969482422,2678.60009765625,4.295499801635742,130.380859375,35.83182144165039,5836.22021484375,4.4,4.61,4.79,0.39,2.45
2025-01-14,77.5,2682.300048828125,4.310500144958496,131.92144775390625,36.301902770996094,5842.91015625,4.37,4.59,4.78,0.41,2.44
2025-01-15,80.04000091552734,2717.800048828125,4.359499931335449,132.75552368164062,36.8343391418457,5949.91015625,4.27,4.45,4.66,0.39,2.42
2025-01-16,78.68000030517578,2750.89990234375,4.4105000495910645,134.3647918701172,37.76491928100586,5937.33984375,4.23,4.39,4.61,0.38,2.42
2025-01-17,77.87999725341797,2748.699951171875,4.337500095367432,135.16943359375,37.81768035888672,5996.66015625,4.27,4.42,4.61,0.34,2.41
2025-01-20,77.87999725341797,2748.699951171875,4.337500095367432,135.16943359375,37.81768035888672,5996.66015625,4.27,4.42,4.61,0.34,2.41
2025-01-21,75.88999938964844,2759.199951171875,4.310999870300293,137.94644165039062,38.398094177246094,6049.240234375,4.29,4.4,4.57,0.28,2.38
2025-01-22,75.44000244140625,2770.89990234375,4.271500110626221,137.62261962890625,37.56825256347656,6086.3701171875,4.29,4.43,4.6,0.31,2.4
2025-01-23,74.62000274658203,2765.0,4.299499988555908,139.01600646972656,37.745731353759766,6118.7099609375,4.29,4.45,4.65,0.36,2.42
2025-01-24,74.66000366210938,2778.89990234375,4.289999961853027,138.42724609375,38.12947082519531,6101.240234375,4.27,4.43,4.63,0.36,2.43
2025-01-27,73.16999816894531,2738.39990234375,4.203499794006348,136.57264709472656,37.24686813354492,6012.27978515625,4.17,4.32,4.53,0.36,2.4
2025-01-28,73.7699966430664,2767.5,4.2204999923706055,135.66989135742188,36.73361587524414,6067.7001953125,4.19,4.33,4.55,0.36,2.42
2025-01-29,72.62000274658203,2769.800048828125,4.257500171661377,135.20867919921875,36.810359954833984,6039.31005859375,4.21,4.35,4.55,0.34,2.4
2025-01-30,72.7300033569336,2823.0,4.288000106811523,136.7198486328125,37.577842712402344,6071.169921875,4.18,4.31,4.52,0.34,2.38
2025-01-31,72.52999877929688,2812.5,4.26200008392334,135.75820922851562,37.3571891784668,6040.52978515625,4.22,4.36,4.58,0.36,2.42
2025-02-03,73.16000366210938,2857.10009765625,4.294000148773193,134.4138641357422,37.55865478515625,5994.56982421875,4.26,4.35,4.54,0.28,2.45
2025-02-04,72.69999694824219,2875.800048828125,4.34250020980835,134.45310974121094,37.22767639160156,6037.8798828125,4.21,4.31,4.52,0.31,2.44
2025-02-05,71.02999877929688,2893.0,4.434500217437744,134.55123901367188,37.60182571411133,6061.47998046875,4.17,4.24,4.43,0.26,2.42
2025-02-06,70.61000061035156,2876.699951171875,4.453499794006348,135.15963745117188,37.55865478515625,6083.56982421875,4.21,4.28,4.45,0.24,2.42
2025-02-07,71.0,2887.60009765625,4.581500053405762,134.75732421875,37.48190689086914,6025.990234375,4.29,4.34,4.49,0.2,2.42
2025-02-10,72.31999969482422,2934.39990234375,4.700500011444092,135.96426391601562,37.88963317871094,6066.43994140625,4.28,4.34,4.51,0.23,2.44
2025-02-11,73.31999969482422,2932.60009765625,4.5945000648498535,136.01332092285156,38.081504821777344,6068.5,4.29,4.37,4.54,0.25,2.46
2025-02-12,71.37000274658203,2928.699951171875,4.697999954223633,135.16943359375,38.01435089111328,6051.97021484375,4.36,4.48,4.62,0.26,2.46
2025-02-13,71.29000091552734,2945.39990234375,4.769000053405762,135.3068389892578,38.10068893432617,6115.06982421875,4.31,4.39,4.52,0.21,2.44
2025-02-14,70.73999786376953,2900.699951171875,4.656499862670898,134.9731903076172,37.9423942565918,6114.6298828125,4.26,4.33,4.47,0.21,2.43
2025-02-17,70.73999786376953,2900.699951171875,4.656499862670898,134.9731903076172,37.9423942565918,6114.6298828125,4.26,4.33,4.47,0.21,2.43
2025-02-18,71.8499984741211,2949.0,4.585000038146973,136.032958984375,38.29735565185547,6129.580078125,4.29,4.4,4.55,0.26,2.45
2025-02-19,72.25,2936.10009765625,4.557000160217285,136.17034912109375,38.49882125854492,6144.14990234375,4.28,4.37,4.53,0.25,2.45
2025-02-20,72.56999969482422,2956.10009765625,4.607999801635742,135.2773895263672,38.4940185546875,6117.52001953125,4.28,4.34,4.5,0.22,2.45
2025-02-21,70.4000015258789,2953.199951171875,4.559999942779541,132.31394958496094,38.50361251831055,6013.1298828125,4.19,4.26,4.42,0.23,2.42
2025-02-24,70.69999694824219,2963.199951171875,4.517000198364258,131.71536254882812,38.31175231933594,5983.25,4.13,4.23,4.4,0.27,2.42
2025-02-25,68.93000030517578,2918.800048828125,4.486000061035156,132.39244079589844,38.11988067626953,5955.25,4.07,4.12,4.3,0.23,2.38
2025-02-26,68.62000274658203,2930.60009765625,4.541999816894531,132.47096252441406,38.27817153930664,5956.06005859375,4.05,4.06,4.25,0.2,2.36
2025-02-27,70.3499984741211,2895.89990234375,4.579999923706055,132.009765625,37.429141998291016,5861.56982421875,4.07,4.09,4.29,0.22,2.37
2025-02-28,69.76000213623047,2848.5,4.514500141143799,133.7760467529297,37.99995803833008,5954.5,3.99,4.03,4.24,0.25,2.38
2025-03-03,68.37000274658203,2901.10009765625,4.576499938964844,131.8723907470703,38.05271911621094,5849.72021484375,3.96,3.97,4.16,0.2,2.36
2025-03-04,68.26000213623047,2920.60009765625,4.527500152587891,129.3014678955078,37.43394088745117,5778.14990234375,3.96,4.01,4.22,0.26,2.35
2025-03-05,66.30999755859375,2926.0,4.766499996185303,131.34249877929688,37.17011642456055,5842.6298828125,3.99,4.08,4.28,0.29,2.34
2025-03-06,66.36000061035156,2926.60009765625,4.7789998054504395,130.2140350341797,36.39784240722656,5738.52001953125,3.96,4.06,4.29,0.33,2.34
2025-03-07,67.04000091552734,2914.10009765625,4.683000087738037,131.73501586914062,37.07418441772461,5770.2001953125,3.99,4.09,4.32,0.33,2.33
2025-03-10,66.02999877929688,2899.39990234375,4.639500141143799,129.67434692382812,37.48190689086914,5614.56005859375,3.89,3.98,4.22,0.33,2.31
2025-03-11,66.25,2920.89990234375,4.739999771118164,127.68236541748047,37.13174819946289,5572.06982421875,3.94,4.03,4.28,0.34,2.31
2025-03-12,67.68000030517578,2946.800048828125,4.821000099182129,127.67256164550781,37.01662063598633,5599.2998046875,4.01,4.09,4.32,0.31,2.33
2025-03-13,66.55000305175781,2991.300048828125,4.898499965667725,126.36747741699219,37.107757568359375,5521.52001953125,3.94,4.02,4.27,0.33,2.29
2025-03-14,67.18000030517578,3001.10009765625,4.869500160217285,128.67347717285156,37.83207321166992,5638.93994140625,4.02,4.09,4.31,0.29,2.3
2025-03-17,67.58000183105469,3006.10009765625,4.933499813079834,130.44955444335938,37.990360260009766,5675.1201171875,4.06,4.11,4.31,0.25,2.29
2025-03-18,66.9000015258789,3040.800048828125,4.993000030517578,129.40940856933594,37.72654342651367,5614.66015625,4.04,4.07,4.29,0.25,2.3
2025-03-19,67.16000366210938,3041.199951171875,5.076000213623047,131.12664794921875,37.86565017700195,5675.2900390625,3.99,4.03,4.25,0.26,2.31
2025-03-20,68.26000213623047,3043.800048828125,5.085000038146973,130.46917724609375,38.01914978027344,5662.89013671875,3.95,4.01,4.24,0.29,2.31
2025-03-21,68.27999877929688,3021.39990234375,5.087500095367432,129.77247619628906,37.77450942993164,5667.56005859375,3.94,4.0,4.25,0.31,2.33
2025-03-24,69.11000061035156,3015.60009765625,5.064000129699707,132.1790313720703,37.76243209838867,5767.56982421875,4.04,4.09,4.34,0.3,2.36
2025-03-25,69.0,3025.89990234375,5.183000087738037,132.37591552734375,37.1585807800293,5776.64990234375,3.96,4.07,4.31,0.35,2.35
2025-03-26,69.6500015258789,3022.5,5.216000080108643,131.4998779296875,37.40495300292969,5712.2001953125,3.98,4.08,4.35,0.37,2.37
2025-03-27,69.91999816894531,3061.0,5.097499847412109,130.80104064941406,37.395294189453125,5693.31005859375,3.97,4.09,4.38,0.41,2.39
2025-03-28,69.36000061035156,3086.5,5.112500190734863,128.1041259765625,37.670650482177734,5580.93994140625,3.89,3.98,4.27,0.38,2.37
2025-03-31,71.4800033569336,3122.800048828125,5.019999980926514,129.00965881347656,38.09092712402344,5611.85009765625,3.89,3.96,4.23,0.34,2.38
2025-04-01,71.19999694824219,3146.0,5.019000053405762,129.73802185058594,38.18754959106445,5633.06982421875,3.87,3.91,4.17,0.3,2.33
2025-04-02,71.70999908447266,3166.199951171875,5.023499965667725,130.95851135253906,38.36627960205078,5670.97021484375,3.91,3.95,4.2,0.29,2.32
2025-04-03,66.94999694824219,3121.699951171875,4.810999870300293,123.8717041015625,38.1247444152832,5396.52001953125,3.71,3.75,4.06,0.35,2.28
2025-04-04,61.9900016784668,3035.39990234375,4.384500026702881,116.0860595703125,36.00401306152344,5074.080078125,3.68,3.72,4.01,0.33,2.18
2025-04-07,60.70000076293945,2973.60009765625,4.169000148773193,115.54469299316406,35.453304290771484,5062.25,3.73,3.82,4.15,0.42,2.19
2025-04-08,59.58000183105469,2990.199951171875,4.127500057220459,114.5899429321289,35.308380126953125,4982.77001953125,3.71,3.88,4.26,0.55,2.22
2025-04-09,62.349998474121094,3079.39990234375,4.17549991607666,124.76740264892578,36.69965362548828,5456.89990234375,3.91,4.06,4.34,0.43,2.27
2025-04-10,60.06999969482422,3177.5,4.321000099182129,121.54879760742188,36.42430114746094,5268.0498046875,3.84,4.04,4.4,0.56,2.19
2025-04-11,61.5,3244.60009765625,4.507500171661377,123.69452667236328,36.868736267089844,5363.35986328125,3.96,4.15,4.48,0.52,2.2
2025-04-14,61.529998779296875,3226.300048828125,4.610499858856201,124.98394775390625,37.530555725097656,5405.97021484375,3.84,4.02,4.38,0.54,2.23
2025-04-15,61.33000183105469,3240.39990234375,4.611000061035156,124.36384582519531,37.525726318359375,5396.6298828125,3.84,3.98,4.35,0.51,2.19
2025-04-16,62.470001220703125,3346.39990234375,4.673999786376953,122.66104888916016,37.187564849853516,5275.7001953125,3.77,3.91,4.29,0.52,2.17
2025-04-17,64.68000030517578,3328.39990234375,4.731500148773193,123.33036041259766,37.56919860839844,5282.7001953125,3.81,3.95,4.34,0.53,2.23
2025-04-18,64.68000030517578,3328.39990234375,4.731500148773193,123.33036041259766,37.56919860839844,5282.7001953125,3.81,3.95,4.34,0.53,2.23
2025-04-21,63.08000183105469,3425.300048828125,4.7210001945495605,120.56451416015625,36.68033218383789,5158.2001953125,3.75,3.97,4.42,0.67,2.22
2025-04-22,64.30999755859375,3419.39990234375,4.870500087738037,122.67089080810547,37.6803092956543,5287.759765625,3.76,3.98,4.41,0.65,2.27
2025-04-23,62.27000045776367,3294.10009765625,4.8354997634887695,124.20636749267578,37.83972930908203,5375.85986328125,3.81,4.0,4.4,0.59,2.29
2025-04-24,62.790000915527344,3348.60009765625,4.849999904632568,126.99189758300781,37.89769744873047,5484.77001953125,3.77,3.91,4.32,0.55,2.3
2025-04-25,63.02000045776367,3298.39990234375,4.8354997634887695,126.98202514648438,37.78175735473633,5525.2099609375,3.74,3.88,4.29,0.55,2.27
2025-04-28,62.04999923706055,3347.699951171875,4.8379998207092285,127.40528106689453,38.01363754272461,5528.75,3.67,3.81,4.23,0.56,2.25
2025-04-29,60.41999816894531,3333.60009765625,4.822999954223633,128.23207092285156,38.30831527709961,5560.830078125,3.65,3.77,4.19,0.54,2.23
2025-04-30,58.209999084472656,3319.10009765625,4.559999942779541,129.1573028564453,38.115081787109375,5569.06005859375,3.6,3.72,4.17,0.57,2.23
2025-05-01,59.2400016784668,3222.199951171875,4.580999851226807,130.13174438476562,38.226192474365234,5604.14013671875,3.7,3.81,4.25,0.55,2.25
2025-05-02,58.290000915527344,3243.300048828125,4.627500057220459,132.46446228027344,38.52570343017578,5686.669921875,3.83,3.92,4.33,0.5,2.27
2025-05-05,57.130001068115234,3322.300048828125,4.65500020980835,132.53335571289062,38.429080963134766,5650.3798828125,3.83,3.95,4.36,0.53,2.28
2025-05-06,59.09000015258789,3422.800048828125,4.735000133514404,131.37191772460938,38.897674560546875,5606.91015625,3.78,3.9,4.3,0.52,2.26
2025-05-07,58.06999969482422,3391.89990234375,4.616499900817871,132.04124450683594,39.0087776184082,5631.27978515625,3.78,3.87,4.26,0.48,2.25
2025-05-08,59.90999984741211,3306.0,4.560999870300293,133.86215209960938,38.69477844238281,5663.93994140625,3.9,4.0,4.37,0.47,2.29
2025-05-09,61.02000045776367,3344.0,4.611000061035156,133.97042846679688,38.76240921020508,5659.91015625,3.88,4.0,4.37,0.49,2.29
2025-05-12,61.95000076293945,3228.0,4.578499794006348,138.09457397460938,38.53053283691406,5844.18994140625,3.98,4.09,4.45,0.47,2.29
2025-05-13,63.66999816894531,3247.800048828125,4.68149995803833,139.05914306640625,38.47739028930664,5886.5498046875,4.02,4.12,4.49,0.47,2.32
2025-05-14,63.150001525878906,3188.300048828125,4.611000061035156,138.38983154296875,38.30831527709961,5892.580078125,4.05,4.17,4.53,0.48,2.37
2025-05-15,61.619998931884766,3226.60009765625,4.644499778747559,139.92532348632812,39.12472152709961,5916.93017578125,3.96,4.07,4.45,0.49,2.34
2025-05-16,62.4900016784668,3187.199951171875,4.555500030517578,141.51983642578125,39.6995849609375,5958.3798828125,3.98,4.06,4.43,0.45,2.34
2025-05-19,62.689998626708984,3233.5,4.633500099182129,142.00216674804688,39.86865997314453,5963.60009765625,3.97,4.07,4.46,0.49,2.36
2025-05-20,62.560001373291016,3284.60009765625,4.619500160217285,141.49032592773438,39.98460006713867,5940.4599609375,3.97,4.07,4.48,0.51,2.35
2025-05-21,61.56999969482422,3313.5,4.638000011444092,139.09854125976562,39.255149841308594,5844.60986328125,4.0,4.15,4.58,0.58,2.35
2025-05-22,61.20000076293945,3295.0,4.648499965667725,139.06898498535156,38.69477844238281,5842.009765625,4.0,4.11,4.54,0.54,2.34
2025-05-23,61.529998779296875,3365.800048828125,4.80649995803833,138.61624145507812,39.15853500366211,5802.81982421875,4.0,4.08,4.51,0.51,2.33
2025-05-26,61.529998779296875,3365.800048828125,4.80649995803833,138.61624145507812,39.15853500366211,5802.81982421875,4.0,4.08,4.51,0.51,2.33
2025-05-27,60.88999938964844,3300.39990234375,4.710000038146973,141.05723571777344,39.453216552734375,5921.5400390625,3.92,4.04,4.43,0.51,2.32
2025-05-28,61.84000015258789,3294.89990234375,4.644000053405762,140.35841369628906,38.90250015258789,5888.5498046875,3.96,4.05,4.47,0.51,2.32
2025-05-29,60.939998626708984,3317.10009765625,4.653500080108643,140.48635864257812,39.17302703857422,5912.169921875,3.92,4.0,4.43,0.51,2.32
2025-05-30,60.790000915527344,3288.89990234375,4.652500152587891,140.574951171875,39.5739860534668,5911.68994140625,3.89,3.96,4.41,0.52,2.34
2025-06-02,62.52000045776367,3397.199951171875,4.834499835968018,140.3977813720703,39.6995849609375,5935.93994140625,3.94,4.01,4.46,0.52,2.33
2025-06-03,63.40999984741211,3377.10009765625,4.809500217437744,141.48049926757812,39.80586624145508,5970.3701171875,3.96,4.04,4.46,0.5,2.32
2025-06-04,62.849998474121094,3399.199951171875,4.864500045776367,141.55921936035156,39.1102294921875,5970.81005859375,3.87,3.93,4.37,0.5,2.31
2025-06-05,63.369998931884766,3375.10009765625,4.91349983215332,141.46080017089844,39.04743194580078,5939.2998046875,3.92,3.99,4.4,0.48,2.29
2025-06-06,64.58000183105469,3346.60009765625,4.829999923706055,142.6517791748047,39.221336364746094,6000.35986328125,4.04,4.13,4.51,0.47,2.31
2025-06-09,65.29000091552734,3354.89990234375,4.9095001220703125,142.5238494873047,38.97013473510742,6005.8798828125,4.01,4.09,4.49,0.48,2.31
2025-06-10,64.9800033569336,3343.39990234375,4.883999824523926,141.90374755859375,39.06192398071289,6038.81005859375,4.01,4.08,4.47,0.46,2.29
2025-06-11,68.1500015258789,3343.699951171875,4.801000118255615,141.97262573242188,39.08607482910156,6022.240234375,3.94,4.02,4.41,0.47,2.27
2025-06-12,68.04000091552734,3402.39990234375,4.821499824523926,141.59861755371094,39.55949020385742,6045.259765625,3.9,3.97,4.36,0.46,2.25
2025-06-13,72.9800033569336,3452.800048828125,4.802999973297119,140.40762329101562,39.33243942260742,5976.97021484375,3.96,4.02,4.41,0.45,2.28
2025-06-16,71.7699966430664,3417.300048828125,4.826499938964844,141.37222290039062,39.13921356201172,6033.10986328125,3.97,4.04,4.46,0.49,2.3
2025-06-17,74.83999633789062,3406.89990234375,4.80049991607666,140.30918884277344,38.8155517578125,5982.72021484375,3.94,3.99,4.39,0.45,2.31
2025-06-18,75.13999938964844,3408.10009765625,4.84499979019165,139.97454833984375,38.9169921875,5980.8701171875,3.94,3.98,4.38,0.44,2.31
2025-06-19,75.13999938964844,3408.10009765625,4.84499979019165,139.97454833984375,38.9169921875,5980.8701171875,3.94,3.98,4.38,0.44,2.31
2025-06-20,74.93000030517578,3385.699951171875,4.826000213623047,140.1320037841797,39.02327346801758,5967.83984375,3.9,3.96,4.38,0.48,2.33
2025-06-23,68.51000213623047,3395.0,4.8429999351501465,142.02957153320312,39.517974853515625,6025.169921875,3.84,3.91,4.34,0.5,2.3
2025-06-24,64.37000274658203,3333.89990234375,4.867000102996826,143.21429443359375,39.688228607177734,6092.18017578125,3.75,3.86,4.3,0.55,2.29
2025-06-25,64.91999816894531,3343.10009765625,4.913000106811523,141.95057678222656,39.15801239013672,6092.16015625,3.74,3.83,4.29,0.55,2.28
2025-06-26,65.23999786376953,3348.0,5.065499782562256,143.49073791503906,39.483924865722656,6141.02001953125,3.7,3.79,4.26,0.56,2.28
2025-06-27,65.5199966430664,3287.60009765625,5.06850004196167,144.92230224609375,39.56175994873047,6173.06982421875,3.73,3.83,4.29,0.56,2.29
2025-06-30,65.11000061035156,3307.699951171875,5.03000020980835,145.64300537109375,39.72228240966797,6204.9501953125,3.72,3.79,4.24,0.52,2.29
2025-07-01,65.44999694824219,3349.800048828125,5.047999858856201,146.12677001953125,39.858482360839844,6198.009765625,3.78,3.84,4.26,0.48,2.29
2025-07-02,67.44999694824219,3359.699951171875,5.14900016784668,146.2748565673828,39.51311111450195,6227.419921875,3.78,3.87,4.3,0.52,2.3
2025-07-03,67.0,3342.89990234375,5.0970001220703125,147.51881408691406,39.809837341308594,6279.35009765625,3.88,3.94,4.35,0.47,2.33
2025-07-04,66.5,3346.5,5.018499851226807,147.51881408691406,39.809837341308594,6279.35009765625,3.88,3.94,4.35,0.47,2.33
2025-07-07,67.93000030517578,3342.800048828125,4.984499931335449,147.00543212890625,39.89253616333008,6229.97998046875,3.9,3.96,4.4,0.5,2.35
2025-07-08,68.33000183105469,3316.89990234375,5.644999980926514,146.96595764160156,39.46933364868164,6225.52001953125,3.9,3.99,4.42,0.52,2.35
2025-07-09,68.37999725341797,3321.0,5.44350004196167,147.99270629882812,39.83902359008789,6263.259765625,3.86,3.92,4.34,0.48,2.33
2025-07-10,66.56999969482422,3325.699951171875,5.547999858856201,148.82203674316406,40.16493606567383,6280.4599609375,3.86,3.93,4.35,0.49,2.34
2025-07-11,68.44999694824219,3364.0,5.561999797821045,148.2888946533203,40.106563568115234,6259.75,3.9,3.99,4.43,0.53,2.37
2025-07-14,66.9800033569336,3359.10009765625,5.514999866485596,149.08859252929688,40.26708221435547,6268.56005859375,3.9,3.98,4.43,0.53,2.39
2025-07-15,66.5199966430664,3336.699951171875,5.546000003814697,147.9729766845703,39.8828010559082,6243.759765625,3.95,4.05,4.5,0.55,2.41
2025-07-16,66.37999725341797,3359.10009765625,5.496500015258789,148.49623107910156,39.90226364135742,6263.7001953125,3.88,3.99,4.46,0.58,2.41
2025-07-17,67.54000091552734,3345.300048828125,5.486000061035156,149.86854553222656,40.067649841308594,6297.35986328125,3.91,4.01,4.47,0.56,2.43
2025-07-18,67.33999633789062,3358.300048828125,5.578000068664551,149.53286743164062,40.73892593383789,6296.7900390625,3.88,3.96,4.44,0.56,2.41
2025-07-21,67.19999694824219,3406.39990234375,5.610499858856201,148.7430419921875,40.87026596069336,6305.60009765625,3.85,3.91,4.38,0.53,2.4
2025-07-22,66.20999908447266,3443.699951171875,5.697000026702881,149.0984649658203,41.37129592895508,6309.6201171875,3.83,3.88,4.35,0.52,2.39
2025-07-23,65.25,3397.60009765625,5.795000076293945,151.7739715576172,41.05997848510742,6358.91015625,3.88,3.94,4.4,0.52,2.37
2025-07-24,66.02999877929688,3373.5,5.7769999504089355,151.51727294921875,41.0064697265625,6363.35009765625,3.91,3.98,4.43,0.52,2.45
2025-07-25,65.16000366210938,3335.60009765625,5.763500213623047,153.0179443359375,41.11347961425781,6388.64013671875,3.91,3.95,4.4,0.49,2.44
2025-07-28,66.70999908447266,3310.0,5.59499979019165,152.5440673828125,40.67569351196289,6389.77001953125,3.91,3.96,4.42,0.51,2.44
2025-07-29,69.20999908447266,3324.0,5.603499889373779,150.80645751953125,41.14267349243164,6370.85986328125,3.86,3.9,4.34,0.48,2.43
2025-07-30,70.0,3295.800048828125,5.570000171661377,150.06597900390625,41.44912338256836,6362.89990234375,3.94,3.96,4.38,0.44,2.42
2025-07-31,69.26000213623047,3293.199951171875,4.33050012588501,150.07586669921875,41.672882080078125,6339.39013671875,3.94,3.96,4.37,0.43,2.39
2025-08-01,67.33000183105469,3399.800048828125,4.412499904632568,147.8347625732422,41.736122131347656,6238.009765625,3.69,3.77,4.23,0.54,2.33
2025-08-04,66.29000091552734,3426.39990234375,4.414999961853027,149.1971893310547,42.47549819946289,6329.93994140625,3.69,3.75,4.22,0.53,2.37
2025-08-05,65.16000366210938,3434.699951171875,4.363999843597412,148.89114379882812,42.02311706542969,6299.18994140625,3.72,3.77,4.22,0.5,2.36
2025-08-06,64.3499984741211,3433.39990234375,4.390999794006348,149.00961303710938,41.648563385009766,6345.06005859375,3.69,3.77,4.22,0.53,2.34
2025-08-07,63.880001068115234,3453.699951171875,4.378499984741211,148.79241943359375,42.100948333740234,6340.0,3.72,3.79,4.23,0.51,2.35
2025-08-08,63.880001068115234,3491.300048828125,4.45550012588501,148.910888671875,41.92096710205078,6389.4501953125,3.76,3.84,4.27,0.51,2.39
2025-08-11,63.959999084472656,3404.699951171875,4.423500061035156,148.4271240234375,41.78963088989258,6373.4501953125,3.76,3.83,4.27,0.51,2.4
2025-08-12,63.16999816894531,3399.0,4.508500099182129,149.96725463867188,41.969608306884766,6445.759765625,3.72,3.83,4.29,0.57,2.38
2025-08-13,62.650001525878906,3408.300048828125,4.48199987411499,150.53988647460938,42.062034606933594,6466.580078125,3.67,3.77,4.24,0.57,2.37
2025-08-14,63.959999084472656,3383.199951171875,4.4644999504089355,149.2070770263672,41.770172119140625,6468.5400390625,3.74,3.82,4.29,0.55,2.39
2025-08-15,62.79999923706055,3382.60009765625,4.478000164031982,148.52584838867188,41.648563385009766,6449.7998046875,3.75,3.85,4.33,0.58,2.38
2025-08-18,63.41999816894531,3378.0,4.456999778747559,149.10833740234375,41.46857833862305,6449.14990234375,3.77,3.86,4.34,0.57,2.38
2025-08-19,62.349998474121094,3358.699951171875,4.408999919891357,149.4341278076172,41.87232208251953,6411.3701171875,3.75,3.82,4.3,0.55,2.35
2025-08-20,63.209999084472656,3388.5,4.426000118255615,149.29592895507812,41.916099548339844,6395.77978515625,3.74,3.81,4.29,0.55,2.35
2025-08-21,63.52000045776367,3381.60009765625,4.43149995803833,148.76280212402344,41.62910461425781,6370.169921875,3.79,3.86,4.33,0.54,2.39
2025-08-22,63.65999984741211,3418.5,4.447500228881836,151.1914825439453,41.852867126464844,6466.91015625,3.68,3.76,4.26,0.58,2.41
2025-08-25,64.80000305175781,3417.5,4.4664998054504395,149.68096923828125,41.38102340698242,6439.31982421875,3.73,3.8,4.28,0.55,2.41
2025-08-26,63.25,3433.0,4.450500011444092,151.2211151123047,41.473445892333984,6465.93994140625,3.61,3.75,4.26,0.65,2.42
2025-08-27,64.1500015258789,3448.60009765625,4.4145002365112305,151.20135498046875,41.48317337036133,6481.39990234375,3.59,3.69,4.24,0.65,2.43
2025-08-28,64.5999984741211,3474.300048828125,4.463500022888184,151.46792602539062,41.1669921875,6501.85986328125,3.62,3.69,4.22,0.6,2.41
2025-08-29,64.01000213623047,3516.10009765625,4.518499851226807,150.07586669921875,41.01619338989258,6460.259765625,3.59,3.68,4.23,0.64,2.41
2025-09-01,64.01000213623047,3516.10009765625,4.518499851226807,150.07586669921875,41.01619338989258,6460.259765625,3.59,3.68,4.23,0.64,2.41
2025-09-02,65.58999633789062,3592.199951171875,4.569499969482422,148.64431762695312,40.8799934387207,6415.5400390625,3.66,3.74,4.28,0.62,2.41
2025-09-03,63.970001220703125,3635.5,4.558499813079834,147.8939971923828,40.7778434753418,6448.259765625,3.61,3.69,4.22,0.61,2.4
2025-09-04,63.47999954223633,3606.699951171875,4.48799991607666,149.56248474121094,40.72919845581055,6502.080078125,3.59,3.65,4.17,0.58,2.38
2025-09-05,61.869998931884766,3653.300048828125,4.482500076293945,149.00961303710938,40.602725982666016,6481.5,3.51,3.59,4.1,0.59,2.37
2025-09-08,62.2599983215332,3677.39990234375,4.490499973297119,149.34530639648438,40.18925857543945,6495.14990234375,3.49,3.57,4.05,0.56,2.35
2025-09-09,62.630001068115234,3682.199951171875,4.500999927520752,148.3382568359375,40.46652603149414,6512.60986328125,3.54,3.61,4.08,0.54,2.36
2025-09-10,63.66999816894531,3682.0,4.550000190734863,149.4341278076172,41.16212844848633,6532.0400390625,3.54,3.59,4.04,0.5,2.35
2025-09-11,62.369998931884766,3673.60009765625,4.5904998779296875,150.85581970214844,41.38102340698242,6587.47021484375,3.52,3.59,4.01,0.49,2.34
2025-09-12,62.689998626708984,3686.39990234375,4.588500022888184,149.65133666992188,41.590187072753906,6584.2900390625,3.56,3.63,4.06,0.5,2.36
2025-09-15,63.29999923706055,3719.0,4.6554999351501465,150.34243774414062,41.68747329711914,6615.27978515625,3.54,3.61,4.05,0.51,2.37
2025-09-16,64.5199966430664,3725.10009765625,4.632999897003174,149.8981475830078,40.92863845825195,6606.759765625,3.51,3.59,4.04,0.53,2.37
2025-09-17,64.05000305175781,3717.800048828125,4.571000099182129,149.21693420410156,41.03078842163086,6600.35009765625,3.52,3.62,4.06,0.54,2.38
2025-09-18,63.56999969482422,3678.300048828125,4.540999889373779,150.80645751953125,41.05997848510742,6631.9599609375,3.57,3.67,4.11,0.54,2.38
2025-09-19,62.68000030517578,3705.800048828125,4.568999767303467,151.17173767089844,41.32265090942383,6664.35986328125,3.57,3.68,4.14,0.57,2.39
2025-09-22,62.63999938964844,3775.10009765625,4.572999954223633,151.67735290527344,41.72323226928711,6693.75,3.61,3.71,4.15,0.54,2.37
2025-09-23,63.40999984741211,3815.699951171875,4.584499835968018,151.7169952392578,41.93870544433594,6656.919921875,3.53,3.68,4.12,0.59,2.37
2025-09-24,64.98999786376953,3768.10009765625,4.752500057220459,150.93382263183594,42.2374267578125,6637.97021484375,3.57,3.7,4.16,0.59,2.38
2025-09-25,64.9800033569336,3771.10009765625,4.699999809265137,149.91273498535156,41.83096694946289,6604.72021484375,3.64,3.75,4.18,0.54,2.38
2025-09-26,65.72000122070312,3809.0,4.7154998779296875,151.260986328125,42.51166534423828,6643.7001953125,3.63,3.76,4.2,0.57,2.38
2025-09-29,63.45000076293945,3855.199951171875,4.841000080108643,151.72691345214844,42.634090423583984,6661.2099609375,3.63,3.74,4.15,0.52,2.35
2025-09-30,62.369998931884766,3873.199951171875,4.804999828338623,152.89669799804688,42.70754623413086,6688.4599609375,3.6,3.74,4.16,0.56,2.36
2025-10-01,61.779998779296875,3897.5,4.83050012588501,152.47044372558594,43.11890411376953,6711.2001953125,3.55,3.68,4.12,0.57,2.35
2025-10-02,60.47999954223633,3868.10009765625,4.8979997634887695,152.86695861816406,43.04054641723633,6715.35009765625,3.55,3.67,4.1,0.55,2.34
2025-10-03,60.880001068115234,3908.89990234375,5.058000087738037,153.0751495361328,43.54005432128906,6715.7900390625,3.58,3.72,4.13,0.55,2.33
2025-10-06,61.689998626708984,3976.300048828125,4.986999988555908,153.78892517089844,43.961204528808594,6740.27978515625,3.6,3.75,4.18,0.58,2.34
2025-10-07,61.72999954223633,4004.39990234375,5.047999858856201,152.91653442382812,44.161983489990234,6714.58984375,3.57,3.71,4.14,0.57,2.35
2025-10-08,62.54999923706055,4070.5,5.046000003814697,154.2449493408203,44.46560287475586,6753.72021484375,3.58,3.72,4.13,0.55,2.35
2025-10-09,61.5099983215332,3972.60009765625,5.075500011444092,151.96482849121094,44.35297393798828,6735.10986328125,3.6,3.74,4.14,0.54,2.34
2025-10-10,58.900001525878906,4000.39990234375,4.848499774932861,148.6041259765625,44.171775817871094,6552.509765625,3.52,3.65,4.05,0.53,2.3
2025-10-13,59.4900016784668,4133.0,5.100500106811523,150.15066528320312,44.50967788696289,6654.72021484375,3.52,3.65,4.05,0.53,2.3
2025-10-14,58.70000076293945,4163.39990234375,4.980500221252441,151.91526794433594,44.906341552734375,6644.31005859375,3.48,3.6,4.03,0.55,2.3
2025-10-15,58.27000045776367,4201.60009765625,4.9720001220703125,151.2808074951172,45.493995666503906,6671.06005859375,3.5,3.63,4.05,0.55,2.29
2025-10-16,57.459999084472656,4304.60009765625,4.958000183105469,150.28944396972656,44.999385833740234,6629.06982421875,3.41,3.55,3.99,0.58,2.28
2025-10-17,57.540000915527344,4213.2998046875,4.93149995803833,150.41831970214844,44.84267807006836,6664.009765625,3.46,3.59,4.02,0.56,2.27
2025-10-20,57.52000045776367,4359.39990234375,4.998000144958496,152.19285583496094,44.82798767089844,6735.1298828125,3.46,3.58,4.0,0.54,2.26
2025-10-21,57.81999969482422,4109.10009765625,4.929999828338623,153.5410919189453,44.37255859375,6735.35009765625,3.45,3.56,3.98,0.53,2.28
2025-10-22,58.5,4065.39990234375,4.960999965667725,151.5484619140625,44.269718170166016,6699.39990234375,3.45,3.56,3.97,0.52,2.29
2025-10-23,61.790000915527344,4145.60009765625,5.081999778747559,153.4419403076172,44.23543930053711,6738.43994140625,3.48,3.61,4.01,0.53,2.3
2025-10-24,61.5,4137.7998046875,5.093500137329102,153.57083129882812,44.75453567504883,6791.68994140625,3.48,3.61,4.02,0.54,2.29
2025-10-27,61.310001373291016,4019.699951171875,5.140500068664551,154.44322204589844,44.87696075439453,6875.16015625,3.48,3.61,4.01,0.53,2.28
2025-10-28,60.150001525878906,3983.10009765625,5.140500068664551,153.3428192138672,44.13750076293945,6890.89013671875,3.47,3.6,3.99,0.52,2.28
2025-10-29,60.47999954223633,4000.699951171875,5.233500003814697,153.73934936523438,44.122806549072266,6890.58984375,3.59,3.7,4.08,0.49,2.3
2025-10-30,60.56999969482422,4015.89990234375,5.078000068664551,153.3527374267578,43.93672180175781,6822.33984375,3.61,3.72,4.11,0.5,2.29
2025-10-31,60.97999954223633,3996.5,5.065499782562256,153.7195281982422,43.633094787597656,6840.2001953125,3.6,3.71,4.11,0.51,2.3
2025-11-03,61.04999923706055,4014.0,5.046999931335449,153.0652313232422,43.65758514404297,6851.97021484375,3.6,3.72,4.13,0.53,2.31
2025-11-04,60.560001373291016,3960.5,4.926000118255615,151.29071044921875,43.50088119506836,6771.5498046875,3.58,3.69,4.1,0.52,2.29
2025-11-05,59.599998474121094,3992.89990234375,4.9629998207092285,151.8756103515625,43.51067352294922,6796.2900390625,3.63,3.76,4.17,0.54,2.3
2025-11-06,59.43000030517578,3991.0,4.945499897003174,151.2708740234375,43.31968307495117,6720.31982421875,3.57,3.69,4.11,0.54,2.28
2025-11-07,59.75,4009.800048828125,4.938000202178955,152.00450134277344,43.922027587890625,6728.7998046875,3.55,3.67,4.11,0.56,2.28
2025-11-10,60.130001068115234,4122.0,5.086999893188477,152.86695861816406,43.9073371887207,6832.43017578125,3.58,3.72,4.13,0.55,2.29
2025-11-11,61.040000915527344,4116.2998046875,5.048500061035156,152.9066162109375,43.93182373046875,6846.60986328125,3.58,3.72,4.13,0.55,2.29
2025-11-12,58.4900016784668,4213.60009765625,5.0894999504089355,153.05532836914062,44.0346565246582,6850.919921875,3.56,3.68,4.08,0.52,2.27
2025-11-13,58.689998626708984,4194.5,5.087500095367432,150.68597412109375,43.42741775512695,6737.490234375,3.58,3.71,4.11,0.53,2.28
2025-11-14,60.09000015258789,4094.199951171875,5.049499988555908,150.69589233398438,43.46659851074219,6734.10986328125,3.62,3.74,4.14,0.52,2.28
2025-11-17,59.90999984741211,4074.5,5.0,149.21878051757812,43.85836410522461,6672.41015625,3.6,3.72,4.13,0.53,2.28
2025-11-18,60.7400016784668,4066.5,4.962500095367432,148.55458068847656,43.69186019897461,6617.31982421875,3.58,3.7,4.12,0.54,2.27
2025-11-19,59.439998626708984,4082.800048828125,5.007999897003174,149.0502471923828,43.3245849609375,6642.16015625,3.58,3.71,4.13,0.55,2.27
2025-11-20,59.13999938964844,4060.0,4.959499835968018,146.55203247070312,43.104209899902344,6538.759765625,3.55,3.68,4.1,0.55,2.24
2025-11-21,58.060001373291016,4079.5,5.008500099182129,148.3364715576172,43.167877197265625,6602.990234375,3.51,3.62,4.06,0.55,2.24
2025-11-24,58.84000015258789,4094.199951171875,4.961999893188477,148.70327758789062,43.65758514404297,6705.1201171875,3.46,3.61,4.04,0.58,2.23
2025-11-25,57.95000076293945,4140.0,4.999499797821045,150.60667419433594,43.4910774230957,6765.8798828125,3.43,3.55,4.01,0.58,2.22
2025-11-26,58.650001525878906,4165.2001953125,5.104499816894531,151.4790802001953,44.068939208984375,6812.60986328125,3.45,3.56,4.0,0.55,2.23
2025-11-27,58.650001525878906,4165.2001953125,5.104499816894531,151.4790802001953,44.068939208984375,6812.60986328125,3.45,3.56,4.0,0.55,2.23
2025-11-28,58.54999923706055,4254.89990234375,5.185500144958496,152.3613739013672,44.382354736328125,6849.08984375,3.47,3.59,4.02,0.55,2.23
2025-12-01,59.31999969482422,4274.7998046875,5.218999862670898,150.13084411621094,43.344173431396484,6812.6298828125,3.54,3.67,4.09,0.55,2.24
2025-12-02,58.63999938964844,4220.7998046875,5.160999774932861,151.4394073486328,43.03565216064453,6829.3701171875,3.51,3.66,4.09,0.58,2.24
2025-12-03,58.95000076293945,4232.5,5.308000087738037,152.87689208984375,42.89853286743164,6849.72021484375,3.49,3.62,4.06,0.57,2.24
2025-12-04,59.66999816894531,4243.0,5.291500091552734,153.66995239257812,42.81038284301758,6857.1201171875,3.52,3.68,4.11,0.59,2.26
2025-12-05,60.08000183105469,4243.0,5.381999969482422,153.24368286132812,42.4088249206543,6870.39990234375,3.56,3.72,4.14,0.58,2.26
2025-12-08,58.880001068115234,4217.7001953125,5.364500045776367,153.05532836914062,41.840763092041016,6846.509765625,3.57,3.75,4.17,0.6,2.26
2025-12-09,58.25,4236.2001953125,5.240499973297119,151.93508911132812,41.87014389038086,6840.509765625,3.61,3.78,4.18,0.57,2.26
2025-12-10,58.459999084472656,4224.7001953125,5.2754998207092285,154.71087646484375,41.850555419921875,6886.68017578125,3.54,3.72,4.13,0.59,2.25
2025-12-11,57.599998474121094,4313.0,5.427000045776367,156.366455078125,42.154178619384766,6901.0,3.52,3.72,4.14,0.62,2.25
2025-12-12,57.439998626708984,4328.2998046875,5.2835001945495605,155.38502502441406,41.94850158691406,6827.41015625,3.52,3.75,4.19,0.67,2.26
2025-12-15,56.81999969482422,4335.2001953125,5.338500022888184,155.6328582763672,42.330474853515625,6816.509765625,3.51,3.73,4.18,0.67,2.25
2025-12-16,55.27000045776367,4332.2998046875,5.2870001792907715,154.71087646484375,42.154178619384766,6800.259765625,3.48,3.69,4.15,0.67,2.23
2025-12-17,55.939998626708984,4373.89990234375,5.363500118255615,152.2027587890625,41.87993621826172,6721.43017578125,3.49,3.7,4.16,0.67,2.24
2025-12-18,56.150001525878906,4364.5,5.366499900817871,153.19410705566406,42.29129409790039,6774.759765625,3.46,3.66,4.12,0.66,2.24
2025-12-19,56.65999984741211,4387.2998046875,5.439499855041504,154.5126190185547,41.75261688232422,6834.5,3.48,3.7,4.16,0.68,2.24
2025-12-22,58.0099983215332,4469.39990234375,5.4375,156.22557067871094,41.90753936767578,6878.490234375,3.44,3.71,4.17,0.73,2.23
2025-12-23,58.380001068115234,4505.7001953125,5.47599983215332,156.1658935546875,42.055545806884766,6909.7900390625,3.48,3.72,4.18,0.7,2.24
2025-12-24,58.349998474121094,4502.7998046875,5.498499870300293,156.6732177734375,42.24303436279297,6932.0498046875,3.47,3.7,4.15,0.68,2.24
2025-12-25,58.349998474121094,4502.7998046875,5.498499870300293,156.6732177734375,42.24303436279297,6932.0498046875,3.47,3.7,4.15,0.68,2.24
2025-12-26,56.7400016784668,4552.7001953125,5.766499996185303,156.38475036621094,42.21342849731445,6929.93994140625,3.46,3.68,4.14,0.68,2.23
2025-12-29,58.08000183105469,4343.60009765625,5.490499973297119,156.04652404785156,42.2923698425293,6905.740234375,3.45,3.67,4.12,0.67,2.22
2025-12-30,57.95000076293945,4386.2998046875,5.727499961853027,155.598876953125,42.391048431396484,6896.240234375,3.45,3.68,4.14,0.69,2.24
2025-12-31,57.41999816894531,4341.10009765625,5.630000114440918,154.3057098388672,42.1246223449707,6845.5,3.47,3.73,4.18,0.71,2.25
2026-01-01,57.41999816894531,4341.10009765625,5.630000114440918,154.3057098388672,42.1246223449707,6845.5,3.47,3.73,4.18,0.71,2.25
2026-01-02,57.31999969482422,4329.60009765625,5.639999866485596,157.15069580078125,42.60813522338867,6858.47021484375,3.47,3.74,4.19,0.72,2.25
2026-01-05,58.31999969482422,4451.5,5.924499988555908,159.01087951660156,42.134490966796875,6902.0498046875,3.46,3.71,4.17,0.71,2.26
2026-01-06,57.130001068115234,4496.10009765625,6.010499954223633,161.16949462890625,42.34170913696289,6944.81982421875,3.47,3.72,4.18,0.71,2.27
2026-01-07,55.9900016784668,4462.5,5.809000015258789,158.135498046875,41.31548309326172,6920.93017578125,3.47,3.7,4.15,0.68,2.27
2026-01-08,57.7599983215332,4460.7001953125,5.746500015258789,159.32920837402344,41.433895111083984,6921.4599609375,3.49,3.74,4.19,0.7,2.27
2026-01-09,59.119998931884766,4500.89990234375,5.855500221252441,161.0799560546875,41.94700241088867,6966.27978515625,3.54,3.75,4.18,0.64,2.28
2026-01-12,59.5,4614.7001953125,5.985000133514404,162.31346130371094,42.016082763671875,6977.27001953125,3.54,3.77,4.19,0.65,2.29
2026-01-13,61.150001525878906,4599.10009765625,5.96999979019165,163.14903259277344,42.282501220703125,6963.740234375,3.53,3.75,4.18,0.65,2.3
2026-01-14,62.02000045776367,4635.7001953125,6.008999824523926,163.40768432617188,42.598262786865234,6926.60009765625,3.51,3.72,4.15,0.64,2.29
2026-01-15,59.189998626708984,4623.7001953125,5.947999954223633,164.9097442626953,43.032440185546875,6944.47021484375,3.56,3.77,4.17,0.61,2.29
2026-01-16,59.439998626708984,4595.39990234375,5.78849983215332,166.02386474609375,42.81535339355469,6940.009765625,3.59,3.82,4.24,0.65,2.33
2026-01-19,59.439998626708984,4595.39990234375,5.78849983215332,166.02386474609375,42.81535339355469,6940.009765625,3.59,3.82,4.24,0.65,2.33
2026-01-20,60.34000015258789,4765.7998046875,5.7729997634887695,162.67156982421875,42.391048431396484,6796.85986328125,3.6,3.86,4.3,0.7,2.33
2026-01-21,60.619998931884766,4837.5,5.729499816894531,165.48670959472656,42.450252532958984,6875.6201171875,3.6,3.83,4.26,0.66,2.34
2026-01-22,59.36000061035156,4913.39990234375,5.742499828338623,164.6312255859375,42.14435958862305,6913.35009765625,3.61,3.85,4.26,0.65,2.31
2026-01-23,61.06999969482422,4979.7001953125,5.910999774932861,163.35794067382812,41.99634552001953,6915.60986328125,3.6,3.84,4.24,0.64,2.32
2026-01-26,60.630001068115234,5082.5,5.984000205993652,163.51710510253906,42.3022346496582,6950.22998046875,3.56,3.82,4.22,0.66,2.32
2026-01-27,62.38999938964844,5082.60009765625,5.828499794006348,164.19354248046875,42.85482406616211,6978.60009765625,3.53,3.81,4.24,0.71,2.34
2026-01-28,63.209999084472656,5303.60009765625,5.892499923706055,163.2783660888672,42.75614547729492,6978.02978515625,3.56,3.83,4.26,0.7,2.36
2026-01-29,65.41999816894531,5318.39990234375,6.17549991607666,164.9893341064453,42.75614547729492,6969.009765625,3.53,3.8,4.24,0.71,2.35
2026-01-30,65.20999908447266,4745.10009765625,5.896999835968018,164.57154846191406,42.67720413208008,6939.02978515625,3.52,3.79,4.26,0.74,2.36
2026-02-02,62.13999938964844,4652.60009765625,5.801499843597412,166.6505584716797,42.055545806884766,6976.43994140625,3.57,3.83,4.29,0.72,2.35
2026-02-03,63.209999084472656,4935.0,6.0625,168.05316162109375,42.66733932495117,6917.81005859375,3.57,3.83,4.28,0.71,2.36
2026-02-04,65.13999938964844,4950.7998046875,5.826000213623047,168.50079345703125,42.50946044921875,6882.72021484375,3.57,3.83,4.29,0.72,2.35
2026-02-05,63.290000915527344,4889.5,5.798999786376953,167.4861602783203,42.52919006347656,6798.39990234375,3.47,3.74,4.21,0.74,2.32
2026-02-06,63.54999923706055,4979.7998046875,5.863500118255615,172.27088928222656,42.77587890625,6932.2998046875,3.5,3.76,4.22,0.72,2.34
2026-02-09,64.36000061035156,5079.39990234375,5.945000171661377,172.78817749023438,42.90415954589844,6964.81982421875,3.48,3.75,4.22,0.74,2.35
2026-02-10,63.959999084472656,5031.0,5.895999908447266,172.9970703125,43.6146240234375,6941.81005859375,3.45,3.7,4.16,0.71,2.32
2026-02-11,64.62999725341797,5098.5,5.948999881744385,173.9221954345703,43.99946212768555,6941.47021484375,3.52,3.75,4.18,0.66,2.32
2026-02-12,62.84000015258789,4948.39990234375,5.770999908447266,171.84315490722656,44.650718688964844,6832.759765625,3.47,3.67,4.09,0.62,2.29
2026-02-13,62.88999938964844,5046.2998046875,5.792500019073486,173.25570678710938,45.8841667175293,6836.169921875,3.4,3.61,4.04,0.64,2.27
2026-02-16,62.88999938964844,5046.2998046875,5.792500019073486,173.25570678710938,45.8841667175293,6836.169921875,3.4,3.61,4.04,0.64,2.27
2026-02-17,62.33000183105469,4905.89990234375,5.632999897003174,174.1609344482422,45.76575469970703,6843.22021484375,3.43,3.63,4.05,0.62,2.26
2026-02-18,65.19000244140625,5009.5,5.793499946594238,174.1211395263672,45.005950927734375,6881.31005859375,3.47,3.66,4.09,0.62,2.29
2026-02-19,66.43000030517578,4997.39990234375,5.730000019073486,175.414306640625,45.49932861328125,6861.89013671875,3.47,3.65,4.08,0.61,2.29
2026-02-20,66.38999938964844,5080.89990234375,5.830999851226807,176.29965209960938,45.71641540527344,6909.509765625,3.48,3.65,4.08,0.6,2.28
2026-02-23,66.30999755859375,5225.60009765625,5.7729997634887695,173.9122314453125,46.0617790222168,6837.75,3.43,3.59,4.03,0.6,2.26
2026-02-24,65.62999725341797,5176.2998046875,5.922999858856201,176.05096435546875,46.574893951416016,6890.06982421875,3.43,3.61,4.04,0.61,2.26
2026-02-25,65.41999816894531,5226.2001953125,5.979499816894531,174.67820739746094,46.73277282714844,6946.1298828125,3.45,3.61,4.05,0.6,2.28
2026-02-26,65.20999908447266,5194.2001953125,5.947000026702881,175.77243041992188,46.55516052246094,6908.85986328125,3.42,3.57,4.02,0.6,2.28
2026-02-27,67.0199966430664,5247.89990234375,6.004499912261963,176.21011352539062,47.09787368774414,6878.8798828125,3.38,3.51,3.97,0.59,2.25
2026-03-02,71.2300033569336,5311.60009765625,5.894499778747559,177.96087646484375,46.74264144897461,6881.6201171875,3.47,3.62,4.05,0.58,2.29
2026-03-03,74.55999755859375,5123.7001953125,5.773499965667725,174.51904296875,46.446617126464844,6816.6298828125,3.51,3.63,4.06,0.55,2.29
2026-03-04,74.66000366210938,5134.7001953125,5.855000019073486,175.0462646484375,46.64396667480469,6869.5,3.54,3.67,4.09,0.55,2.29
2026-03-05,81.01000213623047,5078.7001953125,5.752999782562256,171.1567840576172,46.278865814208984,6830.7099609375,3.57,3.72,4.13,0.56,2.31
2026-03-06,90.9000015258789,5158.7001953125,5.756999969482422,169.04791259765625,46.12098693847656,6740.02001953125,3.56,3.72,4.15,0.59,2.35
2026-03-09,94.7699966430664,5103.7001953125,5.80049991607666,170.04266357421875,46.229530334472656,6795.990234375,3.56,3.71,4.12,0.56,2.34
2026-03-10,83.44999694824219,5242.10009765625,5.9039998054504395,169.12750244140625,45.9433708190918,6781.47998046875,3.57,3.73,4.15,0.58,2.33
2026-03-11,87.25,5179.10009765625,5.8454999923706055,168.60028076171875,45.55853271484375,6775.7998046875,3.64,3.79,4.21,0.57,2.36
2026-03-12,95.7300033569336,5125.7998046875,5.82450008392334,164.3726043701172,45.8841667175293,6672.6201171875,3.76,3.88,4.27,0.51,2.38
2026-03-13,98.70999908447266,5061.7001953125,5.7144999504089355,163.78567504882812,46.33807373046875,6632.18994140625,3.73,3.87,4.28,0.55,2.36
2026-03-16,93.5,5002.2001953125,5.790500164031982,165.1882781982422,46.634098052978516,6699.3798828125,3.68,3.8,4.23,0.55,2.36
2026-03-17,96.20999908447266,5008.2001953125,5.726500034332275,165.6259765625,46.505821228027344,6716.08984375,3.68,3.79,4.2,0.52,2.37
2026-03-18,96.31999969482422,4896.2001953125,5.553999900817871,164.31289672851562,46.11111831665039,6624.7001953125,3.76,3.87,4.26,0.5,2.4
2026-03-19,96.13999938964844,4605.7001953125,5.433000087738037,163.1987762451172,45.92363357543945,6606.490234375,3.79,3.88,4.25,0.46,2.37
2026-03-20,98.31999969482422,4574.89990234375,5.34250020980835,160.82131958007812,44.05866622924805,6506.47998046875,3.88,4.01,4.39,0.51,2.38
2026-03-23,88.12999725341797,4407.2998046875,5.439499855041504,162.6498260498047,44.495872497558594,6581.0,3.83,3.95,4.34,0.51,2.33
2026-03-24,92.3499984741211,4402.0,5.422500133514404,163.59750366210938,44.80390548706055,6556.3701171875,3.9,4.03,4.39,0.49,2.33
2026-03-25,90.31999969482422,4552.2998046875,5.5289998054504395,164.69480895996094,44.962890625,6591.89990234375,3.84,3.96,4.33,0.49,2.31
2026-03-26,94.4800033569336,4376.2998046875,5.446499824523926,160.87420654296875,45.04238510131836,6477.16015625,3.96,4.08,4.42,0.46,2.34
2026-03-27,99.63999938964844,4492.5,5.4670000076293945,158.8092803955078,45.30073165893555,6368.85009765625,3.88,4.06,4.44,0.56,2.31
2026-03-30,102.87999725341797,4526.0,5.47599983215332,156.2256317138672,45.62863540649414,6343.72021484375,3.82,3.97,4.35,0.53,2.31
2026-03-31,101.37999725341797,4647.60009765625,5.587500095367432,161.33306884765625,45.59882736206055,6528.52001953125,3.79,3.92,4.3,0.51,2.3
2026-04-01,100.12000274658203,4813.10009765625,5.624000072479248,164.02642822265625,45.81743240356445,6575.31982421875,3.81,3.97,4.33,0.52,2.31
2026-04-02,111.54000091552734,4679.7001953125,5.563000202178955,163.36807250976562,46.04597473144531,6582.68994140625,3.79,3.94,4.31,0.52,2.34
2026-04-03,111.54000091552734,4679.7001953125,5.563000202178955,163.36807250976562,46.04597473144531,6582.68994140625,3.84,3.99,4.35,0.51,2.36
2026-04-06,112.41000366210938,4684.7001953125,5.583499908447266,164.2060089111328,45.877052307128906,6611.830078125,3.84,3.98,4.34,0.5,2.36
2026-04-07,112.94999694824219,4684.7001953125,5.54449987411499,163.87681579589844,45.976417541503906,6616.85009765625,3.81,3.95,4.33,0.52,2.37
2026-04-08,94.41000366210938,4777.2001953125,5.759500026702881,170.02169799804688,46.48318099975586,6782.81005859375,3.79,3.92,4.29,0.5,2.33
2026-04-09,97.87000274658203,4818.0,5.748000144958496,171.76739501953125,46.85083770751953,6824.66015625,3.78,3.91,4.29,0.51,2.34
2026-04-10,96.56999969482422,4787.39990234375,5.870500087738037,171.0990447998047,46.66204071044922,6816.89013671875,3.81,3.94,4.31,0.5,2.36
2026-04-13,99.08000183105469,4767.39990234375,5.97599983215332,172.30606079101562,46.09565734863281,6886.240234375,3.78,3.92,4.3,0.52,2.38
2026-04-14,91.27999877929688,4850.10009765625,6.070499897003174,172.924560546875,46.17515182495117,6967.3798828125,3.76,3.87,4.26,0.5,2.37
2026-04-15,91.29000091552734,4823.60009765625,6.072000026702881,170.75987243652344,45.728004455566406,7022.9501953125,3.76,3.9,4.29,0.53,2.39
2026-04-16,94.69000244140625,4808.2998046875,6.066500186920166,169.91195678710938,46.055908203125,7041.27978515625,3.78,3.91,4.32,0.54,2.39
2026-04-17,83.8499984741211,4879.60009765625,6.103499889373779,173.0841522216797,45.86711502075195,7126.06005859375,3.71,3.84,4.26,0.55,2.36
2026-04-20,89.61000061035156,4828.7998046875,6.035999774932861,173.4731903076172,45.459716796875,7109.14013671875,3.72,3.86,4.26,0.54,2.35
2026-04-21,92.12999725341797,4719.60009765625,6.001500129699707,171.0192413330078,44.664794921875,7064.009765625,3.78,3.91,4.3,0.52,2.38
2026-04-22,92.95999908447266,4753.0,6.119999885559082,170.62020874023438,44.58530044555664,7137.89990234375,3.79,3.91,4.3,0.51,2.38
2026-04-23,95.8499984741211,4724.0,6.075500011444092,173.64279174804688,45.79756164550781,7108.39990234375,3.83,3.96,4.34,0.51,2.42
2026-04-24,94.4000015258789,4740.89990234375,6.023499965667725,172.0467071533203,45.88698959350586,7165.080078125,3.78,3.92,4.31,0.53,2.42
2026-04-27,96.37000274658203,4693.7001953125,6.01800012588501,172.08660888671875,45.89692306518555,7173.91015625,3.78,3.94,4.35,0.57,2.44
2026-04-28,99.93000030517578,4608.39990234375,5.9145002365112305,170.56036376953125,45.956546783447266,7138.7998046875,3.84,3.97,4.36,0.52,2.44
2026-04-29,106.87999725341797,4561.5,5.878499984741211,169.512939453125,45.39016342163086,7135.9501953125,3.92,4.05,4.42,0.5,2.46
2026-04-30,105.06999969482422,4629.60009765625,5.926000118255615,174.1515350341797,46.552738189697266,7209.009765625,3.88,4.02,4.4,0.52,2.46
2026-05-01,101.94000244140625,4644.5,5.932000160217285,172.53550720214844,46.254642486572266,7230.1201171875,3.88,4.02,4.39,0.51,2.48
2026-05-04,106.41999816894531,4533.2998046875,5.795000076293945,170.56036376953125,46.075782775878906,7200.75,3.95,4.08,4.45,0.5,2.5
2026-05-05,102.2699966430664,4568.5,5.942999839782715,171.9868621826172,46.075782775878906,7259.22021484375,3.93,4.08,4.43,0.5,2.47
2026-05-06,95.08000183105469,4694.2998046875,6.136499881744385,176.4359130859375,45.41997146606445,7365.1201171875,3.87,3.99,4.36,0.49,2.42
2026-05-07,94.80999755859375,4710.89990234375,6.127500057220459,173.5729522705078,44.83371353149414,7337.10986328125,3.92,4.04,4.41,0.49,2.45
2026-05-08,95.41999816894531,4730.7001953125,6.249000072479248,172.77491760253906,44.43625259399414,7398.93017578125,3.9,4.02,4.38,0.48,2.45
2026-05-11,98.06999969482422,4728.7001953125,6.41349983215332,174.6103973388672,44.85358810424805,7412.83984375,3.95,4.07,4.42,0.47,2.47
2026-05-12,102.18000030517578,4686.7001953125,6.485000133514404,173.92210388183594,44.90327072143555,7400.9599609375,4.0,4.12,4.46,0.46,2.47
2026-05-13,101.0199966430664,4706.7001953125,6.635499954223633,173.19387817382812,44.38656997680664,7444.25,3.98,4.12,4.46,0.48,2.47
2026-05-14,101.16999816894531,4685.2998046875,6.567500114440918,174.08169555664062,44.6151123046875,7501.240234375,4.0,4.13,4.47,0.47,2.47
2026-05-15,105.41999816894531,4561.89990234375,6.251500129699707,170.9793243408203,43.591644287109375,7408.5,4.09,4.26,4.59,0.5,2.49
2026-05-18,108.66000366210938,4558.0,6.271999835968018,170.3309326171875,43.66120147705078,7403.0498046875,4.07,4.27,4.61,0.54,2.48
2026-05-19,107.7699966430664,4511.2001953125,6.164999961853027,168.32586669921875,44.05866241455078,7353.60986328125,4.13,4.32,4.67,0.54,2.49
2026-05-20,98.26000213623047,4535.2998046875,6.290500164031982,170.31097412109375,44.22758483886719,7432.97021484375,4.04,4.22,4.57,0.53,2.44
2026-05-21,96.3499984741211,4542.5,6.256999969482422,170.11146545410156,44.7144775390625,7445.72021484375,4.08,4.25,4.57,0.49,2.39
2026-05-22,96.5999984741211,4523.2001953125,6.3420000076293945,171.3484344482422,45.062252044677734,7473.47021484375,4.13,4.27,4.56,0.43,2.4
2026-05-25,96.5999984741211,4523.2001953125,6.3420000076293945,171.3484344482422,45.062252044677734,7473.47021484375,4.13,4.27,4.56,0.43,2.4
2026-05-26,93.88999938964844,4502.2998046875,6.361000061035156,173.87222290039062,45.04238510131836,7519.1201171875,4.01,4.19,4.5,0.49,2.4
2026-05-27,88.68000030517578,4448.39990234375,6.304999828338623,173.87222290039062,44.85358810424805,7520.35986328125,4.0,4.17,4.48,0.48,2.39
2026-05-28,88.9000015258789,4499.2998046875,6.395999908447266,173.37344360351562,44.346824645996094,7563.6298828125,3.99,4.15,4.45,0.46,2.39
2026-05-29,87.36000061035156,4593.0,6.359499931335449,172.70509338378906,44.138153076171875,7580.06005859375,3.98,4.13,4.45,0.47,2.38
2026-06-01,92.16000366210938,4506.2998046875,6.52400016784668,171.9768829345703,42.82653045654297,7599.9599609375,4.05,4.18,4.47,0.42,2.4
2026-06-02,93.76000213623047,4519.89990234375,6.649499893188477,173.7624969482422,43.621456146240234,7609.77978515625,4.05,4.17,4.46,0.41,2.39
2026-06-03,96.0199966430664,4466.89990234375,6.480999946594238,173.62283325195312,43.43265914916992,7553.68017578125,4.08,4.21,4.49,0.41,2.38
2026-06-04,93.04000091552734,4505.0,6.511000156402588,175.7276611328125,43.66120147705078,7584.31005859375,4.05,4.18,4.47,0.42,2.36
2026-06-05,90.54000091552734,4365.2998046875,6.263500213623047,173.75250244140625,44.068599700927734,7383.740234375,4.17,4.29,4.55,0.38,2.36
2026-06-08,91.30000305175781,4363.39990234375,6.329500198364258,173.20387268066406,43.243865966796875,7405.72998046875,4.15,4.29,4.56,0.41,2.35
2026-06-09,88.19999694824219,4286.39990234375,6.302499771118164,175.16903686523438,43.70094680786133,7386.64990234375,4.13,4.26,4.53,0.4,2.33
2026-06-10,90.02999877929688,4133.2998046875,6.249000072479248,169.2436065673828,43.720821380615234,7266.990234375,4.13,4.27,4.55,0.42,2.34
2026-06-11,87.70999908447266,4114.0,6.258999824523926,174.72012329101562,43.770503997802734,7394.2998046875,4.05,4.18,4.45,0.4,2.29
2026-06-12,84.87999725341797,4238.7998046875,6.430500030517578,175.7476043701172,44.24745559692383,7431.4599609375,4.09,4.21,4.48,0.39,2.31
2026-06-15,80.75,4351.60009765625,6.482500076293945,178.241455078125,44.45612716674805,7554.2900390625,4.07,4.18,4.47,0.4,2.32
2026-06-16,76.05000305175781,4354.39990234375,6.488999843597412,179.40859985351562,44.77409744262695,7511.35009765625,4.05,4.16,4.43,0.38,2.29
2026-06-17,76.79000091552734,4381.39990234375,6.481500148773193,179.15921020507812,44.17790222167969,7420.10009765625,4.2,4.27,4.49,0.29,2.26
2026-06-18,76.5999984741211,4245.89990234375,6.374499797821045,180.46600341796875,44.47599792480469,7500.580078125,4.19,4.23,4.46,0.27,2.25
2026-06-19,76.5999984741211,4245.89990234375,6.374499797821045,180.46600341796875,44.47599792480469,7500.580078125,4.19,4.23,4.46,0.27,2.25
2026-06-22,74.81999969482422,4202.7001953125,6.356500148773193,181.8000030517578,44.720001220703125,7472.7900390625,4.24,4.29,4.51,0.27,2.23
2026-06-23,73.20999908447266,4149.39990234375,6.140999794006348,178.14999389648438,45.06999969482422,7365.4599609375,4.16,4.27,4.5,0.34,2.21
2026-06-24,70.33999633789062,4008.800048828125,5.942999839782715,180.2100067138672,45.540000915527344,7358.22021484375,4.11,4.17,4.41,0.3,2.18
2026-06-25,71.91999816894531,4047.60009765625,6.070499897003174,184.1199951171875,45.849998474121094,7357.490234375,4.09,4.15,4.4,0.31,2.21
2026-06-26,69.2300033569336,4096.2998046875,6.141499996185303,181.1999969482422,46.20000076293945,7354.02001953125,4.07,4.12,4.38,0.31,2.2
2026-06-29,70.75,4038.89990234375,6.097499847412109,182.75999450683594,46.02000045776367,7440.43017578125,4.1,4.14,4.38,0.28,2.22
2026-06-30,69.5,4038.5,6.192500114440918,185.22999572753906,45.34000015258789,7499.35986328125,4.14,4.19,4.44,0.3,2.24
2026-07-01,68.58000183105469,4082.39990234375,6.123499870300293,183.36000061035156,44.77000045776367,7483.22998046875,4.17,4.24,4.48,0.31,2.23
2026-07-02,68.69000244140625,4125.7001953125,6.114500045776367,183.91000366210938,45.7599983215332,7483.240234375,4.14,4.23,4.49,0.35,2.23
2026-07-03,68.69000244140625,4125.7001953125,6.114500045776367,183.91000366210938,45.7599983215332,7483.240234375,4.14,4.23,4.49,0.35,2.23
2026-07-06,68.55000305175781,4167.5,6.177999973297119,185.55999755859375,45.29999923706055,7537.43017578125,4.13,4.21,4.48,0.35,2.24
2026-07-07,70.44000244140625,4157.39990234375,6.171500205993652,182.3800048828125,45.70000076293945,7503.85009765625,4.19,4.27,4.55,0.36,2.25
2026-07-08,73.5199966430664,4082.39990234375,6.054500102996826,180.4199981689453,45.36000061035156,7482.7099609375,4.21,4.31,4.56,0.35,2.25
2026-07-09,72.08000183105469,4140.7998046875,6.215000152587891,181.11000061035156,45.130001068115234,7543.64013671875,4.16,4.27,4.54,0.38,2.23
2026-07-10,71.41000366210938,4113.7001953125,6.233500003814697,181.9199981689453,45.40999984741211,7575.39013671875,4.21,4.3,4.56,0.35,2.24
2026-07-13,78.13999938964844,4005.699951171875,6.232999801635742,180.3699951171875,45.720001220703125,7515.33984375,4.26,4.37,4.62,0.36,2.26
2026-07-14,79.33999633789062,4069.699951171875,6.329999923706055,180.4499969482422,45.689998626708984,7543.58984375,4.18,4.31,4.58,0.4,2.25
2026-07-15,79.5999984741211,4051.800048828125,6.293499946594238,180.05999755859375,45.220001220703125,7572.39990234375,4.13,4.26,4.55,0.42,2.23
2026-07-16,78.94999694824219,3992.10009765625,6.296000003814697,180.14999389648438,45.470001220703125,7533.77001953125,4.16,4.28,4.57,0.41,2.22
2026-07-17,82.48999786376953,4018.800048828125,6.21999979019165,179.41000366210938,45.16999816894531,7457.68994140625,4.18,4.28,4.55,0.37,2.24
2026-07-20,83.2300033569336,4015.89990234375,6.298999786376953,178.1199951171875,44.939998626708984,7443.27978515625,4.21,4.33,4.6,0.39,2.25
2026-07-21,84.91000366210938,4076.39990234375,6.511000156402588,178.66000366210938,44.91999816894531,7509.2001953125,4.26,4.37,4.63,0.37,2.26
2026-07-22,86.83000183105469,4151.89990234375,6.451000213623047,178.85000610351562,45.93000030517578,7498.9599609375,4.31,4.41,4.67,0.36,2.28
2026-07-23,92.19000244140625,4050.199951171875,6.304999828338623,181.94000244140625,46.189998626708984,7408.2998046875,4.37,4.46,4.71,0.34,2.28
2026-07-24,89.30999755859375,4070.800048828125,6.320000171661377,182.66000366210938,46.290000915527344,7411.97998046875,4.33,4.43,4.69,0.36,2.26
2026-07-27,82.61000061035156,4077.0,6.339000225067139,183.1999969482422,45.68000030517578,7413.18017578125,4.31,4.4,4.65,0.34,2.21
2026-07-28,79.26000213623047,4038.699951171875,6.322000026702881,182.49000549316406,45.52000045776367,7428.77978515625,4.26,4.35,4.61,0.35,2.2
2026-07-29,84.45999908447266,4036.300048828125,6.273499965667725,176.66000366210938,44.90999984741211,7316.14990234375,4.22,4.37,4.67,0.45,2.26
2026-07-30,83.58999633789062,4100.10009765625,6.444499969482422,178.38999938964844,44.65999984741211,7437.6298828125,4.23,4.38,4.68,0.45,2.27
2026-07-31,84.66999816894531,4107.0,6.435999870300293,179.83999633789062,44.349998474121094,7489.72021484375,4.28,4.45,4.75,0.47,2.28
2026-08-03,80.33999633789062,4090.5,6.513999938964844,183.16000366210938,44.36000061035156,7600.5,4.25,4.4,4.7,0.45,2.27
2026-08-04,75.7699966430664,4152.60009765625,6.618500232696533,186.39999389648438,44.11000061035156,7736.52001953125,4.2,4.33,4.63,0.43,2.23
2026-08-05,75.22000122070312,4305.2001953125,6.703000068664551,186.35000610351562,43.65999984741211,7723.5498046875,4.18,4.33,4.63,0.45,2.22
2026-08-06,77.29000091552734,4299.60009765625,6.686999797821045,184.75999450683594,43.380001068115234,7709.9599609375,4.25,4.4,4.69,0.44,2.26
2026-08-07,78.18000030517578,4399.7001953125,6.570499897003174,185.17999267578125,43.61000061035156,7757.64013671875,4.19,4.35,4.65,0.46,2.25
2026-08-10,82.12999725341797,4419.7001953125,6.5945000648498535,184.60000610351562,43.130001068115234,7753.10986328125,4.25,4.41,4.72,0.47,2.29
2026-08-11,83.19999694824219,4441.10009765625,6.611999988555908,185.6999969482422,43.630001068115234,7728.2001953125,4.22,4.39,4.7,0.48,2.27
2026-08-12,83.2699966430664,4467.5,6.5970001220703125,185.8800048828125,43.84000015258789,7748.5,4.2,4.38,4.68,0.48,2.26
2026-08-13,81.25,4420.39990234375,6.59250020980835,185.7899932861328,44.040000915527344,7798.990234375,4.15,4.32,4.63,0.48,2.24
2026-08-14,82.4000015258789,4437.2998046875,6.5995001792907715,186.50999450683594,44.310001373291016,7785.759765625,4.17,4.36,4.68,0.51,2.27
2026-08-17,84.5,4473.7001953125,6.604000091552734,186.32000732421875,44.18000030517578,7745.06005859375,4.19,4.38,4.72,0.53,2.28
2026-08-18,84.94000244140625,4420.60009765625,6.482500076293945,183.57000732421875,44.02000045776367,7691.759765625,4.19,4.37,4.71,0.52,2.3
2026-08-19,85.83000183105469,4545.2998046875,6.487500190734863,181.9499969482422,44.02000045776367,7707.97998046875,4.19,4.35,4.65,0.46,2.3
2026-08-20,87.83000183105469,4571.39990234375,6.460000038146973,179.77000427246094,43.77000045776367,7641.16015625,4.19,4.39,4.69,0.5,2.34
2026-08-21,87.05999755859375,4680.60009765625,6.579500198364258,180.25,42.77000045776367,7674.3701171875,4.24,4.43,4.74,0.5,2.34
2026-08-24,85.01000213623047,4697.7998046875,6.598999977111816,179.0,43.220001220703125,7652.85986328125,4.24,4.41,4.7,0.46,2.32
2026-08-25,82.36000061035156,4694.5,6.709499835968018,178.39999389648438,43.310001373291016,7677.27978515625,4.17,4.35,4.64,0.47,2.32
2026-08-26,82.2300033569336,4653.2998046875,6.5945000648498535,180.33999633789062,43.5099983215332,7675.7001953125,4.19,4.37,4.66,0.47,2.32
2026-08-27,83.52999877929688,4664.0,6.586999893188477,178.8000030517578,43.18000030517578,7730.990234375,4.2,4.38,4.67,0.47,2.33
2026-08-28,83.4000015258789,4529.89990234375,6.561999797821045,177.13999938964844,42.72999954223633,7711.759765625,4.34,4.48,4.73,0.39,2.31
2026-08-31,85.76000213623047,4481.5,6.593500137329102,175.1300048828125,42.22999954223633,7686.14013671875,4.34,4.49,4.75,0.41,2.31
2026-09-01,90.22000122070312,4396.39990234375,6.506499767303467,172.72999572753906,42.560001373291016,7631.47021484375,4.39,4.55,4.79,0.4,2.35
2026-09-02,91.01000213623047,4414.60009765625,6.500999927520752,172.77999877929688,42.66999816894531,7666.60009765625,4.39,4.54,4.79,0.4,2.34
2026-09-03,91.30000305175781,4539.89990234375,6.577000141143799,174.55999755859375,43.029998779296875,7747.7099609375,4.34,4.52,4.77,0.43,2.35
2026-09-04,91.4800033569336,4476.60009765625,6.5970001220703125,175.27000427246094,43.08000183105469,7718.60009765625,4.37,4.54,4.78,0.41,2.35
2026-09-07,91.4800033569336,4476.60009765625,6.5970001220703125,175.27000427246094,43.08000183105469,7718.60009765625,4.37,4.54,4.78,0.41,2.35
2026-09-08,93.02999877929688,4439.0,6.738999843597412,174.4199981689453,43.45000076293945,7673.52001953125,4.39,4.57,4.8,0.41,2.37
2026-09-09,96.05000305175781,4460.7001953125,6.803500175476074,171.7899932861328,42.939998626708984,7636.35986328125,4.43,4.61,4.83,0.4,2.37
2026-09-10,102.4800033569336,4407.2998046875,6.4670000076293945,170.5500030517578,42.52000045776367,7591.7001953125,4.56,4.75,4.95,0.39,2.4
2026-09-11,100.05000305175781,4408.89990234375,6.4695000648498535,172.3699951171875,42.38999938964844,7656.97998046875,4.63,4.78,4.96,0.33,2.36
2026-09-14,101.38999938964844,4351.89990234375,6.329999923706055,169.92999267578125,41.81999969482422,7619.97998046875,4.65,4.8,4.97,0.32,2.37
2026-09-15,105.83000183105469,4332.7998046875,6.368500232696533,168.85000610351562,41.31999969482422,7585.72998046875,4.67,4.83,5.0,0.33,2.38
2026-09-16,102.43000030517578,4387.5,6.43149995803833,168.7100067138672,41.31999969482422,7551.81005859375,4.74,4.86,5.01,0.27,2.33
2026-09-17,101.91000366210938,4399.7001953125,6.58650016784668,169.00999450683594,41.689998626708984,7637.759765625,4.67,4.78,4.94,0.27,2.33
2026-09-18,100.30000305175781,4424.89990234375,6.614999771118164,169.75,41.099998474121094,7650.5,4.67,4.78,4.94,0.25,2.33
